Workbook
Name 抽奖道具: 基础计算设置!$B$1
Name 档位积分1: 基础计算设置!$B$6
Name 档位积分2: 基础计算设置!$B$7
Name 档位积分3: 基础计算设置!$B$8
Name 档位积分4: 基础计算设置!$B$9
Name 档位积分5: 基础计算设置!$B$10
Name 档位奖励1: 基础计算设置!$C$6
Name 档位奖励2: 基础计算设置!$C$7
Name 档位奖励3: 基础计算设置!$C$8
Name 档位奖励4: 基础计算设置!$C$9
Name 档位奖励5: 基础计算设置!$C$10
Name 第1档: 基础计算设置!$A$6
Name 第5档: 基础计算设置!$A$10
Name 翡翠100: 基础计算设置!$B$29
Name 翡翠10000: 基础计算设置!$B$36
Name 高级兑换道具: 基础计算设置!$B$3
Name 高级兑换道具抽奖期望: 基础计算设置!$I$18
Name 积分规则1: 基础计算设置!$B$13
Name 积分规则2: 基础计算设置!$B$14
Name 积分规则3: 基础计算设置!$I$19
Name 价格6: 基础计算设置!$A$29
Name 价格648: 基础计算设置!$A$36
Name 普通兑换道具: 基础计算设置!$B$2
Name 普通兑换道具抽奖期望: 基础计算设置!$I$17
Name 随机箱高级道具期望: 基础计算设置!$C$26
Name 随机箱积分: 基础计算设置!$D$26
Name 钻石购买: 基础计算设置!$B$18
Name 钻石限购: 基础计算设置!$B$19

Sheet 氪金转盘
A1: 礼包项目 | B1: 金额（元） | C1: 翡翠 | D1: 钻石（个） | E1: 魔法币（枚） | F1: 性价比(门票/翡翠) | H1: 可以先从上到下，买到魔法币礼包Ⅱ两次。发现自己提前出限量奖励可以这样买，总共290抽
A2: 魔术基金免费奖励（免费基金） | B2: 0 | C2: 0 | D2: 0 | E2: 20
A3: 免费魔法币礼包（广告） | B3: 0 | C3: 0 | D3: 0 | E3: 20
A4: 魔法咒语礼包（宝石） | B4: 0 | C4: 0 | D4: 10000 | E4: 20
A5: 魔术基金氪金奖励（氪金基金） | B5: 68 | C5: 1000 | D5: 0 | E5: 80 | F5: =E5/C5 -> 0.08
A6: 魔法庆典转盘顶部特惠礼包1 | B6: 30 | C6: 500 | D6: 0 | E6: 10 | F6: =E6/C6 -> 0.02
A7: 魔法币礼包Ⅰ（买2次） | B7: 60 | C7: 1000 | D7: 0 | E7: 20 | F7: =E7/C7 -> 0.02
A8: 魔法庆典转盘顶部特惠礼包2 | B8: =68 -> 68 | C8: 1000 | D8: 0 | E8: 20 | F8: =E8/C8 -> 0.02
A9: 魔法币礼包Ⅱ（买2次） | B9: =68*2 -> 136 | C9: 2000 | D9: 0 | E9: 40 | F9: =E9/C9 -> 0.02
A10: 魔法庆典转盘顶部特惠礼包3 | B10: =128 -> 128 | C10: 2000 | D10: 0 | E10: 30 | F10: =E10/C10 -> 0.015
A11: 魔法币礼包Ⅲ（只买1次） | B11: 128 | C11: 2000 | D11: 0 | E11: 30 | F11: =E11/C11 -> 0.015
A13: 合计 | B13: =SUM(B2:B12)&"元" -> 618元 | C13: =SUM(C2:C11)&"翡翠" -> 9500翡翠 | D13: =SUM(D2:D11)&"钻石" -> 10000钻石 | E13: =SUM(E2:E11)&"枚" -> 290枚
A16: 礼包项目 | B16: 金额（元） | C16: 翡翠 | D16: 钻石（个） | E16: 魔法币（枚） | F16: 性价比(门票/翡翠) | H16: 硬吃300抽保底的买法
A17: 魔术基金免费奖励（免费基金） | B17: 0 | C17: 0 | D17: 0 | E17: 20
A18: 免费魔法币礼包（广告） | B18: 0 | C18: 0 | D18: 0 | E18: 20
A19: 魔法咒语礼包（宝石） | B19: 0 | C19: 0 | D19: 10000 | E19: 20
A20: 魔术基金氪金奖励（氪金基金） | B20: 68 | C20: 1000 | D20: 0 | E20: 80 | F20: =E20/C20 -> 0.08
A21: 魔法庆典转盘顶部特惠礼包1 | B21: 30 | C21: 500 | D21: 0 | E21: 10 | F21: =E21/C21 -> 0.02
A22: 魔法币礼包Ⅰ（买2次） | B22: 60 | C22: 1000 | D22: 0 | E22: 20 | F22: =E22/C22 -> 0.02
A23: 魔法庆典转盘顶部特惠礼包2 | B23: =68 -> 68 | C23: 1000 | D23: 0 | E23: 20 | F23: =E23/C23 -> 0.02
A24: 魔法币礼包Ⅱ（买2次） | B24: =68*2 -> 136 | C24: 2000 | D24: 0 | E24: 40 | F24: =E24/C24 -> 0.02
A25: 魔法币礼包Ⅳ（只买1次） | B25: 328 | C25: 5000 | D25: 0 | E25: 70 | F25: =E25/C25 -> 0.014
A28: 合计 | B28: =SUM(B17:B27)&"元" -> 690元 | C28: =SUM(C17:C26)&"翡翠" -> 10500翡翠 | D28: =SUM(D17:D26)&"钻石" -> 10000钻石 | E28: =SUM(E17:E26)&"枚" -> 300枚

Sheet 兑换列表
B1: 高级兑换 | G1: 普通兑换
B2: 消耗内容 | C2: 获得内容 | D2: 限购次数 | E2: 限制条件 | G2: 消耗内容 | H2: 获得内容 | I2: 限购次数 | J2: 限制条件
B3: 大师魔法帽×1100 | C3: 超越万能坐骑核心碎片×30 | D3: 5 | G3: 见习魔法帽×5000 | H3: 至尊自选箱×1 | I3: 1
B4: 大师魔法帽×1100 | C4: 神话万能秘宝碎片×50 | D4: 5 | G4: 见习魔法帽×3000 | H4: 觉醒核心自选箱×1 | I4: 2
B5: 大师魔法帽×800 | C5: 觉醒核心自选箱×1 | D5: 5 | G5: 见习魔法帽×2000 | H5: 限定烙印自选箱×1 | I5: 5
B6: 大师魔法帽×100 | C6: 神兵魔方×5 | D6: 6 | G6: 见习魔法帽×1800 | H6: 史诗坐骑核心自选箱×1 | I6: 5
B7: 大师魔法帽×15 | C7: 高级炼金试剂×5 | D7: 20 | G7: 见习魔法帽×1300 | H7: 随机英杰箱×1 | I7: 5
B8: 大师魔法帽×150 | C8: 橙秘宝自选箱×1 | D8: 1 | G8: 见习魔法帽×1200 | H8: 稀有坐骑核心自选箱×1 | I8: 5
B9: 大师魔法帽×20 | C9: 随机传说宝石箱×1 | D9: 5 | G9: 见习魔法帽×900 | H9: 优秀坐骑核心自选箱×1 | I9: 5
B10: 大师魔法帽×500 | C10: 星愿魔晶×1 | D10: 5 | G10: 见习魔法帽×900 | H10: 史诗传承自选箱×1 | I10: 1
B11: 大师魔法帽×270 | C11: S武器自选箱×1 | D11: 1 | G11: 见习魔法帽×160 | H11: 大师魔法帽×10 | I11: 3
B12: 大师魔法帽×270 | C12: S装备自选箱×1 | D12: 1 | G12: 见习魔法帽×700 | H12: 幸运银币×3 | I12: 4
B13: 大师魔法帽×250 | C13: S史诗传承自选箱×1 | D13: 1 | G13: 见习魔法帽×480 | H13: 传承书自选箱×1 | I13: 10
B14: 大师魔法帽×150 | C14: 连携祝福卷轴×1 | D14: 1 | G14: 见习魔法帽×400 | H14: 天外陨铁×100 | I14: 30
... B16: 大师魔法帽×4 | C16: 天外陨铁×10 | D16: 4294967295 | G16: 见习魔法帽×360 | H16: 装备图纸×20 | I16: 20
G17: 见习魔法帽×240 | H17: 宠物蛋×100 | I17: 20
G18: 见习魔法帽×120 | H18: 卡皮筹码×5 | I18: 4 | J18: 主线第150章生存1天；开服179天
G19: 见习魔法帽×120 | H19: 祈愿函×5 | I19: 10
G20: 见习魔法帽×120 | H20: 传说钥匙×5 | I20: 10
G21: 见习魔法帽×120 | H21: 宝石钥匙×5 | I21: 6
G22: 见习魔法帽×120 | H22: 秘宝钥匙×5 | I22: 6
G23: 见习魔法帽×100 | H23: 精力×10 | I23: 10 | J23: 主线第150章生存1天；开服179天
G24: 见习魔法帽×90 | H24: 不变石×1 | I24: 10
G25: 见习魔法帽×90 | H25: 天外陨铁×10 | I25: 4294967295
G26: 见习魔法帽×60 | H26: 英杰契约×1 | I26: 15
G27: 见习魔法帽×50 | H27: 金蹄铁×50 | I27: 200
G28: 见习魔法帽×50 | H28: 神威锤×50 | I28: 200

Sheet 基础计算设置
A1: 抽奖道具 | B1: 奇幻扭蛋币 | F1: 普通模式抽奖概率（抽1次获得5点幸运值） | K1: 幸运模式抽奖概率(20幸运值抽1次)
A2: 普通兑换道具 | B2: 见习魔法帽 | G2: 数量 | H2: 概率 | I2: 期望值 | L2: 数量 | M2: 概率 | N2: 期望值
A3: 高级兑换道具 | B3: 大师魔法帽 | F3: 魔术好礼 | G3: 1 | H3: 0.025 | I3: =G3*H3 -> 0.025 | K3: =高级兑换道具 -> 大师魔法帽 | L3: 15 | M3: 0.025 | N3: =L3*M3 -> 0.375
F4: =高级兑换道具 -> 大师魔法帽 | G4: 4 | H4: 0.05 | I4: =G4*H4 -> 0.2 | K4: =高级兑换道具 -> 大师魔法帽 | L4: 8 | M4: 0.1 | N4: =L4*M4 -> 0.8
A5: 档位 | B5: 累积积分 | C5: 累积随机箱 | F5: =抽奖道具 -> 奇幻扭蛋币 | G5: 1 | H5: 0.25 | I5: =G5*H5 -> 0.25 | K5: =高级兑换道具 -> 大师魔法帽 | L5: 5 | M5: 0.1 | N5: =L5*M5 -> 0.5
A6: 第1档 | B6: 800 | C6: 0 | F6: =普通兑换道具 -> 见习魔法帽 | G6: 50 | H6: 0.1 | I6: =G6*H6 -> 5 | K6: =普通兑换道具 -> 见习魔法帽 | L6: 50 | M6: 0.4 | N6: =L6*M6 -> 20
A7: 第2档 | B7: 3000 | C7: 2 | F7: =普通兑换道具 -> 见习魔法帽 | G7: 30 | H7: 0.2 | I7: =G7*H7 -> 6 | K7: 魔术好礼 | L7: 1 | M7: 0.05 | N7: =L7*M7 -> 0.05
A8: 第3档 | B8: 4200 | C8: =档位奖励2+7 -> 9 | F8: =普通兑换道具 -> 见习魔法帽 | G8: 20 | H8: 0.25 | I8: =G8*H8 -> 5 | K8: 宝石 | L8: 66 | M8: 0.3 | N8: =L8*M8 -> 19.8
A9: 第4档 | B9: 8300 | C9: =档位奖励3+36 -> 45 | F9: 宝石 | G9: 36 | H9: 0.125 | I9: =G9*H9 -> 4.5 | K9: 星愿魔晶(碎片) | L9: 20 | M9: 0.025 | N9: =L9*M9 -> 0.5
A10: 第5档 | B10: 10400 | C10: =档位奖励4+45 -> 90
A12: 积分规则 | F12: 抽奖期望统计（各项目/1抽奖币）
A13: ="获得 1 " & 抽奖道具 -> 获得 1 奇幻扭蛋币 | B13: 25 | C13: 积分 | F13: 项目 | G13: 公式 | I13: 结果
A14: ="1 " & 高级兑换道具 -> 1 大师魔法帽 | B14: 1 | C14: 积分 | F14: 幸运值 | G14: (5+0.025*15)/(1-0.25） | I14: =(5+0.025*15)/(1-0.25) -> 7.1666667
F15: 幸运模式抽奖次数 | G15: 7.16667/(20-0.05*15) | I15: =I14/(20-0.05*15) -> 0.37229437
F16: 魔术好礼 | G16: 0.025/(1-0.25)+0.05*0.372 | I16: =0.025/0.75+0.05*I15 -> 0.051948052
A17: 钻石购买 | F17: =普通兑换道具 -> 见习魔法帽 | G17: (5+6+5)/0.75+20*0.372 | I17: =(5+6+5)/0.75+20*I15 -> 28.779221
A18: ="1"& 抽奖道具 -> 1奇幻扭蛋币 | B18: 200 | C18: 钻石 | F18: =高级兑换道具 -> 大师魔法帽 | G18: 0.2/0.75+(0.375+0.8+0.5)*0.372 | I18: =0.2/0.75+(0.375+0.8+0.5)*I15 -> 0.89025974
A19: 限购= | B19: 70 | C19: 个/天 | F19: 抽奖积分 | G19: 0.25*25/0.75+0.890*1 | I19: =0.25*25/0.75+高级兑换道具抽奖期望*1 -> 9.2235931
A21: 随机箱
A22: 数量 | B22: 概率 | C22: 平均(个) | D22: 积分（分）
A23: 10 | B23: 0.95 | C23: =B23*A23 -> 9.5 | D23: =C23*积分规则2 -> 9.5
A24: 15 | B24: 0.049 | C24: =B24*A24 -> 0.735 | D24: =C24*积分规则2 -> 0.735
A25: 20 | B25: 0.001 | C25: =B25*A25 -> 0.02 | D25: =C25*积分规则2 -> 0.02
B26: 合计 | C26: =SUM(C23:C25) -> 10.255 | D26: =C26*积分规则2 -> 10.255
A28: 价格（RMB） | B28: 翡翠
A29: 6 | B29: 100
A30: 30 | B30: 500
A31: 68 | B31: 1000
A32: 98 | B32: 1500
A33: 128 | B33: 2000
A34: 198 | B34: 3000
A35: 328 | B35: 5000
A36: 648 | B36: 10000

Sheet 魔法庆典9.8w
C2: 第1天 | E2: 第2天 | G2: 第3天 | I2: 第4天 | K2: 第5天 | M2: 第6天 | O2: 第7天
C3: =抽奖道具 -> 奇幻扭蛋币 | D3: 积分 | E3: =抽奖道具 -> 奇幻扭蛋币 | F3: 积分 | G3: =抽奖道具 -> 奇幻扭蛋币 | H3: 积分 | I3: =抽奖道具 -> 奇幻扭蛋币 | J3: 积分 | K3: =抽奖道具 -> 奇幻扭蛋币 | L3: 积分 | M3: =抽奖道具 -> 奇幻扭蛋币 | N3: 积分 | O3: =抽奖道具 -> 奇幻扭蛋币 | P3: 积分
B4: 首次登录 | C4: 3 | D4: =C4*积分规则1 -> 75 | F4: =E4*积分规则1 -> 0 | H4: =G4*积分规则1 -> 0 | J4: =I4*积分规则1 -> 0 | L4: =K4*积分规则1 -> 0 | N4: =M4*积分规则1 -> 0 | P4: =O4*积分规则1 -> 0
B5: 每日任务 | C5: 26 | D5: =C5*积分规则1 -> 650 | E5: 26 | F5: =E5*积分规则1 -> 650 | G5: 26 | H5: =G5*积分规则1 -> 650 | I5: 26 | J5: =I5*积分规则1 -> 650 | K5: 26 | L5: =K5*积分规则1 -> 650 | M5: 26 | N5: =M5*积分规则1 -> 650 | O5: 26 | P5: =O5*积分规则1 -> 650
B6: 钻石购买 | C6: 70 | D6: =C6*积分规则1 -> 1750 | E6: 70 | F6: =E6*积分规则1 -> 1750 | G6: 70 | H6: =G6*积分规则1 -> 1750 | I6: 70 | J6: =I6*积分规则1 -> 1750 | K6: 70 | L6: =K6*积分规则1 -> 1750 | M6: 70 | N6: =M6*积分规则1 -> 1750 | O6: 70 | P6: =O6*积分规则1 -> 1750
B7: 免费基金 | D7: =C7*积分规则1 -> 0 | F7: =E7*积分规则1 -> 0 | H7: =G7*积分规则1 -> 0 | J7: =I7*积分规则1 -> 0 | K7: 0 | L7: =K7*积分规则1 -> 0 | M7: 0 | N7: =M7*积分规则1 -> 0 | O7: 0 | P7: =O7*积分规则1 -> 0
B8: 活动签到 | D8: =C8*积分规则1 -> 0 | F8: =E8*积分规则1 -> 0 | H8: =G8*积分规则1 -> 0 | J8: =I8*积分规则1 -> 0 | L8: =K8*积分规则1 -> 0 | N8: =M8*积分规则1 -> 0 | P8: =O8*积分规则1 -> 0
B9: 广告观看 | C9: 0 | D9: =C9*积分规则1 -> 0 | E9: 0 | F9: =E9*积分规则1 -> 0 | G9: 0 | H9: =G9*积分规则1 -> 0 | I9: 0 | J9: =I9*积分规则1 -> 0 | K9: 0 | L9: =K9*积分规则1 -> 0 | M9: 0 | N9: =M9*积分规则1 -> 0 | O9: 0 | P9: =O9*积分规则1 -> 0
B10: 商店兑换 | C10: 0 | D10: =C10*积分规则1 -> 0 | E10: 0 | F10: =E10*积分规则1 -> 0 | G10: 0 | H10: =G10*积分规则1 -> 0 | I10: 0 | J10: =I10*积分规则1 -> 0 | K10: 0 | L10: =K10*积分规则1 -> 0 | M10: 0 | N10: =M10*积分规则1 -> 0 | O10: 0 | P10: =O10*积分规则1 -> 0
B11: 氪金礼包 | D11: =C11*积分规则1 -> 0 | F11: =E11*积分规则1 -> 0 | H11: =G11*积分规则1 -> 0 | J11: =I11*积分规则1 -> 0 | L11: =K11*积分规则1 -> 0 | N11: =M11*积分规则1 -> 0 | P11: =O11*积分规则1 -> 0
B12: 氪金基金 | D12: =C12*积分规则1 -> 0 | F12: =E12*积分规则1 -> 0 | H12: =G12*积分规则1 -> 0 | J12: =I12*积分规则1 -> 0 | L12: =K12*积分规则1 -> 0 | N12: =M12*积分规则1 -> 0 | P12: =O12*积分规则1 -> 0
B13: ="使用"&抽奖道具 -> 使用奇幻扭蛋币 | C13: 0 | D13: =C13*积分规则3 -> 0 | E13: 0 | F13: =E13*积分规则3 -> 0 | G13: 0 | H13: =G13*积分规则3 -> 0 | I13: 0 | J13: =I13*积分规则3 -> 0 | K13: 0 | L13: =K13*积分规则3 -> 0 | M13: 0 | N13: =M13*积分规则3 -> 0 | O13: 675 | P13: =O13*积分规则3 -> 6225.9253
B14: ="剩余"&抽奖道具 -> 剩余奇幻扭蛋币 | C14: =C22-C13 -> 99 | E14: =C14+SUM(E4:E12)-E13 -> 195 | G14: =E14+SUM(G4:G12)-G13 -> 291 | I14: =G14+SUM(I4:I12)-I13 -> 387 | K14: =I14+SUM(K4:K12)-K13 -> 483 | M14: =K14+SUM(M4:M12)-M13 -> 579 | O14: =M14+SUM(O4:O12)-O13 -> 0
B15: 使用随机箱 | C15: 0 | D15: =C15*随机箱积分 -> 0 | E15: 0 | F15: =E15*随机箱积分 -> 0 | G15: 0 | H15: =G15*随机箱积分 -> 0 | I15: 0 | J15: =I15*随机箱积分 -> 0 | K15: 0 | L15: =K15*随机箱积分 -> 0 | M15: 0 | N15: =M15*随机箱积分 -> 0 | O15: 45 | P15: =O15*随机箱积分 -> 461.475
B16: 剩余随机箱 | C16: =C23-SUM(C15) -> 0 | E16: =E23-SUM(C15,E15) -> 0 | G16: =G23-SUM(C15,E15,G15) -> 0 | I16: =I23-SUM(C15,E15,G15,I15) -> 0 | K16: =K23-SUM(C15,E15,G15,I15,K15) -> 0 | M16: =M23-SUM(C15,E15,G15,I15,K15,M15) -> 0 | O16: =O23-SUM(C15,E15,G15,I15,K15,M15,O15) -> 0
B17: ="商店换"&高级兑换道具 -> 商店换大师魔法帽 | C17: 0 | D17: =C17*积分规则2 -> 0 | E17: 0 | F17: =E17*积分规则2 -> 0 | G17: 0 | H17: =G17*积分规则2 -> 0 | I17: 0 | J17: =I17*积分规则2 -> 0 | K17: 0 | L17: =K17*积分规则2 -> 0 | M17: 0 | N17: =M17*积分规则2 -> 0 | O17: 30 | P17: =O17*积分规则2 -> 30
B18: ？
B19: ？
B20: 目标档位 | C20: =IFERROR(LOOKUP(D20,档位积分1:档位积分5,第1档:第5档),"无奖励") -> 第1档 | D20: =SUM(D4:D13)+D15+SUM(D17:D19) -> 2475 | E20: =IFERROR(LOOKUP(F20,档位积分1:档位积分5,第1档:第5档),"无奖励") -> 第1档 | F20: =SUM(F4:F13)+F15+SUM(F17:F19) -> 2400 | G20: =IFERROR(LOOKUP(H20,档位积分1:档位积分5,第1档:第5档),"无奖励") -> 第1档 | H20: =SUM(H4:H13)+H15+SUM(H17:H19) -> 2400 | I20: =IFERROR(LOOKUP(J20,档位积分1:档位积分5,第1档:第5档),"无奖励") -> 第1档 | J20: =SUM(J4:J13)+J15+SUM(J17:J19) -> 2400 | K20: =IFERROR(LOOKUP(L20,档位积分1:档位积分5,第1档:第5档),"无奖励") -> 第1档 | L20: =SUM(L4:L13)+L15+SUM(L17:L19) -> 2400 | M20: =IFERROR(LOOKUP(N20,档位积分1:档位积分5,第1档:第5档),"无奖励") -> 第1档 | N20: =SUM(N4:N13)+N15+SUM(N17:N19) -> 2400 | O20: =IFERROR(LOOKUP(P20,档位积分1:档位积分5,第1档:第5档),"无奖励") -> 第4档 | P20: =SUM(P4:P13)+P15+SUM(P17:P19) -> 9117.4003
B21: 下一档位 | C21: =IF(D20>=MAX(档位积分1:档位积分5), "已是最高档", IF(D20<MIN(档位积分1:档位积分5), INDEX(第1档:第5档, 1), INDEX(第1档:第5档, MATCH(D20, 档位积分1:档位积分5, 1)+1))) -> 第2档 | D21: =IF(D20>=MAX(档位积分1:档位积分5), "", IF(D20<MIN(档位积分1:档位积分5), MIN(档位积分1:档位积分5), INDEX(档位积分1:档位积分5, MATCH(D20, 档位积分1:档位积分5, 1)+1))) -> 3000 | E21: =IF(F20>=MAX(档位积分1:档位积分5), "已是最高档", IF(F20<MIN(档位积分1:档位积分5), INDEX(第1档:第5档, 1), INDEX(第1档:第5档, MATCH(F20, 档位积分1:档位积分5, 1)+1))) -> 第2档 | F21: =IF(F20>=MAX(档位积分1:档位积分5), "", IF(F20<MIN(档位积分1:档位积分5), MIN(档位积分1:档位积分5), INDEX(档位积分1:档位积分5, MATCH(F20, 档位积分1:档位积分5, 1)+1))) -> 3000 | G21: =IF(H20>=MAX(档位积分1:档位积分5), "已是最高档", IF(H20<MIN(档位积分1:档位积分5), INDEX(第1档:第5档, 1), INDEX(第1档:第5档, MATCH(H20, 档位积分1:档位积分5, 1)+1))) -> 第2档 | H21: =IF(H20>=MAX(档位积分1:档位积分5), "", IF(H20<MIN(档位积分1:档位积分5), MIN(档位积分1:档位积分5), INDEX(档位积分1:档位积分5, MATCH(H20, 档位积分1:档位积分5, 1)+1))) -> 3000 | I21: =IF(J20>=MAX(档位积分1:档位积分5), "已是最高档", IF(J20<MIN(档位积分1:档位积分5), INDEX(第1档:第5档, 1), INDEX(第1档:第5档, MATCH(J20, 档位积分1:档位积分5, 1)+1))) -> 第2档 | J21: =IF(J20>=MAX(档位积分1:档位积分5), "", IF(J20<MIN(档位积分1:档位积分5), MIN(档位积分1:档位积分5), INDEX(档位积分1:档位积分5, MATCH(J20, 档位积分1:档位积分5, 1)+1))) -> 3000 | K21: =IF(L20>=MAX(档位积分1:档位积分5), "已是最高档", IF(L20<MIN(档位积分1:档位积分5), INDEX(第1档:第5档, 1), INDEX(第1档:第5档, MATCH(L20, 档位积分1:档位积分5, 1)+1))) -> 第2档 | L21: =IF(L20>=MAX(档位积分1:档位积分5), "", IF(L20<MIN(档位积分1:档位积分5), MIN(档位积分1:档位积分5), INDEX(档位积分1:档位积分5, MATCH(L20, 档位积分1:档位积分5, 1)+1))) -> 3000 | M21: =IF(N20>=MAX(档位积分1:档位积分5), "已是最高档", IF(N20<MIN(档位积分1:档位积分5), INDEX(第1档:第5档, 1), INDEX(第1档:第5档, MATCH(N20, 档位积分1:档位积分5, 1)+1))) -> 第2档 | N21: =IF(N20>=MAX(档位积分1:档位积分5), "", IF(N20<MIN(档位积分1:档位积分5), MIN(档位积分1:档位积分5), INDEX(档位积分1:档位积分5, MATCH(N20, 档位积分1:档位积分5, 1)+1))) -> 3000 | O21: =IF(P20>=MAX(档位积分1:档位积分5), "已是最高档", IF(P20<MIN(档位积分1:档位积分5), INDEX(第1档:第5档, 1), INDEX(第1档:第5档, MATCH(P20, 档位积分1:档位积分5, 1)+1))) -> 第5档 | P21: =IF(P20>=MAX(档位积分1:档位积分5), "", IF(P20<MIN(档位积分1:档位积分5), MIN(档位积分1:档位积分5), INDEX(档位积分1:档位积分5, MATCH(P20, 档位积分1:档位积分5, 1)+1))) -> 10400
B22: ="总"&抽奖道具 -> 总奇幻扭蛋币 | C22: =SUM(C4:C12) -> 99 | D22: =C22*积分规则3 -> 913.13571 | E22: =C22+SUM(E4:E12) -> 195 | F22: 0 | G22: =E22+SUM(G4:G12) -> 291 | H22: 0 | I22: =G22+SUM(I4:I12) -> 387 | J22: 0 | K22: =I22+SUM(K4:K12) -> 483 | L22: 0 | M22: =K22+SUM(M4:M12) -> 579 | N22: 0 | O22: =M22+SUM(O4:O12) -> 675 | P22: 0
B23: 总随机箱 | C23: =IFERROR(LOOKUP(D20,档位积分1:档位积分5,档位奖励1:档位奖励5),0) -> 0 | D23: =C23*随机箱积分 -> 0 | E23: =IFERROR(LOOKUP(F20,档位积分1:档位积分5,档位奖励1:档位奖励5),0)+C23 -> 0 | F23: =E23*随机箱积分 -> 0 | G23: =IFERROR(LOOKUP(H20,档位积分1:档位积分5,档位奖励1:档位奖励5),0)+E23 -> 0 | H23: =G23*随机箱积分 -> 0 | I23: =IFERROR(LOOKUP(J20,档位积分1:档位积分5,档位奖励1:档位奖励5),0)+G23 -> 0 | J23: =I23*随机箱积分 -> 0 | K23: =IFERROR(LOOKUP(L20,档位积分1:档位积分5,档位奖励1:档位奖励5),0)+I23 -> 0 | L23: =K23*随机箱积分 -> 0 | M23: =IFERROR(LOOKUP(N20,档位积分1:档位积分5,档位奖励1:档位奖励5),0)+K23 -> 0 | N23: =M23*随机箱积分 -> 0 | O23: =IFERROR(LOOKUP(P20,档位积分1:档位积分5,档位奖励1:档位奖励5),0)+M23 -> 45 | P23: =O23*随机箱积分 -> 461.475
B24: =普通兑换道具 -> 见习魔法帽 | C24: =C13*普通兑换道具抽奖期望 -> 0 | E24: =E13*普通兑换道具抽奖期望+C24 -> 0 | G24: =G13*普通兑换道具抽奖期望+E24 -> 0 | I24: =I13*普通兑换道具抽奖期望+G24 -> 0 | K24: =K13*普通兑换道具抽奖期望+I24 -> 0 | M24: =M13*普通兑换道具抽奖期望+K24 -> 0 | O24: =O13*普通兑换道具抽奖期望+M24-O17*16 -> 18945.974
B25: =高级兑换道具 -> 大师魔法帽 | C25: =C13*高级兑换道具抽奖期望+C15*随机箱高级道具期望 -> 0 | E25: =E13*高级兑换道具抽奖期望+E15*随机箱高级道具期望+C25 -> 0 | G25: =G13*高级兑换道具抽奖期望+G15*随机箱高级道具期望+E25 -> 0 | I25: =I13*高级兑换道具抽奖期望+I15*随机箱高级道具期望+G25 -> 0 | K25: =K13*高级兑换道具抽奖期望+K15*随机箱高级道具期望+I25 -> 0 | M25: =M13*高级兑换道具抽奖期望+M15*随机箱高级道具期望+K25 -> 0 | O25: =O13*高级兑换道具抽奖期望+O15*随机箱高级道具期望+M25+O17 -> 1092.4003
B26: 氪金RMB | C26: 0 | D26: 0 | E26: 0 | F26: 0 | G26: 0 | H26: 0 | I26: 0 | J26: 0 | K26: 0 | L26: 0 | M26: 0 | N26: 0 | O26: 0 | P26: 0
C27: 0 | D27: 0 | E27: 0 | F27: 0 | G27: 0 | H27: 0 | I27: 0 | J27: 0 | K27: 0 | L27: 0 | M27: 0 | N27: 0 | O27: 0 | P27: 0
B29: 氪金翡翠 | C29: =IFERROR(LOOKUP(C26,价格6:价格648,翡翠100:翡翠10000),0) -> 0 | D29: =IFERROR(LOOKUP(D26,价格6:价格648,翡翠100:翡翠10000),0) -> 0 | E29: =IFERROR(LOOKUP(E26,价格6:价格648,翡翠100:翡翠10000),0) -> 0 | F29: =IFERROR(LOOKUP(F26,价格6:价格648,翡翠100:翡翠10000),0) -> 0 | G29: =IFERROR(LOOKUP(G26,价格6:价格648,翡翠100:翡翠10000),0) -> 0 | H29: =IFERROR(LOOKUP(H26,价格6:价格648,翡翠100:翡翠10000),0) -> 0 | I29: =IFERROR(LOOKUP(I26,价格6:价格648,翡翠100:翡翠10000),0) -> 0 | J29: =IFERROR(LOOKUP(J26,价格6:价格648,翡翠100:翡翠10000),0) -> 0 | ... P29: =IFERROR(LOOKUP(P26,价格6:价格648,翡翠100:翡翠10000),0) -> 0
C30: =IFERROR(LOOKUP(C27,价格6:价格648,翡翠100:翡翠10000),0) -> 0 | D30: =IFERROR(LOOKUP(D27,价格6:价格648,翡翠100:翡翠10000),0) -> 0 | E30: =IFERROR(LOOKUP(E27,价格6:价格648,翡翠100:翡翠10000),0) -> 0 | F30: =IFERROR(LOOKUP(F27,价格6:价格648,翡翠100:翡翠10000),0) -> 0 | G30: =IFERROR(LOOKUP(G27,价格6:价格648,翡翠100:翡翠10000),0) -> 0 | H30: =IFERROR(LOOKUP(H27,价格6:价格648,翡翠100:翡翠10000),0) -> 0 | I30: =IFERROR(LOOKUP(I27,价格6:价格648,翡翠100:翡翠10000),0) -> 0 | J30: =IFERROR(LOOKUP(J27,价格6:价格648,翡翠100:翡翠10000),0) -> 0 | ... O30: =IFERROR(LOOKUP(O27,价格6:价格648,翡翠100:翡翠10000),0) -> 0 | P30: 0
B32: 总体策略 | C32: =SUM(C6,E6,G6,I6,K6,M6,O6)*钻石购买 &"钻石" -> 98000钻石 | I32: =SUM(C26:P28) &"元" -> 0元 | M32: =SUM(C29:P31) & "翡翠" -> 0翡翠
C33: ="最终收益："&ROUNDDOWN(O25,0)&B25&"+"&ROUNDDOWN(O24,0)&B24 -> 最终收益：1092大师魔法帽+18945见习魔法帽

Sheet 魔法庆典9.8w钻攻略图
B2: 魔法庆典｜9.8万钻攻略
B3: 预算 | D3: ="期望"&普通兑换道具 -> 期望见习魔法帽 | G3: ="期望"&高级兑换道具 -> 期望大师魔法帽
B5: 98000 | D5: =魔法庆典9.8w!O24 -> 18945.974 | G5: =魔法庆典9.8w!O25 -> 1092.4003
B6: 可兑换： 超越万能坐骑核心碎片×30 或 神话万能秘宝碎片×50 + 至尊自选箱×1 +觉醒核心自选箱×2
B8: 天数 | C8: 今天只做这些 | D8: =魔法庆典9.8w!B20 -> 目标档位 | E8: =魔法庆典9.8w!B13 -> 使用奇幻扭蛋币 | F8: =魔法庆典9.8w!B14 -> 剩余奇幻扭蛋币 | G8: =魔法庆典9.8w!B16 -> 剩余随机箱 | H8: ="期望"&普通兑换道具 -> 期望见习魔法帽 | I8: ="期望"&高级兑换道具 -> 期望大师魔法帽
B9: Day1 | C9: ① 登录3币+任务26币 ② 钻石购买70币 ③ 攒币不用 | D9: =魔法庆典9.8w!C20 -> 第1档 | E9: =魔法庆典9.8w!C13 -> 0 | F9: =魔法庆典9.8w!C14 -> 99 | G9: =魔法庆典9.8w!C16 -> 0 | H9: =魔法庆典9.8w!C24 -> 0 | I9: =魔法庆典9.8w!C25 -> 0
B10: Day2 | C10: ① 任务26币+钻石购买70币 ② 攒币不用 | D10: =魔法庆典9.8w!E20 -> 第1档 | E10: =魔法庆典9.8w!E13 -> 0 | F10: =魔法庆典9.8w!E14 -> 195 | G10: =魔法庆典9.8w!E16 -> 0 | H10: =魔法庆典9.8w!E24 -> 0 | I10: =魔法庆典9.8w!E25 -> 0
B11: Day3 | C11: ① 任务26币+钻石购买70币 ② 攒币不用 | D11: =魔法庆典9.8w!G20 -> 第1档 | E11: =魔法庆典9.8w!G13 -> 0 | F11: =魔法庆典9.8w!G14 -> 291 | G11: =魔法庆典9.8w!G16 -> 0 | H11: =魔法庆典9.8w!G24 -> 0 | I11: =魔法庆典9.8w!G25 -> 0
B12: Day4 | C12: ① 任务26币+钻石购买70币 ② 攒币不用 | D12: =魔法庆典9.8w!I20 -> 第1档 | E12: =魔法庆典9.8w!I13 -> 0 | F12: =魔法庆典9.8w!I14 -> 387 | G12: =魔法庆典9.8w!I16 -> 0 | H12: =魔法庆典9.8w!I24 -> 0 | I12: =魔法庆典9.8w!I25 -> 0
B13: Day5 | C13: ① 任务26币+钻石购买70币 ② 攒币不用 | D13: =魔法庆典9.8w!K20 -> 第1档 | E13: =魔法庆典9.8w!K13 -> 0 | F13: =魔法庆典9.8w!K14 -> 483 | G13: =魔法庆典9.8w!K16 -> 0 | H13: =魔法庆典9.8w!K24 -> 0 | I13: =魔法庆典9.8w!K25 -> 0
B14: Day6 | C14: ① 任务26币+钻石购买70币 ② 攒币不用 | D14: =魔法庆典9.8w!M20 -> 第1档 | E14: =魔法庆典9.8w!M13 -> 0 | F14: =魔法庆典9.8w!M14 -> 579 | G14: =魔法庆典9.8w!M16 -> 0 | H14: =魔法庆典9.8w!M24 -> 0 | I14: =魔法庆典9.8w!M25 -> 0
A15: 收尾日 | B15: Day7 | C15: ① 任务26币+钻石购买70币 ② 用掉675币可拿第4档奖励 ③ 开掉45个随机箱 ④ 商店兑换30大师魔法帽 ⑤ 赠送全部魔术好礼 | D15: =魔法庆典9.8w!O20 -> 第4档 | E15: =魔法庆典9.8w!O13 -> 675 | F15: =魔法庆典9.8w!O14 -> 0 | G15: =魔法庆典9.8w!O16 -> 0 | H15: =魔法庆典9.8w!O24 -> 18945.974 | I15: =魔法庆典9.8w!O25 -> 1092.4003
B17: 风险提示
B18: 每枚扭蛋币理论期望为：28.78见习魔法帽；0.89大师魔法帽；0.052魔术好礼；9.22档位积分 大师魔法帽的最终期望只有1092个，并不一定能兑换到1100的超越万能坐骑核心
B19: .

Sheet 魔法庆典4w
C2: 第1天 | E2: 第2天 | G2: 第3天 | I2: 第4天 | K2: 第5天 | M2: 第6天 | O2: 第7天
C3: =抽奖道具 -> 奇幻扭蛋币 | D3: 积分 | E3: =抽奖道具 -> 奇幻扭蛋币 | F3: 积分 | G3: =抽奖道具 -> 奇幻扭蛋币 | H3: 积分 | I3: =抽奖道具 -> 奇幻扭蛋币 | J3: 积分 | K3: =抽奖道具 -> 奇幻扭蛋币 | L3: 积分 | M3: =抽奖道具 -> 奇幻扭蛋币 | N3: 积分 | O3: =抽奖道具 -> 奇幻扭蛋币 | P3: 积分
B4: 首次登录 | C4: 3 | D4: =C4*积分规则1 -> 75 | F4: =E4*积分规则1 -> 0 | H4: =G4*积分规则1 -> 0 | J4: =I4*积分规则1 -> 0 | L4: =K4*积分规则1 -> 0 | N4: =M4*积分规则1 -> 0 | P4: =O4*积分规则1 -> 0
B5: 每日任务 | C5: 26 | D5: =C5*积分规则1 -> 650 | E5: 26 | F5: =E5*积分规则1 -> 650 | G5: 26 | H5: =G5*积分规则1 -> 650 | I5: 26 | J5: =I5*积分规则1 -> 650 | K5: 26 | L5: =K5*积分规则1 -> 650 | M5: 26 | N5: =M5*积分规则1 -> 650 | O5: 26 | P5: =O5*积分规则1 -> 650
B6: 钻石购买 | C6: 70 | D6: =C6*积分规则1 -> 1750 | E6: 70 | F6: =E6*积分规则1 -> 1750 | G6: 42 | H6: =G6*积分规则1 -> 1050 | I6: 6 | J6: =I6*积分规则1 -> 150 | K6: 6 | L6: =K6*积分规则1 -> 150 | M6: 6 | N6: =M6*积分规则1 -> 150 | O6: 0 | P6: =O6*积分规则1 -> 0
B7: 免费基金 | D7: =C7*积分规则1 -> 0 | F7: =E7*积分规则1 -> 0 | H7: =G7*积分规则1 -> 0 | J7: =I7*积分规则1 -> 0 | K7: 0 | L7: =K7*积分规则1 -> 0 | M7: 0 | N7: =M7*积分规则1 -> 0 | O7: 0 | P7: =O7*积分规则1 -> 0
B8: 活动签到 | D8: =C8*积分规则1 -> 0 | F8: =E8*积分规则1 -> 0 | H8: =G8*积分规则1 -> 0 | J8: =I8*积分规则1 -> 0 | L8: =K8*积分规则1 -> 0 | N8: =M8*积分规则1 -> 0 | P8: =O8*积分规则1 -> 0
B9: 广告观看 | C9: 0 | D9: =C9*积分规则1 -> 0 | E9: 0 | F9: =E9*积分规则1 -> 0 | G9: 0 | H9: =G9*积分规则1 -> 0 | I9: 0 | J9: =I9*积分规则1 -> 0 | K9: 0 | L9: =K9*积分规则1 -> 0 | M9: 0 | N9: =M9*积分规则1 -> 0 | O9: 0 | P9: =O9*积分规则1 -> 0
B10: 商店兑换 | C10: 0 | D10: =C10*积分规则1 -> 0 | E10: 0 | F10: =E10*积分规则1 -> 0 | G10: 0 | H10: =G10*积分规则1 -> 0 | I10: 0 | J10: =I10*积分规则1 -> 0 | K10: 0 | L10: =K10*积分规则1 -> 0 | M10: 0 | N10: =M10*积分规则1 -> 0 | O10: 0 | P10: =O10*积分规则1 -> 0
B11: 氪金礼包 | D11: =C11*积分规则1 -> 0 | F11: =E11*积分规则1 -> 0 | H11: =G11*积分规则1 -> 0 | J11: =I11*积分规则1 -> 0 | L11: =K11*积分规则1 -> 0 | N11: =M11*积分规则1 -> 0 | P11: =O11*积分规则1 -> 0
B12: 氪金基金 | D12: =C12*积分规则1 -> 0 | F12: =E12*积分规则1 -> 0 | H12: =G12*积分规则1 -> 0 | J12: =I12*积分规则1 -> 0 | L12: =K12*积分规则1 -> 0 | N12: =M12*积分规则1 -> 0 | P12: =O12*积分规则1 -> 0
B13: ="使用"&抽奖道具 -> 使用奇幻扭蛋币 | C13: 0 | D13: =C13*积分规则3 -> 0 | E13: 0 | F13: =E13*积分规则3 -> 0 | G13: 0 | H13: =G13*积分规则3 -> 0 | I13: 0 | J13: =I13*积分规则3 -> 0 | K13: 0 | L13: =K13*积分规则3 -> 0 | M13: 0 | N13: =M13*积分规则3 -> 0 | O13: 385 | P13: =O13*积分规则3 -> 3551.0833
B14: ="剩余"&抽奖道具 -> 剩余奇幻扭蛋币 | C14: =C22-C13 -> 99 | E14: =C14+SUM(E4:E12)-E13 -> 195 | G14: =E14+SUM(G4:G12)-G13 -> 263 | I14: =G14+SUM(I4:I12)-I13 -> 295 | K14: =I14+SUM(K4:K12)-K13 -> 327 | M14: =K14+SUM(M4:M12)-M13 -> 359 | O14: =M14+SUM(O4:O12)-O13 -> 0
B15: 使用随机箱 | C15: 0 | D15: =C15*随机箱积分 -> 0 | E15: 0 | F15: =E15*随机箱积分 -> 0 | G15: 0 | H15: =G15*随机箱积分 -> 0 | I15: 0 | J15: =I15*随机箱积分 -> 0 | K15: 0 | L15: =K15*随机箱积分 -> 0 | M15: 0 | N15: =M15*随机箱积分 -> 0 | O15: 9 | P15: =O15*随机箱积分 -> 92.295
B16: 剩余随机箱 | C16: =C23-SUM(C15) -> 0 | E16: =E23-SUM(C15,E15) -> 0 | G16: =G23-SUM(C15,E15,G15) -> 0 | I16: =I23-SUM(C15,E15,G15,I15) -> 0 | K16: =K23-SUM(C15,E15,G15,I15,K15) -> 0 | M16: =M23-SUM(C15,E15,G15,I15,K15,M15) -> 0 | O16: =O23-SUM(C15,E15,G15,I15,K15,M15,O15) -> 0
B17: ="商店换"&高级兑换道具 -> 商店换大师魔法帽 | C17: 0 | D17: =C17*积分规则2 -> 0 | E17: 0 | F17: =E17*积分规则2 -> 0 | G17: 0 | H17: =G17*积分规则2 -> 0 | I17: 0 | J17: =I17*积分规则2 -> 0 | K17: 0 | L17: =K17*积分规则2 -> 0 | M17: 0 | N17: =M17*积分规则2 -> 0 | O17: 0 | P17: =O17*积分规则2 -> 0
B18: ？
B19: ？
B20: 目标档位 | C20: =IFERROR(LOOKUP(D20,档位积分1:档位积分5,第1档:第5档),"无奖励") -> 第1档 | D20: =SUM(D4:D13)+D15+SUM(D17:D19) -> 2475 | E20: =IFERROR(LOOKUP(F20,档位积分1:档位积分5,第1档:第5档),"无奖励") -> 第1档 | F20: =SUM(F4:F13)+F15+SUM(F17:F19) -> 2400 | G20: =IFERROR(LOOKUP(H20,档位积分1:档位积分5,第1档:第5档),"无奖励") -> 第1档 | H20: =SUM(H4:H13)+H15+SUM(H17:H19) -> 1700 | I20: =IFERROR(LOOKUP(J20,档位积分1:档位积分5,第1档:第5档),"无奖励") -> 第1档 | J20: =SUM(J4:J13)+J15+SUM(J17:J19) -> 800 | K20: =IFERROR(LOOKUP(L20,档位积分1:档位积分5,第1档:第5档),"无奖励") -> 第1档 | L20: =SUM(L4:L13)+L15+SUM(L17:L19) -> 800 | M20: =IFERROR(LOOKUP(N20,档位积分1:档位积分5,第1档:第5档),"无奖励") -> 第1档 | N20: =SUM(N4:N13)+N15+SUM(N17:N19) -> 800 | O20: =IFERROR(LOOKUP(P20,档位积分1:档位积分5,第1档:第5档),"无奖励") -> 第3档 | P20: =SUM(P4:P13)+P15+SUM(P17:P19) -> 4293.3783
B21: 下一档位 | C21: =IF(D20>=MAX(档位积分1:档位积分5), "已是最高档", IF(D20<MIN(档位积分1:档位积分5), INDEX(第1档:第5档, 1), INDEX(第1档:第5档, MATCH(D20, 档位积分1:档位积分5, 1)+1))) -> 第2档 | D21: =IF(D20>=MAX(档位积分1:档位积分5), "", IF(D20<MIN(档位积分1:档位积分5), MIN(档位积分1:档位积分5), INDEX(档位积分1:档位积分5, MATCH(D20, 档位积分1:档位积分5, 1)+1))) -> 3000 | E21: =IF(F20>=MAX(档位积分1:档位积分5), "已是最高档", IF(F20<MIN(档位积分1:档位积分5), INDEX(第1档:第5档, 1), INDEX(第1档:第5档, MATCH(F20, 档位积分1:档位积分5, 1)+1))) -> 第2档 | F21: =IF(F20>=MAX(档位积分1:档位积分5), "", IF(F20<MIN(档位积分1:档位积分5), MIN(档位积分1:档位积分5), INDEX(档位积分1:档位积分5, MATCH(F20, 档位积分1:档位积分5, 1)+1))) -> 3000 | G21: =IF(H20>=MAX(档位积分1:档位积分5), "已是最高档", IF(H20<MIN(档位积分1:档位积分5), INDEX(第1档:第5档, 1), INDEX(第1档:第5档, MATCH(H20, 档位积分1:档位积分5, 1)+1))) -> 第2档 | H21: =IF(H20>=MAX(档位积分1:档位积分5), "", IF(H20<MIN(档位积分1:档位积分5), MIN(档位积分1:档位积分5), INDEX(档位积分1:档位积分5, MATCH(H20, 档位积分1:档位积分5, 1)+1))) -> 3000 | I21: =IF(J20>=MAX(档位积分1:档位积分5), "已是最高档", IF(J20<MIN(档位积分1:档位积分5), INDEX(第1档:第5档, 1), INDEX(第1档:第5档, MATCH(J20, 档位积分1:档位积分5, 1)+1))) -> 第2档 | J21: =IF(J20>=MAX(档位积分1:档位积分5), "", IF(J20<MIN(档位积分1:档位积分5), MIN(档位积分1:档位积分5), INDEX(档位积分1:档位积分5, MATCH(J20, 档位积分1:档位积分5, 1)+1))) -> 3000 | K21: =IF(L20>=MAX(档位积分1:档位积分5), "已是最高档", IF(L20<MIN(档位积分1:档位积分5), INDEX(第1档:第5档, 1), INDEX(第1档:第5档, MATCH(L20, 档位积分1:档位积分5, 1)+1))) -> 第2档 | L21: =IF(L20>=MAX(档位积分1:档位积分5), "", IF(L20<MIN(档位积分1:档位积分5), MIN(档位积分1:档位积分5), INDEX(档位积分1:档位积分5, MATCH(L20, 档位积分1:档位积分5, 1)+1))) -> 3000 | M21: =IF(N20>=MAX(档位积分1:档位积分5), "已是最高档", IF(N20<MIN(档位积分1:档位积分5), INDEX(第1档:第5档, 1), INDEX(第1档:第5档, MATCH(N20, 档位积分1:档位积分5, 1)+1))) -> 第2档 | N21: =IF(N20>=MAX(档位积分1:档位积分5), "", IF(N20<MIN(档位积分1:档位积分5), MIN(档位积分1:档位积分5), INDEX(档位积分1:档位积分5, MATCH(N20, 档位积分1:档位积分5, 1)+1))) -> 3000 | O21: =IF(P20>=MAX(档位积分1:档位积分5), "已是最高档", IF(P20<MIN(档位积分1:档位积分5), INDEX(第1档:第5档, 1), INDEX(第1档:第5档, MATCH(P20, 档位积分1:档位积分5, 1)+1))) -> 第4档 | P21: =IF(P20>=MAX(档位积分1:档位积分5), "", IF(P20<MIN(档位积分1:档位积分5), MIN(档位积分1:档位积分5), INDEX(档位积分1:档位积分5, MATCH(P20, 档位积分1:档位积分5, 1)+1))) -> 8300
B22: ="总"&抽奖道具 -> 总奇幻扭蛋币 | C22: =SUM(C4:C12) -> 99 | D22: =C22*积分规则3 -> 913.13571 | E22: =C22+SUM(E4:E12) -> 195 | F22: 0 | G22: =E22+SUM(G4:G12) -> 263 | H22: 0 | I22: =G22+SUM(I4:I12) -> 295 | J22: 0 | K22: =I22+SUM(K4:K12) -> 327 | L22: 0 | M22: =K22+SUM(M4:M12) -> 359 | N22: 0 | O22: =M22+SUM(O4:O12) -> 385 | P22: 0
B23: 总随机箱 | C23: =IFERROR(LOOKUP(D20,档位积分1:档位积分5,档位奖励1:档位奖励5),0) -> 0 | D23: =C23*随机箱积分 -> 0 | E23: =IFERROR(LOOKUP(F20,档位积分1:档位积分5,档位奖励1:档位奖励5),0)+C23 -> 0 | F23: =E23*随机箱积分 -> 0 | G23: =IFERROR(LOOKUP(H20,档位积分1:档位积分5,档位奖励1:档位奖励5),0)+E23 -> 0 | H23: =G23*随机箱积分 -> 0 | I23: =IFERROR(LOOKUP(J20,档位积分1:档位积分5,档位奖励1:档位奖励5),0)+G23 -> 0 | J23: =I23*随机箱积分 -> 0 | K23: =IFERROR(LOOKUP(L20,档位积分1:档位积分5,档位奖励1:档位奖励5),0)+I23 -> 0 | L23: =K23*随机箱积分 -> 0 | M23: =IFERROR(LOOKUP(N20,档位积分1:档位积分5,档位奖励1:档位奖励5),0)+K23 -> 0 | N23: =M23*随机箱积分 -> 0 | O23: =IFERROR(LOOKUP(P20,档位积分1:档位积分5,档位奖励1:档位奖励5),0)+M23 -> 9 | P23: =O23*随机箱积分 -> 92.295
B24: =普通兑换道具 -> 见习魔法帽 | C24: =C13*普通兑换道具抽奖期望 -> 0 | E24: =E13*普通兑换道具抽奖期望+C24 -> 0 | G24: =G13*普通兑换道具抽奖期望+E24 -> 0 | I24: =I13*普通兑换道具抽奖期望+G24 -> 0 | K24: =K13*普通兑换道具抽奖期望+I24 -> 0 | M24: =M13*普通兑换道具抽奖期望+K24 -> 0 | O24: =O13*普通兑换道具抽奖期望+M24-O17*16 -> 11080
B25: =高级兑换道具 -> 大师魔法帽 | C25: =C13*高级兑换道具抽奖期望+C15*随机箱高级道具期望 -> 0 | E25: =E13*高级兑换道具抽奖期望+E15*随机箱高级道具期望+C25 -> 0 | G25: =G13*高级兑换道具抽奖期望+G15*随机箱高级道具期望+E25 -> 0 | I25: =I13*高级兑换道具抽奖期望+I15*随机箱高级道具期望+G25 -> 0 | K25: =K13*高级兑换道具抽奖期望+K15*随机箱高级道具期望+I25 -> 0 | M25: =M13*高级兑换道具抽奖期望+M15*随机箱高级道具期望+K25 -> 0 | O25: =O13*高级兑换道具抽奖期望+O15*随机箱高级道具期望+M25+O17 -> 435.045
B26: 氪金RMB | C26: 0 | D26: 0 | E26: 0 | F26: 0 | G26: 0 | H26: 0 | I26: 0 | J26: 0 | K26: 0 | L26: 0 | M26: 0 | N26: 0 | O26: 0 | P26: 0
C27: 0 | D27: 0 | E27: 0 | F27: 0 | G27: 0 | H27: 0 | I27: 0 | J27: 0 | K27: 0 | L27: 0 | M27: 0 | N27: 0 | O27: 0 | P27: 0
B29: 氪金翡翠 | C29: =IFERROR(LOOKUP(C26,价格6:价格648,翡翠100:翡翠10000),0) -> 0 | D29: =IFERROR(LOOKUP(D26,价格6:价格648,翡翠100:翡翠10000),0) -> 0 | E29: =IFERROR(LOOKUP(E26,价格6:价格648,翡翠100:翡翠10000),0) -> 0 | F29: =IFERROR(LOOKUP(F26,价格6:价格648,翡翠100:翡翠10000),0) -> 0 | G29: =IFERROR(LOOKUP(G26,价格6:价格648,翡翠100:翡翠10000),0) -> 0 | H29: =IFERROR(LOOKUP(H26,价格6:价格648,翡翠100:翡翠10000),0) -> 0 | I29: =IFERROR(LOOKUP(I26,价格6:价格648,翡翠100:翡翠10000),0) -> 0 | J29: =IFERROR(LOOKUP(J26,价格6:价格648,翡翠100:翡翠10000),0) -> 0 | ... P29: =IFERROR(LOOKUP(P26,价格6:价格648,翡翠100:翡翠10000),0) -> 0
C30: =IFERROR(LOOKUP(C27,价格6:价格648,翡翠100:翡翠10000),0) -> 0 | D30: =IFERROR(LOOKUP(D27,价格6:价格648,翡翠100:翡翠10000),0) -> 0 | E30: =IFERROR(LOOKUP(E27,价格6:价格648,翡翠100:翡翠10000),0) -> 0 | F30: =IFERROR(LOOKUP(F27,价格6:价格648,翡翠100:翡翠10000),0) -> 0 | G30: =IFERROR(LOOKUP(G27,价格6:价格648,翡翠100:翡翠10000),0) -> 0 | H30: =IFERROR(LOOKUP(H27,价格6:价格648,翡翠100:翡翠10000),0) -> 0 | I30: =IFERROR(LOOKUP(I27,价格6:价格648,翡翠100:翡翠10000),0) -> 0 | J30: =IFERROR(LOOKUP(J27,价格6:价格648,翡翠100:翡翠10000),0) -> 0 | ... O30: =IFERROR(LOOKUP(O27,价格6:价格648,翡翠100:翡翠10000),0) -> 0 | P30: 0
B32: 总体策略 | C32: =SUM(C6,E6,G6,I6,K6,M6,O6)*钻石购买 &"钻石" -> 40000钻石 | I32: =SUM(C26:P28) &"元" -> 0元 | M32: =SUM(C29:P31) & "翡翠" -> 0翡翠
C33: ="最终收益："&ROUNDDOWN(O25,0)&B25&"+"&ROUNDDOWN(O24,0)&B24 -> 最终收益：435大师魔法帽+11080见习魔法帽

Sheet 魔法庆典4w钻攻略图
B2: 魔法庆典｜4万钻攻略
B3: 预算 | D3: ="期望"&普通兑换道具 -> 期望见习魔法帽 | G3: ="期望"&高级兑换道具 -> 期望大师魔法帽
B5: 40000 | D5: =魔法庆典4w!O24 -> 11080 | G5: =魔法庆典4w!O25 -> 435.045
B6: 可兑换： 神兵魔方×20 或 高级炼金试剂×100 + 至尊自选箱×1 +觉醒核心自选箱×2
B8: 天数 | C8: 今天只做这些 | D8: =魔法庆典4w!B20 -> 目标档位 | E8: =魔法庆典4w!B13 -> 使用奇幻扭蛋币 | F8: =魔法庆典4w!B14 -> 剩余奇幻扭蛋币 | G8: =魔法庆典4w!B16 -> 剩余随机箱 | H8: ="期望"&普通兑换道具 -> 期望见习魔法帽 | I8: ="期望"&高级兑换道具 -> 期望大师魔法帽
B9: Day1 | C9: ① 登录3币+任务26币 ② 钻石购买70币 ③ 攒币不用 | D9: =魔法庆典4w!C20 -> 第1档 | E9: =魔法庆典4w!C13 -> 0 | F9: =魔法庆典4w!C14 -> 99 | G9: =魔法庆典4w!C16 -> 0 | H9: =魔法庆典4w!C24 -> 0 | I9: =魔法庆典4w!C25 -> 0
B10: Day2 | C10: ① 任务26币+钻石购买70币 ② 攒币不用 | D10: =魔法庆典4w!E20 -> 第1档 | E10: =魔法庆典4w!E13 -> 0 | F10: =魔法庆典4w!E14 -> 195 | G10: =魔法庆典4w!E16 -> 0 | H10: =魔法庆典4w!E24 -> 0 | I10: =魔法庆典4w!E25 -> 0
B11: Day3 | C11: ① 任务26币+钻石购买42币 ② 攒币不用 | D11: =魔法庆典4w!G20 -> 第1档 | E11: =魔法庆典4w!G13 -> 0 | F11: =魔法庆典4w!G14 -> 263 | G11: =魔法庆典4w!G16 -> 0 | H11: =魔法庆典4w!G24 -> 0 | I11: =魔法庆典4w!G25 -> 0
B12: Day4 | C12: ① 任务26币+钻石购买6币 ② 攒币不用 | D12: =魔法庆典4w!I20 -> 第1档 | E12: =魔法庆典4w!I13 -> 0 | F12: =魔法庆典4w!I14 -> 295 | G12: =魔法庆典4w!I16 -> 0 | H12: =魔法庆典4w!I24 -> 0 | I12: =魔法庆典4w!I25 -> 0
B13: Day5 | C13: ① 任务26币+钻石购买6币 ② 攒币不用 | D13: =魔法庆典4w!K20 -> 第1档 | E13: =魔法庆典4w!K13 -> 0 | F13: =魔法庆典4w!K14 -> 327 | G13: =魔法庆典4w!K16 -> 0 | H13: =魔法庆典4w!K24 -> 0 | I13: =魔法庆典4w!K25 -> 0
B14: Day6 | C14: ① 任务26币+钻石购买6币 ② 攒币不用 | D14: =魔法庆典4w!M20 -> 第1档 | E14: =魔法庆典4w!M13 -> 0 | F14: =魔法庆典4w!M14 -> 359 | G14: =魔法庆典4w!M16 -> 0 | H14: =魔法庆典4w!M24 -> 0 | I14: =魔法庆典4w!M25 -> 0
A15: 收尾日 | B15: Day7 | C15: ① 任务26币 ② 用掉385币可拿第3档奖励 ③ 开掉9个随机箱 ④ 赠送全部魔术好礼 | D15: =魔法庆典4w!O20 -> 第3档 | E15: =魔法庆典4w!O13 -> 385 | F15: =魔法庆典4w!O14 -> 0 | G15: =魔法庆典4w!O16 -> 0 | H15: =魔法庆典4w!O24 -> 11080 | I15: =魔法庆典4w!O25 -> 435.045
B17: 风险提示
B18: 每枚扭蛋币理论期望为：28.78见习魔法帽；0.89大师魔法帽；0.052魔术好礼；9.22档位积分 只需要在前6天内购买共200个币即可，每天买6个币即可拿第1档奖励。不够11000见习帽第7天再买一点币
B19: .
