Workbook
Name 抽奖道具: 基础计算设置!$B$1
Name 档位积分1: 基础计算设置!$B$6
Name 档位积分2: 基础计算设置!$B$7
Name 档位积分3: 基础计算设置!$B$8
Name 档位积分4: 基础计算设置!$B$9
Name 档位积分5: 基础计算设置!$B$10
Name 档位奖励1: 基础计算设置!$C$6
Name 档位奖励2: 基础计算设置!$C$7
Name 档位奖励3: 基础计算设置!$C$8
Name 档位奖励4: 基础计算设置!$C$9
Name 档位奖励5: 基础计算设置!$C$10
Name 第1档: 基础计算设置!$A$6
Name 第5档: 基础计算设置!$A$10
Name 翡翠100: 基础计算设置!$B$29
Name 翡翠10000: 基础计算设置!$B$36
Name 高级兑换道具: 基础计算设置!$B$3
Name 高级兑换道具数量: 基础计算设置!$N$16
Name 积分规则1: 基础计算设置!$B$13
Name 积分规则2: 基础计算设置!$B$14
Name 积分规则3: 基础计算设置!$I$9
Name 价格6: 基础计算设置!$A$29
Name 价格648: 基础计算设置!$A$36
Name 普通兑换道具: 基础计算设置!$B$2
Name 普通兑换道具数量: 基础计算设置!$N$9
Name 实测高级兑换道具数量: 基础计算设置!$W$3
Name 实测普通兑换道具数量: 基础计算设置!$V$3
Name 随机箱高级道具: 基础计算设置!$C$26
Name 随机箱积分: 基础计算设置!$D$26
Name 钻石购买: 基础计算设置!$B$18
Name 钻石限购: 基础计算设置!$B$19

Sheet 兑换列表
B1: 高级兑换 | F1: 普通兑换
B2: 消耗内容 | C2: 获得内容 | D2: 限购次数 | F2: 消耗内容 | G2: 获得内容 | H2: 限购次数
B3: 高级卷轴×1800 | C3: 始祖之怒×1 | D3: 1 | F3: 普通卷轴×6700 | G3: 觉醒核心自选箱×1 | H3: 2
B4: 高级卷轴×1800 | C4: 超越万能神器核心碎片×30 | D4: 5 | F4: 普通卷轴×6500 | G4: SS限定烙印自选箱×1 | H4: 1
B5: 高级卷轴×900 | C5: 万能英杰碎片×120 | D5: 5 | F5: 普通卷轴×4500 | G5: 史诗坐骑核心自选箱×1 | H5: 5
B6: 高级卷轴×1300 | C6: 觉醒核心自选箱×1 | D6: 5 | F6: 普通卷轴×3250 | G6: 随机英杰箱×1 | H6: 5
B7: 高级卷轴×240 | C7: 橙秘宝自选箱×1 | D7: 1 | F7: 普通卷轴×3000 | G7: 稀有坐骑核心自选箱×1 | H7: 5
B8: 高级卷轴×900 | C8: 限定藏品自选箱×1 | D8: 5 | F8: 普通卷轴×2500 | G8: 臻选皮肤自选箱×1 | H8: 1
B9: 高级卷轴×530 | C9: 限定烙印自选箱×1 | D9: 5 | F9: 普通卷轴×2250 | G9: 优秀坐骑核心自选箱×1 | H9: 5
B10: 高级卷轴×460 | C10: S武器自选箱×1 | D10: 1 | F10: 普通卷轴×2250 | G10: 史诗传承自选箱×1 | H10: 1
B11: 高级卷轴×460 | C11: S装备自选箱×1 | D11: 1 | F11: 普通卷轴×1750 | G11: 幸运银币×3 | H11: 4
B12: 高级卷轴×420 | C12: S史诗传承自选箱×1 | D12: 1 | F12: 普通卷轴×1200 | G12: 传承书自选箱×1 | H12: 10
B13: 高级卷轴×250 | C13: 连携祝福卷轴×1 | D13: 1 | F13: 普通卷轴×1000 | G13: 天外陨铁×100 | H13: 100
B14: 高级卷轴×160 | C14: 置换符×1 | D14: 1 | F14: 普通卷轴×900 | G14: 随机烙印箱×1 | H14: 5
... B16: 高级卷轴×6 | C16: 天外陨铁×10 | D16: 4294967295 | F16: 普通卷轴×600 | G16: 宠物蛋×100 | H16: 20
F17: 普通卷轴×350 | G17: 家园币×50 | H17: 20
F18: 普通卷轴×300 | G18: 祈愿函×5 | H18: 6
F19: 普通卷轴×300 | G19: 传说钥匙×5 | H19: 6
F20: 普通卷轴×300 | G20: 宝石钥匙×5 | H20: 4
F21: 普通卷轴×300 | G21: 秘宝钥匙×5 | H21: 4
F22: 普通卷轴×240 | G22: 高级卷轴×10 | H22: 10
F23: 普通卷轴×225 | G23: 不变石×1 | H23: 10
F24: 普通卷轴×225 | G24: 天外陨铁×10 | H24: 4294967295
F25: 普通卷轴×150 | G25: 英杰契约×1 | H25: 10
F26: 普通卷轴×125 | G26: 金蹄铁×50 | H26: 50
F27: 普通卷轴×125 | G27: 神威锤×50 | H27: 50

Sheet 基础计算设置
A1: 抽奖道具 | B1: 制作券 | F1: 积分概率计算 | K1: =普通兑换道具 &"/" & 抽奖道具 -> 普通卷轴/制作券
A2: 普通兑换道具 | B2: 普通卷轴 | G2: 数量 | H2: 概率 | I2: 积分 | K2: =普通兑换道具 -> 普通卷轴 | L2: 数量 | M2: 概率
A3: 高级兑换道具 | B3: 高级卷轴 | F3: =高级兑换道具 -> 高级卷轴 | G3: 1 | H3: 0.2 | I3: =G3*H3*积分规则2 -> 0.2 | L3: 50 | M3: 0.05 | N3: 2.5
F4: =高级兑换道具 -> 高级卷轴 | G4: 2 | H4: 0.05 | I4: =G4*H4*积分规则2 -> 0.1 | L4: 20 | M4: 0.1 | N4: 2
A5: 档位 | B5: 累积积分 | C5: 累积随机箱 | L5: 10 | M5: 0.15 | N5: 1.5
A6: 第1档 | B6: 1200 | C6: 0 | L6: 5 | M6: 0.2 | N6: 1
A7: 第2档 | B7: 2500 | C7: =档位奖励1+3 -> 3 | L7: 15 | M7: 0.15 | N7: 2.25
A8: 第3档 | B8: 3800 | C8: =档位奖励2+11 -> 14 | L8: 25 | M8: 0.1 | N8: 2.5
A9: 第4档 | B9: 9100 | C9: =档位奖励3+58 -> 72 | H9: 合计 | I9: =SUM(I3:I4) -> 0.3 | K9: 合计 | M9: =SUM(M3:M8) -> 0.75 | N9: =SUM(N3:N8) -> 11.75
A10: 第5档 | B10: 15800 | C10: =档位奖励4+72 -> 144
K11: =高级兑换道具 &"/" & 抽奖道具 -> 高级卷轴/制作券
A12: 积分规则 | K12: =高级兑换道具 -> 高级卷轴 | L12: 数量 | M12: 概率
A13: ="获得 1 " & 抽奖道具 -> 获得 1 制作券 | B13: 10 | C13: 积分 | L13: 1 | M13: 0.2 | N13: =L13*M13 -> 0.2
A14: ="1" & 高级兑换道具 -> 1高级卷轴 | B14: 1 | C14: 积分 | L14: 2 | M14: 0.05 | N14: =L14*M14 -> 0.1
K16: 合计 | M16: =SUM(M13:M14) -> 0.25 | N16: =N14+N13 -> 0.3
A17: 钻石购买
A18: ="1"& 抽奖道具 -> 1制作券 | B18: 60 | C18: 钻石
A19: 限购= | B19: 120 | C19: 个/天
A21: 随机箱
A22: 数量 | B22: 概率 | C22: 平均(个) | D22: 积分（分）
A23: 10 | B23: 0.95 | C23: =B23*A23 -> 9.5 | D23: =C23*积分规则2 -> 9.5
A24: 15 | B24: 0.049 | C24: =B24*A24 -> 0.735 | D24: =C24*积分规则2 -> 0.735
A25: 20 | B25: 0.001 | C25: =B25*A25 -> 0.02 | D25: =C25*积分规则2 -> 0.02
B26: 合计 | C26: =SUM(C23:C25) -> 10.255 | D26: =C26*积分规则2 -> 10.255
A28: 价格（RMB） | B28: 翡翠
A29: 6 | B29: 100
A30: 30 | B30: 500
A31: 68 | B31: 1000
A32: 98 | B32: 1500
A33: 128 | B33: 2000
A34: 198 | B34: 3000
A35: 328 | B35: 5000
A36: 648 | B36: 10000

Sheet 哥布林弹珠5w
C2: 第1天 | E2: 第2天 | G2: 第3天 | I2: 第4天 | K2: 第5天 | M2: 第6天 | O2: 第7天
C3: =抽奖道具 -> 制作券 | D3: 积分 | E3: =抽奖道具 -> 制作券 | F3: 积分 | G3: =抽奖道具 -> 制作券 | H3: 积分 | I3: =抽奖道具 -> 制作券 | J3: 积分 | K3: =抽奖道具 -> 制作券 | L3: 积分 | M3: =抽奖道具 -> 制作券 | N3: 积分 | O3: =抽奖道具 -> 制作券 | P3: 积分
B4: 首次登录 | C4: 5 | D4: =C4*积分规则1 -> 50 | F4: =E4*积分规则1 -> 0 | H4: =G4*积分规则1 -> 0 | J4: =I4*积分规则1 -> 0 | L4: =K4*积分规则1 -> 0 | N4: =M4*积分规则1 -> 0 | P4: =O4*积分规则1 -> 0
B5: 每日任务 | C5: 125 | D5: =C5*积分规则1 -> 1250 | E5: 125 | F5: =E5*积分规则1 -> 1250 | G5: 125 | H5: =G5*积分规则1 -> 1250 | I5: 125 | J5: =I5*积分规则1 -> 1250 | K5: 125 | L5: =K5*积分规则1 -> 1250 | M5: 125 | N5: =M5*积分规则1 -> 1250 | O5: 125 | P5: =O5*积分规则1 -> 1250
B6: 钻石购买 | C6: 120 | D6: =C6*积分规则1 -> 1200 | E6: 120 | F6: =E6*积分规则1 -> 1200 | G6: 120 | H6: =G6*积分规则1 -> 1200 | I6: 120 | J6: =I6*积分规则1 -> 1200 | K6: 120 | L6: =K6*积分规则1 -> 1200 | M6: 120 | N6: =M6*积分规则1 -> 1200 | O6: 120 | P6: =O6*积分规则1 -> 1200
B7: 免费基金 | D7: =C7*积分规则1 -> 0 | F7: =E7*积分规则1 -> 0 | H7: =G7*积分规则1 -> 0 | J7: =I7*积分规则1 -> 0 | K7: 0 | L7: =K7*积分规则1 -> 0 | M7: 0 | N7: =M7*积分规则1 -> 0 | O7: 125 | P7: =O7*积分规则1 -> 1250
B8: 活动签到 | D8: =C8*积分规则1 -> 0 | F8: =E8*积分规则1 -> 0 | H8: =G8*积分规则1 -> 0 | J8: =I8*积分规则1 -> 0 | L8: =K8*积分规则1 -> 0 | N8: =M8*积分规则1 -> 0 | P8: =O8*积分规则1 -> 0
B9: 广告观看 | C9: 0 | D9: =C9*积分规则1 -> 0 | E9: 0 | F9: =E9*积分规则1 -> 0 | G9: 0 | H9: =G9*积分规则1 -> 0 | I9: 0 | J9: =I9*积分规则1 -> 0 | K9: 0 | L9: =K9*积分规则1 -> 0 | M9: 0 | N9: =M9*积分规则1 -> 0 | O9: 0 | P9: =O9*积分规则1 -> 0
B10: 商店兑换 | C10: 0 | D10: =C10*积分规则1 -> 0 | E10: 0 | F10: =E10*积分规则1 -> 0 | G10: 0 | H10: =G10*积分规则1 -> 0 | I10: 0 | J10: =I10*积分规则1 -> 0 | K10: 0 | L10: =K10*积分规则1 -> 0 | M10: 0 | N10: =M10*积分规则1 -> 0 | O10: 0 | P10: =O10*积分规则1 -> 0
B11: 氪金礼包 | D11: =C11*积分规则1 -> 0 | F11: =E11*积分规则1 -> 0 | H11: =G11*积分规则1 -> 0 | J11: =I11*积分规则1 -> 0 | L11: =K11*积分规则1 -> 0 | N11: =M11*积分规则1 -> 0 | P11: =O11*积分规则1 -> 0
B12: 氪金基金 | D12: =C12*积分规则1 -> 0 | F12: =E12*积分规则1 -> 0 | H12: =G12*积分规则1 -> 0 | J12: =I12*积分规则1 -> 0 | L12: =K12*积分规则1 -> 0 | N12: =M12*积分规则1 -> 0 | P12: =O12*积分规则1 -> 0
B13: ="使用"&抽奖道具 -> 使用制作券 | C13: 0 | D13: =C13*积分规则3 -> 0 | E13: 167 | F13: =E13*积分规则3 -> 50.1 | G13: 167 | H13: =G13*积分规则3 -> 50.1 | I13: 167 | J13: =I13*积分规则3 -> 50.1 | K13: 167 | L13: =K13*积分规则3 -> 50.1 | M13: 167 | N13: =M13*积分规则3 -> 50.1 | O13: 1010 | P13: =O13*积分规则3 -> 303
B14: ="剩余"&抽奖道具 -> 剩余制作券 | C14: =C22-C13 -> 250 | E14: =C14+SUM(E4:E12)-E13 -> 328 | G14: =E14+SUM(G4:G12)-G13 -> 406 | I14: =G14+SUM(I4:I12)-I13 -> 484 | K14: =I14+SUM(K4:K12)-K13 -> 562 | M14: =K14+SUM(M4:M12)-M13 -> 640 | O14: =M14+SUM(O4:O12)-O13 -> 0
B15: 使用随机箱 | C15: 0 | D15: =C15*随机箱积分 -> 0 | E15: 0 | F15: =E15*随机箱积分 -> 0 | G15: 0 | H15: =G15*随机箱积分 -> 0 | I15: 0 | J15: =I15*随机箱积分 -> 0 | K15: 0 | L15: =K15*随机箱积分 -> 0 | M15: 0 | N15: =M15*随机箱积分 -> 0 | O15: 32 | P15: =O15*随机箱积分 -> 328.16
B16: 剩余随机箱 | C16: =C23-SUM(C15) -> 3 | E16: =E23-SUM(C15,E15) -> 6 | G16: =G23-SUM(C15,E15,G15) -> 9 | I16: =I23-SUM(C15,E15,G15,I15) -> 12 | K16: =K23-SUM(C15,E15,G15,I15,K15) -> 15 | M16: =M23-SUM(C15,E15,G15,I15,K15,M15) -> 18 | O16: =O23-SUM(C15,E15,G15,I15,K15,M15,O15) -> 0
B17: ="商店换"&高级兑换道具 -> 商店换高级卷轴 | C17: 0 | D17: =C17*积分规则2 -> 0 | E17: 0 | F17: =E17*积分规则2 -> 0 | G17: 0 | H17: =G17*积分规则2 -> 0 | I17: 0 | J17: =I17*积分规则2 -> 0 | K17: 0 | L17: =K17*积分规则2 -> 0 | M17: 0 | N17: =M17*积分规则2 -> 0 | O17: 20 | P17: =O17*积分规则2 -> 20
B18: ？
B19: ？
B20: 目标档位 | C20: =IFERROR(LOOKUP(D20,档位积分1:档位积分5,第1档:第5档),"无奖励") -> 第2档 | D20: =SUM(D4:D13)+D15+SUM(D17:D19) -> 2500 | E20: =IFERROR(LOOKUP(F20,档位积分1:档位积分5,第1档:第5档),"无奖励") -> 第2档 | F20: =SUM(F4:F13)+F15+SUM(F17:F19) -> 2500.1 | G20: =IFERROR(LOOKUP(H20,档位积分1:档位积分5,第1档:第5档),"无奖励") -> 第2档 | H20: =SUM(H4:H13)+H15+SUM(H17:H19) -> 2500.1 | I20: =IFERROR(LOOKUP(J20,档位积分1:档位积分5,第1档:第5档),"无奖励") -> 第2档 | J20: =SUM(J4:J13)+J15+SUM(J17:J19) -> 2500.1 | K20: =IFERROR(LOOKUP(L20,档位积分1:档位积分5,第1档:第5档),"无奖励") -> 第2档 | L20: =SUM(L4:L13)+L15+SUM(L17:L19) -> 2500.1 | M20: =IFERROR(LOOKUP(N20,档位积分1:档位积分5,第1档:第5档),"无奖励") -> 第2档 | N20: =SUM(N4:N13)+N15+SUM(N17:N19) -> 2500.1 | O20: =IFERROR(LOOKUP(P20,档位积分1:档位积分5,第1档:第5档),"无奖励") -> 第3档 | P20: =SUM(P4:P13)+P15+SUM(P17:P19) -> 4351.16
B21: 下一档位 | C21: =IF(D20>=MAX(档位积分1:档位积分5), "已是最高档", IF(D20<MIN(档位积分1:档位积分5), INDEX(第1档:第5档, 1), INDEX(第1档:第5档, MATCH(D20, 档位积分1:档位积分5, 1)+1))) -> 第3档 | D21: =IF(D20>=MAX(档位积分1:档位积分5), "", IF(D20<MIN(档位积分1:档位积分5), MIN(档位积分1:档位积分5), INDEX(档位积分1:档位积分5, MATCH(D20, 档位积分1:档位积分5, 1)+1))) -> 3800 | E21: =IF(F20>=MAX(档位积分1:档位积分5), "已是最高档", IF(F20<MIN(档位积分1:档位积分5), INDEX(第1档:第5档, 1), INDEX(第1档:第5档, MATCH(F20, 档位积分1:档位积分5, 1)+1))) -> 第3档 | F21: =IF(F20>=MAX(档位积分1:档位积分5), "", IF(F20<MIN(档位积分1:档位积分5), MIN(档位积分1:档位积分5), INDEX(档位积分1:档位积分5, MATCH(F20, 档位积分1:档位积分5, 1)+1))) -> 3800 | G21: =IF(H20>=MAX(档位积分1:档位积分5), "已是最高档", IF(H20<MIN(档位积分1:档位积分5), INDEX(第1档:第5档, 1), INDEX(第1档:第5档, MATCH(H20, 档位积分1:档位积分5, 1)+1))) -> 第3档 | H21: =IF(H20>=MAX(档位积分1:档位积分5), "", IF(H20<MIN(档位积分1:档位积分5), MIN(档位积分1:档位积分5), INDEX(档位积分1:档位积分5, MATCH(H20, 档位积分1:档位积分5, 1)+1))) -> 3800 | I21: =IF(J20>=MAX(档位积分1:档位积分5), "已是最高档", IF(J20<MIN(档位积分1:档位积分5), INDEX(第1档:第5档, 1), INDEX(第1档:第5档, MATCH(J20, 档位积分1:档位积分5, 1)+1))) -> 第3档 | J21: =IF(J20>=MAX(档位积分1:档位积分5), "", IF(J20<MIN(档位积分1:档位积分5), MIN(档位积分1:档位积分5), INDEX(档位积分1:档位积分5, MATCH(J20, 档位积分1:档位积分5, 1)+1))) -> 3800 | K21: =IF(L20>=MAX(档位积分1:档位积分5), "已是最高档", IF(L20<MIN(档位积分1:档位积分5), INDEX(第1档:第5档, 1), INDEX(第1档:第5档, MATCH(L20, 档位积分1:档位积分5, 1)+1))) -> 第3档 | L21: =IF(L20>=MAX(档位积分1:档位积分5), "", IF(L20<MIN(档位积分1:档位积分5), MIN(档位积分1:档位积分5), INDEX(档位积分1:档位积分5, MATCH(L20, 档位积分1:档位积分5, 1)+1))) -> 3800 | M21: =IF(N20>=MAX(档位积分1:档位积分5), "已是最高档", IF(N20<MIN(档位积分1:档位积分5), INDEX(第1档:第5档, 1), INDEX(第1档:第5档, MATCH(N20, 档位积分1:档位积分5, 1)+1))) -> 第3档 | N21: =IF(N20>=MAX(档位积分1:档位积分5), "", IF(N20<MIN(档位积分1:档位积分5), MIN(档位积分1:档位积分5), INDEX(档位积分1:档位积分5, MATCH(N20, 档位积分1:档位积分5, 1)+1))) -> 3800 | O21: =IF(P20>=MAX(档位积分1:档位积分5), "已是最高档", IF(P20<MIN(档位积分1:档位积分5), INDEX(第1档:第5档, 1), INDEX(第1档:第5档, MATCH(P20, 档位积分1:档位积分5, 1)+1))) -> 第4档 | P21: =IF(P20>=MAX(档位积分1:档位积分5), "", IF(P20<MIN(档位积分1:档位积分5), MIN(档位积分1:档位积分5), INDEX(档位积分1:档位积分5, MATCH(P20, 档位积分1:档位积分5, 1)+1))) -> 9100
B22: ="总"&抽奖道具 -> 总制作券 | C22: =SUM(C4:C12) -> 250 | D22: =C13*实测高级兑换道具数量*积分规则2 -> 0 | E22: =C22+SUM(E4:E12) -> 495 | F22: 0 | G22: =E22+SUM(G4:G12) -> 740 | H22: 0 | I22: =G22+SUM(I4:I12) -> 985 | J22: 0 | K22: =I22+SUM(K4:K12) -> 1230 | L22: 0 | M22: =K22+SUM(M4:M12) -> 1475 | N22: 0 | O22: =M22+SUM(O4:O12) -> 1845 | P22: 0
B23: 总随机箱 | C23: =IFERROR(LOOKUP(D20,档位积分1:档位积分5,档位奖励1:档位奖励5),0) -> 3 | D23: =C23*随机箱积分 -> 30.765 | E23: =IFERROR(LOOKUP(F20,档位积分1:档位积分5,档位奖励1:档位奖励5),0)+C23 -> 6 | F23: =E23*随机箱积分 -> 61.53 | G23: =IFERROR(LOOKUP(H20,档位积分1:档位积分5,档位奖励1:档位奖励5),0)+E23 -> 9 | H23: =G23*随机箱积分 -> 92.295 | I23: =IFERROR(LOOKUP(J20,档位积分1:档位积分5,档位奖励1:档位奖励5),0)+G23 -> 12 | J23: =I23*随机箱积分 -> 123.06 | K23: =IFERROR(LOOKUP(L20,档位积分1:档位积分5,档位奖励1:档位奖励5),0)+I23 -> 15 | L23: =K23*随机箱积分 -> 153.825 | M23: =IFERROR(LOOKUP(N20,档位积分1:档位积分5,档位奖励1:档位奖励5),0)+K23 -> 18 | N23: =M23*随机箱积分 -> 184.59 | O23: =IFERROR(LOOKUP(P20,档位积分1:档位积分5,档位奖励1:档位奖励5),0)+M23 -> 32 | P23: =O23*随机箱积分 -> 328.16
B24: =普通兑换道具 -> 普通卷轴 | C24: =C13*普通兑换道具数量 -> 0 | E24: =E13*普通兑换道具数量+C24 -> 1962.25 | G24: =G13*普通兑换道具数量+E24 -> 3924.5 | I24: =I13*普通兑换道具数量+G24 -> 5886.75 | K24: =K13*普通兑换道具数量+I24 -> 7849 | M24: =M13*普通兑换道具数量+K24 -> 9811.25 | O24: =O13*普通兑换道具数量+M24-O17*24 -> 21198.75
B25: =高级兑换道具 -> 高级卷轴 | C25: =C13*高级兑换道具数量+C15*随机箱高级道具 -> 0 | E25: =E13*高级兑换道具数量+E15*随机箱高级道具+C25 -> 50.1 | G25: =G13*高级兑换道具数量+G15*随机箱高级道具+E25 -> 100.2 | I25: =I13*高级兑换道具数量+I15*随机箱高级道具+G25 -> 150.3 | K25: =K13*高级兑换道具数量+K15*随机箱高级道具+I25 -> 200.4 | M25: =M13*高级兑换道具数量+M15*随机箱高级道具+K25 -> 250.5 | O25: =O13*高级兑换道具数量+O15*随机箱高级道具+M25+O17 -> 901.66
B26: 氪金RMB | C26: 0 | D26: 0 | E26: 0 | F26: 0 | G26: 0 | H26: 0 | I26: 0 | J26: 0 | K26: 0 | L26: 0 | M26: 0 | N26: 0 | O26: 0 | P26: 0
C27: 0 | D27: 0 | E27: 0 | F27: 0 | G27: 0 | H27: 0 | I27: 0 | J27: 0 | K27: 0 | L27: 0 | M27: 0 | N27: 0 | O27: 0 | P27: 0
B29: 氪金翡翠 | C29: =IFERROR(LOOKUP(C26,价格6:价格648,翡翠100:翡翠10000),0) -> 0 | D29: =IFERROR(LOOKUP(D26,价格6:价格648,翡翠100:翡翠10000),0) -> 0 | E29: =IFERROR(LOOKUP(E26,价格6:价格648,翡翠100:翡翠10000),0) -> 0 | F29: =IFERROR(LOOKUP(F26,价格6:价格648,翡翠100:翡翠10000),0) -> 0 | G29: =IFERROR(LOOKUP(G26,价格6:价格648,翡翠100:翡翠10000),0) -> 0 | H29: =IFERROR(LOOKUP(H26,价格6:价格648,翡翠100:翡翠10000),0) -> 0 | I29: =IFERROR(LOOKUP(I26,价格6:价格648,翡翠100:翡翠10000),0) -> 0 | J29: =IFERROR(LOOKUP(J26,价格6:价格648,翡翠100:翡翠10000),0) -> 0 | ... P29: =IFERROR(LOOKUP(P26,价格6:价格648,翡翠100:翡翠10000),0) -> 0
C30: =IFERROR(LOOKUP(C27,价格6:价格648,翡翠100:翡翠10000),0) -> 0 | D30: =IFERROR(LOOKUP(D27,价格6:价格648,翡翠100:翡翠10000),0) -> 0 | E30: =IFERROR(LOOKUP(E27,价格6:价格648,翡翠100:翡翠10000),0) -> 0 | F30: =IFERROR(LOOKUP(F27,价格6:价格648,翡翠100:翡翠10000),0) -> 0 | G30: =IFERROR(LOOKUP(G27,价格6:价格648,翡翠100:翡翠10000),0) -> 0 | H30: =IFERROR(LOOKUP(H27,价格6:价格648,翡翠100:翡翠10000),0) -> 0 | I30: =IFERROR(LOOKUP(I27,价格6:价格648,翡翠100:翡翠10000),0) -> 0 | J30: =IFERROR(LOOKUP(J27,价格6:价格648,翡翠100:翡翠10000),0) -> 0 | ... O30: =IFERROR(LOOKUP(O27,价格6:价格648,翡翠100:翡翠10000),0) -> 0 | P30: 0
B32: 总体策略 | C32: =SUM(C6,E6,G6,I6,K6,M6,O6)*钻石购买 &"钻石" -> 50400钻石 | I32: =SUM(C26:P28) &"元" -> 0元 | M32: =SUM(C29:P31) & "翡翠" -> 0翡翠
C33: ="最终收益："&ROUNDDOWN(O25,0)&B25&"+"&ROUNDDOWN(O24,0)&B24 -> 最终收益：901高级卷轴+21198普通卷轴

Sheet 哥布林5w钻攻略图
B2: 哥布林弹珠｜5万钻攻略
B4: 预算 | D4: ="期望"&普通兑换道具 -> 期望普通卷轴 | G4: ="期望"&高级兑换道具 -> 期望高级卷轴
B6: 50400 | D6: =哥布林弹珠5w!O24 -> 21198.75 | G6: =哥布林弹珠5w!O25 -> 901.66
B8: 可兑换： 觉醒核心自选箱×2 + SS限定烙印自选箱×1 + 万能英杰碎片×120
B11: 天数 | C11: 今天只做这些 | D11: =哥布林弹珠5w!B20 -> 目标档位 | E11: =哥布林弹珠5w!B13 -> 使用制作券 | F11: =哥布林弹珠5w!B14 -> 剩余制作券 | G11: =哥布林弹珠5w!B16 -> 剩余随机箱 | H11: ="期望"&普通兑换道具 -> 期望普通卷轴 | I11: ="期望"&高级兑换道具 -> 期望高级卷轴
B12: Day1 | C12: ① 登录5券+任务125券 ② 钻石购买120券 ③ 今日不用券可拿第2档奖励 | D12: =哥布林弹珠5w!C20 -> 第2档 | E12: =哥布林弹珠5w!C13 -> 0 | F12: =哥布林弹珠5w!C14 -> 250 | G12: =哥布林弹珠5w!C16 -> 3 | H12: =哥布林弹珠5w!C24 -> 0 | I12: =哥布林弹珠5w!C25 -> 0
B13: Day2 | C13: ① 任务125券+钻石购买120券 ② 今日用约167券,拿第2档奖励 | D13: =哥布林弹珠5w!E20 -> 第2档 | E13: =哥布林弹珠5w!E13 -> 167 | F13: =哥布林弹珠5w!E14 -> 328 | G13: =哥布林弹珠5w!E16 -> 6 | H13: =哥布林弹珠5w!E24 -> 1962.25 | I13: =哥布林弹珠5w!E25 -> 50.1
B14: Day3 | C14: ① 任务125券+钻石购买120券 ② 今日用约167券,拿第2档奖励 | D14: =哥布林弹珠5w!G20 -> 第2档 | E14: =哥布林弹珠5w!G13 -> 167 | F14: =哥布林弹珠5w!G14 -> 406 | G14: =哥布林弹珠5w!G16 -> 9 | H14: =哥布林弹珠5w!G24 -> 3924.5 | I14: =哥布林弹珠5w!G25 -> 100.2
B15: Day4 | C15: ① 任务125券+钻石购买120券 ② 今日用约167券,拿第2档奖励 | D15: =哥布林弹珠5w!I20 -> 第2档 | E15: =哥布林弹珠5w!I13 -> 167 | F15: =哥布林弹珠5w!I14 -> 484 | G15: =哥布林弹珠5w!I16 -> 12 | H15: =哥布林弹珠5w!I24 -> 5886.75 | I15: =哥布林弹珠5w!I25 -> 150.3
B16: Day5 | C16: ① 任务125券+钻石购买120券 ② 今日用约167券,拿第2档奖励 | D16: =哥布林弹珠5w!K20 -> 第2档 | E16: =哥布林弹珠5w!K13 -> 167 | F16: =哥布林弹珠5w!K14 -> 562 | G16: =哥布林弹珠5w!K16 -> 15 | H16: =哥布林弹珠5w!K24 -> 7849 | I16: =哥布林弹珠5w!K25 -> 200.4
B17: Day6 | C17: ① 任务125券+钻石购买120券 ② 今日用约167券,拿第2档奖励 | D17: =哥布林弹珠5w!M20 -> 第2档 | E17: =哥布林弹珠5w!M13 -> 167 | F17: =哥布林弹珠5w!M14 -> 640 | G17: =哥布林弹珠5w!M16 -> 18 | H17: =哥布林弹珠5w!M24 -> 9811.25 | I17: =哥布林弹珠5w!M25 -> 250.5
A18: 收尾日 | B18: Day7 | C18: ① 任务125券+钻石购买120券 ② 用掉全部券后领取基金125券 ③ 继续用掉全部券+随机箱拿第3档奖励 ④ 商店只兑换20高级卷轴 | D18: =哥布林弹珠5w!O20 -> 第3档 | E18: =哥布林弹珠5w!O13 -> 1010 | F18: =哥布林弹珠5w!O14 -> 0 | G18: =哥布林弹珠5w!O16 -> 0 | H18: =哥布林弹珠5w!O24 -> 21198.75 | I18: =哥布林弹珠5w!O25 -> 901.66
B20: 风险提示
B21: 注意普通商店只兑换约20个高级卷轴，保证拿到900高级卷轴即可。需19900普通卷轴才能兑换2觉醒箱+1SS烙印箱 此活动概率较为稳定，最后一天积分约为4350，高出第3档550分。放心大胆冲

Sheet 哥布林弹珠1.3w
C2: 第1天 | E2: 第2天 | G2: 第3天 | I2: 第4天 | K2: 第5天 | M2: 第6天 | O2: 第7天
C3: =抽奖道具 -> 制作券 | D3: 积分 | E3: =抽奖道具 -> 制作券 | F3: 积分 | G3: =抽奖道具 -> 制作券 | H3: 积分 | I3: =抽奖道具 -> 制作券 | J3: 积分 | K3: =抽奖道具 -> 制作券 | L3: 积分 | M3: =抽奖道具 -> 制作券 | N3: 积分 | O3: =抽奖道具 -> 制作券 | P3: 积分
B4: 首次登录 | C4: 5 | D4: =C4*积分规则1 -> 50 | F4: =E4*积分规则1 -> 0 | H4: =G4*积分规则1 -> 0 | J4: =I4*积分规则1 -> 0 | L4: =K4*积分规则1 -> 0 | N4: =M4*积分规则1 -> 0 | P4: =O4*积分规则1 -> 0
B5: 每日任务 | C5: 125 | D5: =C5*积分规则1 -> 1250 | E5: 125 | F5: =E5*积分规则1 -> 1250 | G5: 125 | H5: =G5*积分规则1 -> 1250 | I5: 125 | J5: =I5*积分规则1 -> 1250 | K5: 125 | L5: =K5*积分规则1 -> 1250 | M5: 125 | N5: =M5*积分规则1 -> 1250 | O5: 125 | P5: =O5*积分规则1 -> 1250
B6: 钻石购买 | C6: 125 | D6: =C6*积分规则1 -> 1250 | E6: 0 | F6: =E6*积分规则1 -> 0 | G6: 0 | H6: =G6*积分规则1 -> 0 | I6: 0 | J6: =I6*积分规则1 -> 0 | K6: 0 | L6: =K6*积分规则1 -> 0 | M6: 0 | N6: =M6*积分规则1 -> 0 | O6: 90 | P6: =O6*积分规则1 -> 900
B7: 免费基金 | D7: =C7*积分规则1 -> 0 | F7: =E7*积分规则1 -> 0 | H7: =G7*积分规则1 -> 0 | J7: =I7*积分规则1 -> 0 | K7: 0 | L7: =K7*积分规则1 -> 0 | M7: 0 | N7: =M7*积分规则1 -> 0 | O7: 125 | P7: =O7*积分规则1 -> 1250
B8: 活动签到 | D8: =C8*积分规则1 -> 0 | F8: =E8*积分规则1 -> 0 | H8: =G8*积分规则1 -> 0 | J8: =I8*积分规则1 -> 0 | L8: =K8*积分规则1 -> 0 | N8: =M8*积分规则1 -> 0 | P8: =O8*积分规则1 -> 0
B9: 广告观看 | C9: 0 | D9: =C9*积分规则1 -> 0 | E9: 0 | F9: =E9*积分规则1 -> 0 | G9: 0 | H9: =G9*积分规则1 -> 0 | I9: 0 | J9: =I9*积分规则1 -> 0 | K9: 0 | L9: =K9*积分规则1 -> 0 | M9: 0 | N9: =M9*积分规则1 -> 0 | O9: 0 | P9: =O9*积分规则1 -> 0
B10: 商店兑换 | C10: 0 | D10: =C10*积分规则1 -> 0 | E10: 0 | F10: =E10*积分规则1 -> 0 | G10: 0 | H10: =G10*积分规则1 -> 0 | I10: 0 | J10: =I10*积分规则1 -> 0 | K10: 0 | L10: =K10*积分规则1 -> 0 | M10: 0 | N10: =M10*积分规则1 -> 0 | O10: 0 | P10: =O10*积分规则1 -> 0
B11: 氪金礼包 | D11: =C11*积分规则1 -> 0 | F11: =E11*积分规则1 -> 0 | H11: =G11*积分规则1 -> 0 | J11: =I11*积分规则1 -> 0 | L11: =K11*积分规则1 -> 0 | N11: =M11*积分规则1 -> 0 | P11: =O11*积分规则1 -> 0
B12: 氪金基金 | D12: =C12*积分规则1 -> 0 | F12: =E12*积分规则1 -> 0 | H12: =G12*积分规则1 -> 0 | J12: =I12*积分规则1 -> 0 | L12: =K12*积分规则1 -> 0 | N12: =M12*积分规则1 -> 0 | P12: =O12*积分规则1 -> 0
B13: ="使用"&抽奖道具 -> 使用制作券 | C13: 0 | D13: =C13*积分规则3 -> 0 | E13: 0 | F13: =E13*积分规则3 -> 0 | G13: 0 | H13: =G13*积分规则3 -> 0 | I13: 0 | J13: =I13*积分规则3 -> 0 | K13: 0 | L13: =K13*积分规则3 -> 0 | M13: 0 | N13: =M13*积分规则3 -> 0 | O13: 1220 | P13: =O13*积分规则3 -> 366
B14: ="剩余"&抽奖道具 -> 剩余制作券 | C14: =C22-C13 -> 255 | E14: =C14+SUM(E4:E12)-E13 -> 380 | G14: =E14+SUM(G4:G12)-G13 -> 505 | I14: =G14+SUM(I4:I12)-I13 -> 630 | K14: =I14+SUM(K4:K12)-K13 -> 755 | M14: =K14+SUM(M4:M12)-M13 -> 880 | O14: =M14+SUM(O4:O12)-O13 -> 0
B15: 使用随机箱 | C15: 0 | D15: =C15*随机箱积分 -> 0 | E15: 0 | F15: =E15*随机箱积分 -> 0 | G15: 0 | H15: =G15*随机箱积分 -> 0 | I15: 0 | J15: =I15*随机箱积分 -> 0 | K15: 0 | L15: =K15*随机箱积分 -> 0 | M15: 0 | N15: =M15*随机箱积分 -> 0 | O15: 17 | P15: =O15*随机箱积分 -> 174.335
B16: 剩余随机箱 | C16: =C23-SUM(C15) -> 3 | E16: =E23-SUM(C15,E15) -> 3 | G16: =G23-SUM(C15,E15,G15) -> 3 | I16: =I23-SUM(C15,E15,G15,I15) -> 3 | K16: =K23-SUM(C15,E15,G15,I15,K15) -> 3 | M16: =M23-SUM(C15,E15,G15,I15,K15,M15) -> 3 | O16: =O23-SUM(C15,E15,G15,I15,K15,M15,O15) -> 0
B17: ="商店换"&高级兑换道具 -> 商店换高级卷轴 | C17: 0 | D17: =C17*积分规则2 -> 0 | E17: 0 | F17: =E17*积分规则2 -> 0 | G17: 0 | H17: =G17*积分规则2 -> 0 | I17: 0 | J17: =I17*积分规则2 -> 0 | K17: 0 | L17: =K17*积分规则2 -> 0 | M17: 0 | N17: =M17*积分规则2 -> 0 | O17: 0 | P17: =O17*积分规则2 -> 0
B18: ？
B19: ？
B20: 目标档位 | C20: =IFERROR(LOOKUP(D20,档位积分1:档位积分5,第1档:第5档),"无奖励") -> 第2档 | D20: =SUM(D4:D13)+D15+SUM(D17:D19) -> 2550 | E20: =IFERROR(LOOKUP(F20,档位积分1:档位积分5,第1档:第5档),"无奖励") -> 第1档 | F20: =SUM(F4:F13)+F15+SUM(F17:F19) -> 1250 | G20: =IFERROR(LOOKUP(H20,档位积分1:档位积分5,第1档:第5档),"无奖励") -> 第1档 | H20: =SUM(H4:H13)+H15+SUM(H17:H19) -> 1250 | I20: =IFERROR(LOOKUP(J20,档位积分1:档位积分5,第1档:第5档),"无奖励") -> 第1档 | J20: =SUM(J4:J13)+J15+SUM(J17:J19) -> 1250 | K20: =IFERROR(LOOKUP(L20,档位积分1:档位积分5,第1档:第5档),"无奖励") -> 第1档 | L20: =SUM(L4:L13)+L15+SUM(L17:L19) -> 1250 | M20: =IFERROR(LOOKUP(N20,档位积分1:档位积分5,第1档:第5档),"无奖励") -> 第1档 | N20: =SUM(N4:N13)+N15+SUM(N17:N19) -> 1250 | O20: =IFERROR(LOOKUP(P20,档位积分1:档位积分5,第1档:第5档),"无奖励") -> 第3档 | P20: =SUM(P4:P13)+P15+SUM(P17:P19) -> 3940.335
B21: 下一档位 | C21: =IF(D20>=MAX(档位积分1:档位积分5), "已是最高档", IF(D20<MIN(档位积分1:档位积分5), INDEX(第1档:第5档, 1), INDEX(第1档:第5档, MATCH(D20, 档位积分1:档位积分5, 1)+1))) -> 第3档 | D21: =IF(D20>=MAX(档位积分1:档位积分5), "", IF(D20<MIN(档位积分1:档位积分5), MIN(档位积分1:档位积分5), INDEX(档位积分1:档位积分5, MATCH(D20, 档位积分1:档位积分5, 1)+1))) -> 3800 | E21: =IF(F20>=MAX(档位积分1:档位积分5), "已是最高档", IF(F20<MIN(档位积分1:档位积分5), INDEX(第1档:第5档, 1), INDEX(第1档:第5档, MATCH(F20, 档位积分1:档位积分5, 1)+1))) -> 第2档 | F21: =IF(F20>=MAX(档位积分1:档位积分5), "", IF(F20<MIN(档位积分1:档位积分5), MIN(档位积分1:档位积分5), INDEX(档位积分1:档位积分5, MATCH(F20, 档位积分1:档位积分5, 1)+1))) -> 2500 | G21: =IF(H20>=MAX(档位积分1:档位积分5), "已是最高档", IF(H20<MIN(档位积分1:档位积分5), INDEX(第1档:第5档, 1), INDEX(第1档:第5档, MATCH(H20, 档位积分1:档位积分5, 1)+1))) -> 第2档 | H21: =IF(H20>=MAX(档位积分1:档位积分5), "", IF(H20<MIN(档位积分1:档位积分5), MIN(档位积分1:档位积分5), INDEX(档位积分1:档位积分5, MATCH(H20, 档位积分1:档位积分5, 1)+1))) -> 2500 | I21: =IF(J20>=MAX(档位积分1:档位积分5), "已是最高档", IF(J20<MIN(档位积分1:档位积分5), INDEX(第1档:第5档, 1), INDEX(第1档:第5档, MATCH(J20, 档位积分1:档位积分5, 1)+1))) -> 第2档 | J21: =IF(J20>=MAX(档位积分1:档位积分5), "", IF(J20<MIN(档位积分1:档位积分5), MIN(档位积分1:档位积分5), INDEX(档位积分1:档位积分5, MATCH(J20, 档位积分1:档位积分5, 1)+1))) -> 2500 | K21: =IF(L20>=MAX(档位积分1:档位积分5), "已是最高档", IF(L20<MIN(档位积分1:档位积分5), INDEX(第1档:第5档, 1), INDEX(第1档:第5档, MATCH(L20, 档位积分1:档位积分5, 1)+1))) -> 第2档 | L21: =IF(L20>=MAX(档位积分1:档位积分5), "", IF(L20<MIN(档位积分1:档位积分5), MIN(档位积分1:档位积分5), INDEX(档位积分1:档位积分5, MATCH(L20, 档位积分1:档位积分5, 1)+1))) -> 2500 | M21: =IF(N20>=MAX(档位积分1:档位积分5), "已是最高档", IF(N20<MIN(档位积分1:档位积分5), INDEX(第1档:第5档, 1), INDEX(第1档:第5档, MATCH(N20, 档位积分1:档位积分5, 1)+1))) -> 第2档 | N21: =IF(N20>=MAX(档位积分1:档位积分5), "", IF(N20<MIN(档位积分1:档位积分5), MIN(档位积分1:档位积分5), INDEX(档位积分1:档位积分5, MATCH(N20, 档位积分1:档位积分5, 1)+1))) -> 2500 | O21: =IF(P20>=MAX(档位积分1:档位积分5), "已是最高档", IF(P20<MIN(档位积分1:档位积分5), INDEX(第1档:第5档, 1), INDEX(第1档:第5档, MATCH(P20, 档位积分1:档位积分5, 1)+1))) -> 第4档 | P21: =IF(P20>=MAX(档位积分1:档位积分5), "", IF(P20<MIN(档位积分1:档位积分5), MIN(档位积分1:档位积分5), INDEX(档位积分1:档位积分5, MATCH(P20, 档位积分1:档位积分5, 1)+1))) -> 9100
B22: ="总"&抽奖道具 -> 总制作券 | C22: =SUM(C4:C12) -> 255 | D22: =C13*实测高级兑换道具数量*积分规则2 -> 0 | E22: =C22+SUM(E4:E12) -> 380 | F22: 0 | G22: =E22+SUM(G4:G12) -> 505 | H22: 0 | I22: =G22+SUM(I4:I12) -> 630 | J22: 0 | K22: =I22+SUM(K4:K12) -> 755 | L22: 0 | M22: =K22+SUM(M4:M12) -> 880 | N22: 0 | O22: =M22+SUM(O4:O12) -> 1220 | P22: 0
B23: 总随机箱 | C23: =IFERROR(LOOKUP(D20,档位积分1:档位积分5,档位奖励1:档位奖励5),0) -> 3 | D23: =C23*随机箱积分 -> 30.765 | E23: =IFERROR(LOOKUP(F20,档位积分1:档位积分5,档位奖励1:档位奖励5),0)+C23 -> 3 | F23: =E23*随机箱积分 -> 30.765 | G23: =IFERROR(LOOKUP(H20,档位积分1:档位积分5,档位奖励1:档位奖励5),0)+E23 -> 3 | H23: =G23*随机箱积分 -> 30.765 | I23: =IFERROR(LOOKUP(J20,档位积分1:档位积分5,档位奖励1:档位奖励5),0)+G23 -> 3 | J23: =I23*随机箱积分 -> 30.765 | K23: =IFERROR(LOOKUP(L20,档位积分1:档位积分5,档位奖励1:档位奖励5),0)+I23 -> 3 | L23: =K23*随机箱积分 -> 30.765 | M23: =IFERROR(LOOKUP(N20,档位积分1:档位积分5,档位奖励1:档位奖励5),0)+K23 -> 3 | N23: =M23*随机箱积分 -> 30.765 | O23: =IFERROR(LOOKUP(P20,档位积分1:档位积分5,档位奖励1:档位奖励5),0)+M23 -> 17 | P23: =O23*随机箱积分 -> 174.335
B24: =普通兑换道具 -> 普通卷轴 | C24: =C13*普通兑换道具数量 -> 0 | E24: =E13*普通兑换道具数量+C24 -> 0 | G24: =G13*普通兑换道具数量+E24 -> 0 | I24: =I13*普通兑换道具数量+G24 -> 0 | K24: =K13*普通兑换道具数量+I24 -> 0 | M24: =M13*普通兑换道具数量+K24 -> 0 | O24: =O13*普通兑换道具数量+M24-O17*24 -> 14335
B25: =高级兑换道具 -> 高级卷轴 | C25: =C13*高级兑换道具数量+C15*随机箱高级道具 -> 0 | E25: =E13*高级兑换道具数量+E15*随机箱高级道具+C25 -> 0 | G25: =G13*高级兑换道具数量+G15*随机箱高级道具+E25 -> 0 | I25: =I13*高级兑换道具数量+I15*随机箱高级道具+G25 -> 0 | K25: =K13*高级兑换道具数量+K15*随机箱高级道具+I25 -> 0 | M25: =M13*高级兑换道具数量+M15*随机箱高级道具+K25 -> 0 | O25: =O13*高级兑换道具数量+O15*随机箱高级道具+M25+O17 -> 540.335
B26: 氪金RMB | C26: 0 | D26: 0 | E26: 0 | F26: 0 | G26: 0 | H26: 0 | I26: 0 | J26: 0 | K26: 0 | L26: 0 | M26: 0 | N26: 0 | O26: 0 | P26: 0
C27: 0 | D27: 0 | E27: 0 | F27: 0 | G27: 0 | H27: 0 | I27: 0 | J27: 0 | K27: 0 | L27: 0 | M27: 0 | N27: 0 | O27: 0 | P27: 0
B29: 氪金翡翠 | C29: =IFERROR(LOOKUP(C26,价格6:价格648,翡翠100:翡翠10000),0) -> 0 | D29: =IFERROR(LOOKUP(D26,价格6:价格648,翡翠100:翡翠10000),0) -> 0 | E29: =IFERROR(LOOKUP(E26,价格6:价格648,翡翠100:翡翠10000),0) -> 0 | F29: =IFERROR(LOOKUP(F26,价格6:价格648,翡翠100:翡翠10000),0) -> 0 | G29: =IFERROR(LOOKUP(G26,价格6:价格648,翡翠100:翡翠10000),0) -> 0 | H29: =IFERROR(LOOKUP(H26,价格6:价格648,翡翠100:翡翠10000),0) -> 0 | I29: =IFERROR(LOOKUP(I26,价格6:价格648,翡翠100:翡翠10000),0) -> 0 | J29: =IFERROR(LOOKUP(J26,价格6:价格648,翡翠100:翡翠10000),0) -> 0 | ... P29: =IFERROR(LOOKUP(P26,价格6:价格648,翡翠100:翡翠10000),0) -> 0
C30: =IFERROR(LOOKUP(C27,价格6:价格648,翡翠100:翡翠10000),0) -> 0 | D30: =IFERROR(LOOKUP(D27,价格6:价格648,翡翠100:翡翠10000),0) -> 0 | E30: =IFERROR(LOOKUP(E27,价格6:价格648,翡翠100:翡翠10000),0) -> 0 | F30: =IFERROR(LOOKUP(F27,价格6:价格648,翡翠100:翡翠10000),0) -> 0 | G30: =IFERROR(LOOKUP(G27,价格6:价格648,翡翠100:翡翠10000),0) -> 0 | H30: =IFERROR(LOOKUP(H27,价格6:价格648,翡翠100:翡翠10000),0) -> 0 | I30: =IFERROR(LOOKUP(I27,价格6:价格648,翡翠100:翡翠10000),0) -> 0 | J30: =IFERROR(LOOKUP(J27,价格6:价格648,翡翠100:翡翠10000),0) -> 0 | ... O30: =IFERROR(LOOKUP(O27,价格6:价格648,翡翠100:翡翠10000),0) -> 0 | P30: 0
B32: 总体策略 | C32: =SUM(C6,E6,G6,I6,K6,M6,O6)*钻石购买 &"钻石" -> 12900钻石 | I32: =SUM(C26:P28) &"元" -> 0元 | M32: =SUM(C29:P31) & "翡翠" -> 0翡翠
C33: ="最终收益："&ROUNDDOWN(O25,0)&B25&"+"&ROUNDDOWN(O24,0)&B24 -> 最终收益：540高级卷轴+14335普通卷轴

Sheet 哥布林1.3w钻攻略图
B2: 哥布林弹珠｜1.3万钻攻略
B4: 预算 | D4: ="期望"&普通兑换道具 -> 期望普通卷轴 | G4: ="期望"&高级兑换道具 -> 期望高级卷轴
B6: =哥布林弹珠1.3w!C32 -> 12900钻石 | D6: =哥布林弹珠1.3w!O24 -> 14335 | G6: =哥布林弹珠1.3w!O25 -> 540.335
B8: 可兑换： 觉醒核心自选箱×1 + SS限定烙印自选箱×1 + S装备自选箱×1 或 S武器自选箱×1
B11: 天数 | C11: 今天只做这些 | D11: =哥布林弹珠1.3w!B20 -> 目标档位 | E11: =哥布林弹珠1.3w!B13 -> 使用制作券 | F11: =哥布林弹珠1.3w!B14 -> 剩余制作券 | G11: =哥布林弹珠1.3w!B16 -> 剩余随机箱 | H11: ="期望"&普通兑换道具 -> 期望普通卷轴 | I11: ="期望"&高级兑换道具 -> 期望高级卷轴
B12: Day1 | C12: ① 登录5券+任务125券 ② 钻石购买120券 ③ 今日不用券可拿第2档奖励 | D12: =哥布林弹珠1.3w!C20 -> 第2档 | E12: =哥布林弹珠1.3w!C13 -> 0 | F12: =哥布林弹珠1.3w!C14 -> 255 | G12: =哥布林弹珠1.3w!C16 -> 3 | H12: =哥布林弹珠1.3w!C24 -> 0 | I12: =哥布林弹珠1.3w!C25 -> 0
B13: Day2 | C13: ① 任务125券 ② 攒券不用 | D13: =哥布林弹珠1.3w!E20 -> 第1档 | E13: =哥布林弹珠1.3w!E13 -> 0 | F13: =哥布林弹珠1.3w!E14 -> 380 | G13: =哥布林弹珠1.3w!E16 -> 3 | H13: =哥布林弹珠1.3w!E24 -> 0 | I13: =哥布林弹珠1.3w!E25 -> 0
B14: Day3 | C14: ① 任务125券 ② 攒券不用 | D14: =哥布林弹珠1.3w!G20 -> 第1档 | E14: =哥布林弹珠1.3w!G13 -> 0 | F14: =哥布林弹珠1.3w!G14 -> 505 | G14: =哥布林弹珠1.3w!G16 -> 3 | H14: =哥布林弹珠1.3w!G24 -> 0 | I14: =哥布林弹珠1.3w!G25 -> 0
B15: Day4 | C15: ① 任务125券 ② 攒券不用 | D15: =哥布林弹珠1.3w!I20 -> 第1档 | E15: =哥布林弹珠1.3w!I13 -> 0 | F15: =哥布林弹珠1.3w!I14 -> 630 | G15: =哥布林弹珠1.3w!I16 -> 3 | H15: =哥布林弹珠1.3w!I24 -> 0 | I15: =哥布林弹珠1.3w!I25 -> 0
B16: Day5 | C16: ① 任务125券 ② 攒券不用 | D16: =哥布林弹珠1.3w!K20 -> 第1档 | E16: =哥布林弹珠1.3w!K13 -> 0 | F16: =哥布林弹珠1.3w!K14 -> 755 | G16: =哥布林弹珠1.3w!K16 -> 3 | H16: =哥布林弹珠1.3w!K24 -> 0 | I16: =哥布林弹珠1.3w!K25 -> 0
B17: Day6 | C17: ① 任务125券 ② 攒券不用 | D17: =哥布林弹珠1.3w!M20 -> 第1档 | E17: =哥布林弹珠1.3w!M13 -> 0 | F17: =哥布林弹珠1.3w!M14 -> 880 | G17: =哥布林弹珠1.3w!M16 -> 3 | H17: =哥布林弹珠1.3w!M24 -> 0 | I17: =哥布林弹珠1.3w!M25 -> 0
A18: 收尾日 | B18: Day7 | C18: ① 任务125券+钻石购买90券 ② 用掉全部券后领取基金125券 ③ 继续用掉全部券+随机箱拿第3档奖励 | D18: =哥布林弹珠1.3w!O20 -> 第3档 | E18: =哥布林弹珠1.3w!O13 -> 1220 | F18: =哥布林弹珠1.3w!O14 -> 0 | G18: =哥布林弹珠1.3w!O16 -> 0 | H18: =哥布林弹珠1.3w!O24 -> 14335 | I18: =哥布林弹珠1.3w!O25 -> 540.335
B20: 风险提示
B21: 如果纯白嫖，0钻+免费基金也能获得约286高级卷轴+11221普通卷轴 最后1天只买90券理论上即可拿第3档奖励 如果想换更多东西，可按需购买制作券。每1张券可获得约11.75普通卷轴和0.3高级卷轴

Sheet 哥布林弹珠氪金
C2: 第1天 | E2: 第2天 | G2: 第3天 | I2: 第4天 | K2: 第5天 | M2: 第6天 | O2: 第7天
C3: =抽奖道具 -> 制作券 | D3: 积分 | E3: =抽奖道具 -> 制作券 | F3: 积分 | G3: =抽奖道具 -> 制作券 | H3: 积分 | I3: =抽奖道具 -> 制作券 | J3: 积分 | K3: =抽奖道具 -> 制作券 | L3: 积分 | M3: =抽奖道具 -> 制作券 | N3: 积分 | O3: =抽奖道具 -> 制作券 | P3: 积分
B4: 首次登录 | C4: 5 | D4: =C4*积分规则1 -> 50 | F4: =E4*积分规则1 -> 0 | H4: =G4*积分规则1 -> 0 | J4: =I4*积分规则1 -> 0 | L4: =K4*积分规则1 -> 0 | N4: =M4*积分规则1 -> 0 | P4: =O4*积分规则1 -> 0
B5: 每日任务 | C5: 125 | D5: =C5*积分规则1 -> 1250 | E5: 125 | F5: =E5*积分规则1 -> 1250 | G5: 125 | H5: =G5*积分规则1 -> 1250 | I5: 125 | J5: =I5*积分规则1 -> 1250 | K5: 125 | L5: =K5*积分规则1 -> 1250 | M5: 125 | N5: =M5*积分规则1 -> 1250 | O5: 125 | P5: =O5*积分规则1 -> 1250
B6: 钻石购买 | C6: 120 | D6: =C6*积分规则1 -> 1200 | E6: 120 | F6: =E6*积分规则1 -> 1200 | G6: 120 | H6: =G6*积分规则1 -> 1200 | I6: 120 | J6: =I6*积分规则1 -> 1200 | K6: 120 | L6: =K6*积分规则1 -> 1200 | M6: 120 | N6: =M6*积分规则1 -> 1200 | O6: 120 | P6: =O6*积分规则1 -> 1200
B7: 免费基金 | D7: =C7*积分规则1 -> 0 | E7: 0 | F7: =E7*积分规则1 -> 0 | H7: =G7*积分规则1 -> 0 | J7: =I7*积分规则1 -> 0 | K7: 0 | L7: =K7*积分规则1 -> 0 | M7: 125 | N7: =M7*积分规则1 -> 1250 | O7: 0 | P7: =O7*积分规则1 -> 0
B8: 活动签到 | D8: =C8*积分规则1 -> 0 | F8: =E8*积分规则1 -> 0 | H8: =G8*积分规则1 -> 0 | J8: =I8*积分规则1 -> 0 | L8: =K8*积分规则1 -> 0 | N8: =M8*积分规则1 -> 0 | P8: =O8*积分规则1 -> 0
B9: 广告观看 | C9: 0 | D9: =C9*积分规则1 -> 0 | E9: 0 | F9: =E9*积分规则1 -> 0 | G9: 0 | H9: =G9*积分规则1 -> 0 | I9: 0 | J9: =I9*积分规则1 -> 0 | K9: 0 | L9: =K9*积分规则1 -> 0 | M9: 0 | N9: =M9*积分规则1 -> 0 | O9: 0 | P9: =O9*积分规则1 -> 0
B10: 商店兑换 | C10: 0 | D10: =C10*积分规则1 -> 0 | E10: 0 | F10: =E10*积分规则1 -> 0 | G10: 0 | H10: =G10*积分规则1 -> 0 | I10: 0 | J10: =I10*积分规则1 -> 0 | K10: 0 | L10: =K10*积分规则1 -> 0 | M10: 0 | N10: =M10*积分规则1 -> 0 | O10: 0 | P10: =O10*积分规则1 -> 0
B11: 氪金礼包 | C11: 125 | D11: =C11*积分规则1 -> 1250 | E11: 125 | F11: =E11*积分规则1 -> 1250 | G11: 0 | H11: =G11*积分规则1 -> 0 | J11: =I11*积分规则1 -> 0 | L11: =K11*积分规则1 -> 0 | M11: 0 | N11: =M11*积分规则1 -> 0 | O11: 50 | P11: =O11*积分规则1 -> 500
B12: 氪金基金 | D12: =C12*积分规则1 -> 0 | F12: =E12*积分规则1 -> 0 | H12: =G12*积分规则1 -> 0 | J12: =I12*积分规则1 -> 0 | L12: =K12*积分规则1 -> 0 | N12: =M12*积分规则1 -> 0 | O12: 0
B13: ="使用"&抽奖道具 -> 使用制作券 | C13: 167 | D13: =C13*积分规则3 -> 50.1 | E13: 334 | F13: =E13*积分规则3 -> 100.2 | G13: 167 | H13: =G13*积分规则3 -> 50.1 | I13: 167 | J13: =I13*积分规则3 -> 50.1 | K13: 167 | L13: =K13*积分规则3 -> 50.1 | M13: 334 | N13: =M13*积分规则3 -> 100.2 | O13: 809 | P13: =O13*积分规则3 -> 242.7
B14: ="剩余"&抽奖道具 -> 剩余制作券 | C14: =C22-C13 -> 208 | E14: =C14+SUM(E4:E12)-E13 -> 244 | G14: =E14+SUM(G4:G12)-G13 -> 322 | I14: =G14+SUM(I4:I12)-I13 -> 400 | K14: =I14+SUM(K4:K12)-K13 -> 478 | M14: =K14+SUM(M4:M12)-M13 -> 514 | O14: =M14+SUM(O4:O12)-O13 -> 0
B15: 使用随机箱 | C15: 0 | D15: =C15*随机箱积分 -> 0 | E15: 0 | F15: =E15*随机箱积分 -> 0 | G15: 0 | H15: =G15*随机箱积分 -> 0 | I15: 0 | J15: =I15*随机箱积分 -> 0 | K15: 0 | L15: =K15*随机箱积分 -> 0 | M15: 0 | N15: =M15*随机箱积分 -> 0 | O15: 110 | P15: =O15*随机箱积分 -> 1128.05 | R15: 45随机箱
B16: 剩余随机箱 | C16: =C23-SUM(C15) -> 14 | E16: =E23-SUM(C15,E15) -> 28 | G16: =G23-SUM(C15,E15,G15) -> 31 | I16: =I23-SUM(C15,E15,G15,I15) -> 34 | K16: =K23-SUM(C15,E15,G15,I15,K15) -> 37 | M16: =M23-SUM(C15,E15,G15,I15,K15,M15)+M12 -> 51 | O16: =O23-SUM(C15,E15,G15,I15,K15,M15,O15)+45 -> 0
B17: ="商店换"&高级兑换道具 -> 商店换高级卷轴 | C17: 0 | D17: =C17*积分规则2 -> 0 | E17: 0 | F17: =E17*积分规则2 -> 0 | G17: 0 | H17: =G17*积分规则2 -> 0 | I17: 0 | J17: =I17*积分规则2 -> 0 | K17: 0 | L17: =K17*积分规则2 -> 0 | M17: 0 | N17: =M17*积分规则2 -> 0 | O17: 100 | P17: =O17*积分规则2 -> 100
B18: ？
B19: ？
B20: 目标档位 | C20: =IFERROR(LOOKUP(D20,档位积分1:档位积分5,第1档:第5档),"无奖励") -> 第3档 | D20: =SUM(D4:D13)+D15+SUM(D17:D19) -> 3800.1 | E20: =IFERROR(LOOKUP(F20,档位积分1:档位积分5,第1档:第5档),"无奖励") -> 第3档 | F20: =SUM(F4:F13)+F15+SUM(F17:F19) -> 3800.2 | G20: =IFERROR(LOOKUP(H20,档位积分1:档位积分5,第1档:第5档),"无奖励") -> 第2档 | H20: =SUM(H4:H13)+H15+SUM(H17:H19) -> 2500.1 | I20: =IFERROR(LOOKUP(J20,档位积分1:档位积分5,第1档:第5档),"无奖励") -> 第2档 | J20: =SUM(J4:J13)+J15+SUM(J17:J19) -> 2500.1 | K20: =IFERROR(LOOKUP(L20,档位积分1:档位积分5,第1档:第5档),"无奖励") -> 第2档 | L20: =SUM(L4:L13)+L15+SUM(L17:L19) -> 2500.1 | M20: =IFERROR(LOOKUP(N20,档位积分1:档位积分5,第1档:第5档),"无奖励") -> 第3档 | N20: =SUM(N4:N13)+N15+SUM(N17:N19) -> 3800.2 | O20: =IFERROR(LOOKUP(P20,档位积分1:档位积分5,第1档:第5档),"无奖励") -> 第3档 | P20: =SUM(P4:P13)+P15+SUM(P17:P19) -> 4420.75
B21: 下一档位 | C21: =IF(D20>=MAX(档位积分1:档位积分5), "已是最高档", IF(D20<MIN(档位积分1:档位积分5), INDEX(第1档:第5档, 1), INDEX(第1档:第5档, MATCH(D20, 档位积分1:档位积分5, 1)+1))) -> 第4档 | D21: =IF(D20>=MAX(档位积分1:档位积分5), "", IF(D20<MIN(档位积分1:档位积分5), MIN(档位积分1:档位积分5), INDEX(档位积分1:档位积分5, MATCH(D20, 档位积分1:档位积分5, 1)+1))) -> 9100 | E21: =IF(F20>=MAX(档位积分1:档位积分5), "已是最高档", IF(F20<MIN(档位积分1:档位积分5), INDEX(第1档:第5档, 1), INDEX(第1档:第5档, MATCH(F20, 档位积分1:档位积分5, 1)+1))) -> 第4档 | F21: =IF(F20>=MAX(档位积分1:档位积分5), "", IF(F20<MIN(档位积分1:档位积分5), MIN(档位积分1:档位积分5), INDEX(档位积分1:档位积分5, MATCH(F20, 档位积分1:档位积分5, 1)+1))) -> 9100 | G21: =IF(H20>=MAX(档位积分1:档位积分5), "已是最高档", IF(H20<MIN(档位积分1:档位积分5), INDEX(第1档:第5档, 1), INDEX(第1档:第5档, MATCH(H20, 档位积分1:档位积分5, 1)+1))) -> 第3档 | H21: =IF(H20>=MAX(档位积分1:档位积分5), "", IF(H20<MIN(档位积分1:档位积分5), MIN(档位积分1:档位积分5), INDEX(档位积分1:档位积分5, MATCH(H20, 档位积分1:档位积分5, 1)+1))) -> 3800 | I21: =IF(J20>=MAX(档位积分1:档位积分5), "已是最高档", IF(J20<MIN(档位积分1:档位积分5), INDEX(第1档:第5档, 1), INDEX(第1档:第5档, MATCH(J20, 档位积分1:档位积分5, 1)+1))) -> 第3档 | J21: =IF(J20>=MAX(档位积分1:档位积分5), "", IF(J20<MIN(档位积分1:档位积分5), MIN(档位积分1:档位积分5), INDEX(档位积分1:档位积分5, MATCH(J20, 档位积分1:档位积分5, 1)+1))) -> 3800 | K21: =IF(L20>=MAX(档位积分1:档位积分5), "已是最高档", IF(L20<MIN(档位积分1:档位积分5), INDEX(第1档:第5档, 1), INDEX(第1档:第5档, MATCH(L20, 档位积分1:档位积分5, 1)+1))) -> 第3档 | L21: =IF(L20>=MAX(档位积分1:档位积分5), "", IF(L20<MIN(档位积分1:档位积分5), MIN(档位积分1:档位积分5), INDEX(档位积分1:档位积分5, MATCH(L20, 档位积分1:档位积分5, 1)+1))) -> 3800 | M21: =IF(N20>=MAX(档位积分1:档位积分5), "已是最高档", IF(N20<MIN(档位积分1:档位积分5), INDEX(第1档:第5档, 1), INDEX(第1档:第5档, MATCH(N20, 档位积分1:档位积分5, 1)+1))) -> 第4档 | N21: =IF(N20>=MAX(档位积分1:档位积分5), "", IF(N20<MIN(档位积分1:档位积分5), MIN(档位积分1:档位积分5), INDEX(档位积分1:档位积分5, MATCH(N20, 档位积分1:档位积分5, 1)+1))) -> 9100 | O21: =IF(P20>=MAX(档位积分1:档位积分5), "已是最高档", IF(P20<MIN(档位积分1:档位积分5), INDEX(第1档:第5档, 1), INDEX(第1档:第5档, MATCH(P20, 档位积分1:档位积分5, 1)+1))) -> 第4档 | P21: =IF(P20>=MAX(档位积分1:档位积分5), "", IF(P20<MIN(档位积分1:档位积分5), MIN(档位积分1:档位积分5), INDEX(档位积分1:档位积分5, MATCH(P20, 档位积分1:档位积分5, 1)+1))) -> 9100
B22: ="总"&抽奖道具 -> 总制作券 | C22: =SUM(C4:C12) -> 375 | D22: =C13*实测高级兑换道具数量*积分规则2 -> 0 | E22: =C22+SUM(E4:E12) -> 745 | F22: 0 | G22: =E22+SUM(G4:G12) -> 990 | H22: 0 | I22: =G22+SUM(I4:I12) -> 1235 | J22: 0 | K22: =I22+SUM(K4:K12) -> 1480 | L22: 0 | M22: =K22+SUM(M4:M12) -> 1850 | N22: 0 | O22: =M22+SUM(O4:O12) -> 2145 | P22: 0
B23: 总随机箱 | C23: =IFERROR(LOOKUP(D20,档位积分1:档位积分5,档位奖励1:档位奖励5),0) -> 14 | D23: =C23*随机箱积分 -> 143.57 | E23: =IFERROR(LOOKUP(F20,档位积分1:档位积分5,档位奖励1:档位奖励5),0)+C23 -> 28 | F23: =E23*随机箱积分 -> 287.14 | G23: =IFERROR(LOOKUP(H20,档位积分1:档位积分5,档位奖励1:档位奖励5),0)+E23 -> 31 | H23: =G23*随机箱积分 -> 317.905 | I23: =IFERROR(LOOKUP(J20,档位积分1:档位积分5,档位奖励1:档位奖励5),0)+G23 -> 34 | J23: =I23*随机箱积分 -> 348.67 | K23: =IFERROR(LOOKUP(L20,档位积分1:档位积分5,档位奖励1:档位奖励5),0)+I23 -> 37 | L23: =K23*随机箱积分 -> 379.435 | M23: =IFERROR(LOOKUP(N20,档位积分1:档位积分5,档位奖励1:档位奖励5),0)+K23 -> 51 | N23: =M23*随机箱积分 -> 523.005 | O23: =IFERROR(LOOKUP(P20,档位积分1:档位积分5,档位奖励1:档位奖励5),0)+M23 -> 65 | P23: =O23*随机箱积分 -> 666.575
B24: =普通兑换道具 -> 普通卷轴 | C24: =C13*普通兑换道具数量 -> 1962.25 | E24: =E13*普通兑换道具数量+C24 -> 5886.75 | G24: =G13*普通兑换道具数量+E24 -> 7849 | I24: =I13*普通兑换道具数量+G24 -> 9811.25 | K24: =K13*普通兑换道具数量+I24 -> 11773.5 | M24: =M13*普通兑换道具数量+K24 -> 15698 | O24: =O13*普通兑换道具数量+M24-O17*24 -> 22803.75
B25: =高级兑换道具 -> 高级卷轴 | C25: =C13*高级兑换道具数量+C15*随机箱高级道具 -> 50.1 | E25: =E13*高级兑换道具数量+E15*随机箱高级道具+C25 -> 150.3 | G25: =G13*高级兑换道具数量+G15*随机箱高级道具+E25 -> 200.4 | I25: =I13*高级兑换道具数量+I15*随机箱高级道具+G25 -> 250.5 | K25: =K13*高级兑换道具数量+K15*随机箱高级道具+I25 -> 300.6 | M25: =M13*高级兑换道具数量+M15*随机箱高级道具+K25 -> 400.8 | O25: =O13*高级兑换道具数量+O15*随机箱高级道具+M25+O17 -> 1871.55
B26: 氪金RMB | C26: 30 | D26: 68 | E26: 30 | F26: 68 | G26: 0 | H26: 0 | I26: 0 | J26: 0 | K26: 0 | L26: 0 | M26: 0 | N26: 0 | O26: 30 | P26: 68
C27: 0 | D27: 0 | E27: 0 | F27: 0 | G27: 0 | H27: 0 | I27: 0 | J27: 0 | K27: 0 | L27: 0 | M27: 0 | N27: 0 | O27: 0 | P27: 0
B29: 氪金翡翠 | C29: =IFERROR(LOOKUP(C26,价格6:价格648,翡翠100:翡翠10000),0) -> 500 | D29: =IFERROR(LOOKUP(D26,价格6:价格648,翡翠100:翡翠10000),0) -> 1000 | E29: =IFERROR(LOOKUP(E26,价格6:价格648,翡翠100:翡翠10000),0) -> 500 | F29: =IFERROR(LOOKUP(F26,价格6:价格648,翡翠100:翡翠10000),0) -> 1000 | G29: =IFERROR(LOOKUP(G26,价格6:价格648,翡翠100:翡翠10000),0) -> 0 | H29: =IFERROR(LOOKUP(H26,价格6:价格648,翡翠100:翡翠10000),0) -> 0 | I29: =IFERROR(LOOKUP(I26,价格6:价格648,翡翠100:翡翠10000),0) -> 0 | J29: =IFERROR(LOOKUP(J26,价格6:价格648,翡翠100:翡翠10000),0) -> 0 | ... P29: =IFERROR(LOOKUP(P26,价格6:价格648,翡翠100:翡翠10000),0) -> 1000
C30: =IFERROR(LOOKUP(C27,价格6:价格648,翡翠100:翡翠10000),0) -> 0 | D30: =IFERROR(LOOKUP(D27,价格6:价格648,翡翠100:翡翠10000),0) -> 0 | E30: =IFERROR(LOOKUP(E27,价格6:价格648,翡翠100:翡翠10000),0) -> 0 | F30: =IFERROR(LOOKUP(F27,价格6:价格648,翡翠100:翡翠10000),0) -> 0 | G30: =IFERROR(LOOKUP(G27,价格6:价格648,翡翠100:翡翠10000),0) -> 0 | H30: =IFERROR(LOOKUP(H27,价格6:价格648,翡翠100:翡翠10000),0) -> 0 | I30: =IFERROR(LOOKUP(I27,价格6:价格648,翡翠100:翡翠10000),0) -> 0 | J30: =IFERROR(LOOKUP(J27,价格6:价格648,翡翠100:翡翠10000),0) -> 0 | ... O30: =IFERROR(LOOKUP(O27,价格6:价格648,翡翠100:翡翠10000),0) -> 0 | P30: 0
B32: 总体策略 | C32: =SUM(C6,E6,G6,I6,K6,M6,O6)*钻石购买 &"钻石" -> 50400钻石 | I32: =SUM(C26:P28) &"元" -> 294元 | M32: =SUM(C29:P31) & "翡翠" -> 4500翡翠
C33: ="最终收益："&ROUNDDOWN(O25,0)&B25&"+"&ROUNDDOWN(O24,0)&B24 -> 最终收益：1871高级卷轴+22803普通卷轴

Sheet 哥布林4500翡翠攻略图
B2: 哥布林弹珠｜4500翡翠氪金攻略
B4: 预算 | D4: ="期望"&普通兑换道具 -> 期望普通卷轴 | G4: ="期望"&高级兑换道具 -> 期望高级卷轴
B6: =哥布林弹珠氪金!C32 &"+"&哥布林弹珠氪金!M32 -> 50400钻石+4500翡翠 | D6: =哥布林弹珠氪金!O24 -> 22803.75 | G6: =哥布林弹珠氪金!O25 -> 1871.55
B8: 可兑换： 始祖之怒×1 或 超越万能神器核心碎片×30+ 觉醒核心自选箱×2 + SS限定烙印自选箱×1
B11: 天数 | C11: 今天只做这些 | D11: =哥布林弹珠氪金!B20 -> 目标档位 | E11: =哥布林弹珠氪金!B13 -> 使用制作券 | F11: =哥布林弹珠氪金!B14 -> 剩余制作券 | G11: =哥布林弹珠氪金!B16 -> 剩余随机箱 | H11: ="期望"&普通兑换道具 -> 期望普通卷轴 | I11: ="期望"&高级兑换道具 -> 期望高级卷轴
A12: 氪金日 | B12: Day1 | C12: ① 登录5券+任务125券+钻石买120券 ② 制作券礼包Ⅰ+制作券礼包Ⅱ(1500翡翠) ③ 用约167券拿第3档奖励 | D12: =哥布林弹珠氪金!C20 -> 第3档 | E12: =哥布林弹珠氪金!C13 -> 167 | F12: =哥布林弹珠氪金!C14 -> 208 | G12: =哥布林弹珠氪金!C16 -> 14 | H12: =哥布林弹珠氪金!C24 -> 1962.25 | I12: =哥布林弹珠氪金!C25 -> 50.1
A13: 氪金日 | B13: Day2 | C13: ① 任务125券+钻石买120券 ② 制作券礼包Ⅰ+制作券礼包Ⅱ(1500翡翠) ③ 用约334券拿第3档奖励 | D13: =哥布林弹珠氪金!E20 -> 第3档 | E13: =哥布林弹珠氪金!E13 -> 334 | F13: =哥布林弹珠氪金!E14 -> 244 | G13: =哥布林弹珠氪金!E16 -> 28 | H13: =哥布林弹珠氪金!E24 -> 5886.75 | I13: =哥布林弹珠氪金!E25 -> 150.3
B14: Day3 | C14: ① 任务125券+钻石买120券 ② 用约167券,拿第2档奖励 | D14: =哥布林弹珠氪金!G20 -> 第2档 | E14: =哥布林弹珠氪金!G13 -> 167 | F14: =哥布林弹珠氪金!G14 -> 322 | G14: =哥布林弹珠氪金!G16 -> 31 | H14: =哥布林弹珠氪金!G24 -> 7849 | I14: =哥布林弹珠氪金!G25 -> 200.4
B15: Day4 | C15: ① 任务125券+钻石买120券 ② 用约167券,拿第2档奖励 | D15: =哥布林弹珠氪金!I20 -> 第2档 | E15: =哥布林弹珠氪金!I13 -> 167 | F15: =哥布林弹珠氪金!I14 -> 400 | G15: =哥布林弹珠氪金!I16 -> 34 | H15: =哥布林弹珠氪金!I24 -> 9811.25 | I15: =哥布林弹珠氪金!I25 -> 250.5
B16: Day5 | C16: ① 任务125券+钻石买120券 ② 用约167券,拿第2档奖励 | D16: =哥布林弹珠氪金!K20 -> 第2档 | E16: =哥布林弹珠氪金!K13 -> 167 | F16: =哥布林弹珠氪金!K14 -> 478 | G16: =哥布林弹珠氪金!K16 -> 37 | H16: =哥布林弹珠氪金!K24 -> 11773.5 | I16: =哥布林弹珠氪金!K25 -> 300.6
B17: Day6 | C17: ① 任务125券+钻石买120券 ② 用约334券(已累计1336抽) ③ 领基金125券拿第3档奖励 | D17: =哥布林弹珠氪金!M20 -> 第3档 | E17: =哥布林弹珠氪金!M13 -> 334 | F17: =哥布林弹珠氪金!M14 -> 514 | G17: =哥布林弹珠氪金!M16 -> 51 | H17: =哥布林弹珠氪金!M24 -> 15698 | I17: =哥布林弹珠氪金!M25 -> 400.8
A18: 收尾日 | B18: Day7 | C18: ① 任务125券+钻石买120券 ② 用掉约759券，商店兑换100高级卷轴 ③ 氪金基金领45随机箱，开共99随机箱 ④ 以第3档为目标，视情况补氪制作券礼包Ⅰ | D18: =哥布林弹珠氪金!O20 -> 第3档 | E18: =哥布林弹珠氪金!O13 -> 809 | F18: =哥布林弹珠氪金!O14 -> 0 | G18: =哥布林弹珠氪金!O16 -> 0 | H18: =哥布林弹珠氪金!O24 -> 22803.75 | I18: =哥布林弹珠氪金!O25 -> 1871.55
B20: 风险提示
B21: 七天内目标档位分别为3、3、2、2、2、3、3。只氪制作券礼包Ⅰ和Ⅱ 最后1天如果不氪礼包，理论上积分为3791，很接近第三档(3800)，运气好则无需氪金
