Workbook
Name 抽奖道具: 基础计算设置!$B$1
Name 档位积分1: 基础计算设置!$B$6
Name 档位积分2: 基础计算设置!$B$7
Name 档位积分3: 基础计算设置!$B$8
Name 档位积分4: 基础计算设置!$B$9
Name 档位积分5: 基础计算设置!$B$10
Name 档位奖励1: 基础计算设置!$C$6
Name 档位奖励2: 基础计算设置!$C$7
Name 档位奖励3: 基础计算设置!$C$8
Name 档位奖励4: 基础计算设置!$C$9
Name 档位奖励5: 基础计算设置!$C$10
Name 第1档: 基础计算设置!$A$6
Name 第5档: 基础计算设置!$A$10
Name 翡翠100: 基础计算设置!$B$29
Name 翡翠10000: 基础计算设置!$B$36
Name 高级兑换道具: 基础计算设置!$B$3
Name 高级兑换道具抽奖期望: 基础计算设置!$I$29
Name 积分规则1: 基础计算设置!$B$13
Name 积分规则2: 基础计算设置!$B$14
Name 积分规则3: 基础计算设置!$I$30
Name 价格6: 基础计算设置!$A$29
Name 价格648: 基础计算设置!$A$36
Name 普通兑换道具: 基础计算设置!$B$2
Name 普通兑换道具抽奖期望: 基础计算设置!#REF!
Name 随机箱高级道具期望: 基础计算设置!$C$26
Name 随机箱积分: 基础计算设置!$D$26
Name 钻石购买: 基础计算设置!$B$18
Name 钻石限购: 基础计算设置!$B$19

Sheet 兑换列表
B1: 高级兑换 | G1: 普通兑换
B2: 消耗内容 | C2: 获得内容 | D2: 限购次数 | E2: 限制条件 | G2: 消耗内容 | H2: 获得内容 | I2: 限购次数 | J2: 限制条件 | K2: 需要鱼饵 | L2: 需要钻石 | M2: 实际价值
B3: 鱼王之证×60 | C3: 灰烬始祖龙×1 | D3: 1 | E3: 主线第150章生存1天；开服179天 | G3: 断线×1 | H3: 鱼饵×1 | I3: 10
B4: 鱼王之证×60 | C4: 超越万能神器核心碎片×30 | D4: 5 | G4: 钓鱼积分×1500 | H4: 宠物蛋×120 | I4: 50
B5: 鱼王之证×30 | C5: 万能英杰碎片×120 | D5: 5 | G5: 钓鱼积分×1200 | H5: 宠物粮×2000 | I5: 50
B6: 鱼王之证×60 | C6: SS+S武器至宝自选箱×1 | D6: 3 | G6: 钓鱼积分×1000 | H6: 天外陨铁×40 | I6: 50
B7: 鱼王之证×60 | C7: SS+S装备至宝自选箱×1 | D7: 3 | G7: 钓鱼积分×200 | H7: 鱼饵×5 | I7: 4
B8: 鱼王之证×20 | C8: 春兰×1 | D8: 3 | G8: 断线×1 | H8: 鱼饵×1 | I8: 10 | J8: 累计垂钓重量75kg
B9: 鱼王之证×20 | C9: 宠物苏苏×10 | D9: 3 | G9: 钓鱼积分×3000 | H9: 装备图纸×20 | I9: 20 | J9: 累计垂钓重量75kg
B10: 鱼王之证×12 | C10: S史诗传承自选箱×1 | D10: 1 | G10: 钓鱼积分×2400 | H10: 金钥匙×10 | I10: 20 | J10: 累计垂钓重量75kg
B11: 鱼王之证×8 | C11: 连携祝福卷轴×1 | D11: 1 | G11: 钓鱼积分×1400 | H11: 黄金宝箱×2 | I11: 20 | J11: 累计垂钓重量75kg
B12: 鱼王之证×8 | C12: 橙秘宝自选箱×1 | D12: 1 | G12: 钓鱼积分×400 | H12: 鱼饵×5 | I12: 8 | J12: 累计垂钓重量75kg
B13: 鱼王之证×8 | C13: 史诗传承自选箱×1 | D13: 1 | G13: 断线×5 | H13: 鱼饵×5 | I13: 10 | J13: 累计垂钓重量230kg
B14: 鱼王之证×5 | C14: 置换符×1 | D14: 1 | G14: 钓鱼积分×4800 | H14: 传说钥匙×5 | I14: 6 | J14: 累计垂钓重量230kg | K14: =4800/468 -> 10.25641 | L14: =K14*80 -> 820.51282 | M14: 1600
B15: 鱼王之证×5 | C15: 英杰契约×1 | D15: 5 | G15: 钓鱼积分×4800 | H15: 宝石钥匙×5 | I15: 4 | J15: 累计垂钓重量230kg | K15: =4800/468 -> 10.25641 | L15: =K15*80 -> 820.51282 | M15: 1600
B16: 鱼王之证×1 | C16: 天外陨铁×50 | D16: 无限制 | G16: 钓鱼积分×4800 | H16: 秘宝钥匙×5 | I16: 4 | J16: 累计垂钓重量230kg | K16: =4800/468 -> 10.25641 | L16: =K16*80 -> 820.51282 | M16: 1600
G17: 钓鱼积分×2000 | H17: 金蹄铁×100 | I17: 50 | J17: 累计垂钓重量230kg
G18: 钓鱼积分×1800 | H18: 宠物宝箱×1 | I18: 10 | J18: 累计垂钓重量230kg
G19: 钓鱼积分×800 | H19: 龙巢挑战券×2 | I19: 10 | J19: 累计垂钓重量230kg | K19: =800/468 -> 1.7094017 | L19: =K19*80 -> 136.75214 | M19: =74*2 -> 148
G20: 钓鱼积分×600 | H20: 鱼饵×5 | I20: 12 | J20: 累计垂钓重量230kg
G21: 断线×5 | H21: 鱼饵×5 | I21: 10 | J21: 累计垂钓重量500kg
G22: 钓鱼积分×100000 | H22: SS+S武器至宝自选箱×1 | I22: 1 | J22: 累计垂钓重量500kg | K22: =100000/468 -> 213.67521 | L22: =K22*80 -> 17094.017 | M22: 64000
G23: 钓鱼积分×100000 | H23: SS+S装备至宝自选箱×1 | I23: 1 | J23: 累计垂钓重量500kg | K23: =100000/468 -> 213.67521 | L23: =K23*80 -> 17094.017
G24: 钓鱼积分×75000 | H24: 觉醒核心自选箱×1 | I24: 1 | J24: 累计垂钓重量500kg | K24: =75000/468 -> 160.25641 | L24: =K24*80 -> 12820.513
G25: 钓鱼积分×60000 | H25: SS限定烙印自选箱×1 | I25: 1 | J25: 累计垂钓重量500kg；主线第150章生存1天；开服179天 | K25: =60000/468 -> 128.20513 | L25: =K25*80 -> 10256.41 | M25: 40000
G26: 钓鱼积分×50000 | H26: 随机英杰箱×1 | I26: 5 | J26: 累计垂钓重量500kg
G27: 钓鱼积分×30000 | H27: 限定烙印自选箱×1 | I27: 5 | J27: 累计垂钓重量500kg
G28: 钓鱼积分×20000 | H28: 臻选皮肤自选箱×1 | I28: 1 | J28: 累计垂钓重量500kg
G29: 钓鱼积分×20000 | H29: 不变石×10 | I29: 5 | J29: 累计垂钓重量500kg
G30: 钓鱼积分×15000 | H30: 随机烙印箱×1 | I30: 5 | J30: 累计垂钓重量500kg
G31: 钓鱼积分×10000 | H31: 幸运银币×5 | I31: 3 | J31: 累计垂钓重量500kg
G32: 钓鱼积分×9000 | H32: 紫晶宝箱×1 | I32: 5 | J32: 累计垂钓重量500kg
G33: 钓鱼积分×6400 | H33: 卡皮筹码×5 | I33: 2 | J33: 累计垂钓重量500kg；主线第150章生存1天；开服179天 | K33: =6400/468 -> 13.675214 | L33: =K33*80 -> 1094.0171 | M33: 1500
G34: 钓鱼积分×6400 | H34: 祈愿函×5 | I34: 6 | J34: 累计垂钓重量500kg
G35: 钓鱼积分×5200 | H35: 精力×10 | I35: 5 | J35: 累计垂钓重量500kg；主线第150章生存1天；开服179天 | K35: =5200/468 -> 11.111111 | L35: =K35*80 -> 888.88889 | M35: 500
G36: 钓鱼积分×5000 | H36: 天外陨铁×10 | I36: 2000 | J36: 累计垂钓重量500kg
G37: 钓鱼积分×5000 | H37: 家园币×50 | I37: 10 | J37: 累计垂钓重量500kg
G38: 钓鱼积分×4800 | H38: 传承书自选箱×1 | I38: 10 | J38: 累计垂钓重量500kg
G39: 钓鱼积分×3200 | H39: 英杰契约×1 | I39: 10 | J39: 累计垂钓重量500kg
G40: 钓鱼积分×1500 | H40: 鱼饵×10 | I40: 8 | J40: 累计垂钓重量500kg

Sheet 基础计算设置
A1: 抽奖道具 | B1: 鱼饵 | F1: 钓场id | G1: 解锁重量 | H1: 鱼 | I1: 钓上概率 | J1: 初始积分 | K1: 波动范围(%) | L1: 区域平均积分 | M1: 初始重量(KG) | N1: 区域平均重量 | O1: 前往下一区域次数 | P1: 前往下一区域累积积分
A2: 普通兑换道具 | B2: 钓鱼积分 | F2: 1 | G2: 0 | H2: 魔鬼鱼 | I2: 0.375 | J2: 30 | K2: [75, 125] | L2: =SUMPRODUCT(I2:I7,J2:J7) -> 97.5 | M2: =J2/100 -> 0.3 | N2: =SUMPRODUCT(I2:I7,M2:M7) -> 0.975 | O2: =G8/N2 -> 76.923077 | P2: 7500
A3: 高级兑换道具 | B3: 鱼王之证 | H3: 纵带羊鱼 | I3: 0.25 | J3: 60 | K3: [75, 125] | M3: =J3/100 -> 0.6
H4: 大梭鱼 | I4: 0.125 | J4: 90 | K4: [75, 125] | M4: =J4/100 -> 0.9
A5: 档位 | B5: 累积积分 | C5: 累积随机箱 | H5: 天竺鲷 | I5: 0.15 | J5: 150 | K5: [75, 125] | M5: =J5/100 -> 1.5
A6: 第1档 | B6: 210 | C6: 0 | H6: 安康鱼 | I6: 0.075 | J6: 300 | K6: [75, 125] | M6: =J6/100 -> 3
A7: 第2档 | B7: 630 | C7: 1 | H7: 白面弄鱼 | I7: 0.025 | J7: 600 | K7: [75, 125] | M7: =J7/100 -> 6
A8: 第3档 | B8: 1060 | C8: 6 | F8: 2 | G8: 75 | H8: 稻田鱼 | I8: 0.375 | J8: 48 | K8: [75, 125] | L8: =SUMPRODUCT(I8:I13,J8:J13) -> 156 | M8: =J8/100 -> 0.48 | N8: =SUMPRODUCT(I8:I13,M8:M13) -> 1.56 | O8: =(P8-P2)/L8+O2 -> 176.28205 | P8: 23000
A9: 第4档 | B9: 2520 | C9: 26 | H9: 翻车鱼 | I9: 0.25 | J9: 96 | K9: [75, 125] | M9: =J9/100 -> 0.96
A10: 第5档 | B10: 3980 | C10: 50 | H10: 骨舌鱼 | I10: 0.125 | J10: 144 | K10: [75, 125] | M10: =J10/100 -> 1.44
H11: 海胆 | I11: 0.15 | J11: 240 | K11: [75, 125] | M11: =J11/100 -> 2.4
A12: 积分规则 | H12: 海螺 | I12: 0.075 | J12: 480 | K12: [75, 125] | M12: =J12/100 -> 4.8
A13: ="获得 1 " & 抽奖道具 -> 获得 1 鱼饵 | B13: 5 | C13: 积分 | H13: 海猎犬 | I13: 0.025 | J13: 960 | K13: [75, 125] | M13: =J13/100 -> 9.6
A14: ="1 " & 高级兑换道具 -> 1 鱼王之证 | B14: 10 | C14: 积分 | F14: 3 | G14: 230 | H14: 海天使 | I14: 0.375 | J14: 80 | K14: [75, 125] | L14: =SUMPRODUCT(I14:I19,J14:J19) -> 234 | M14: =J14/100 -> 0.8 | N14: =SUMPRODUCT(I14:I19,M14:M19) -> 2.34 | O14: =(P14-P8)/L14+O8 -> 291.66667 | P14: 50000
H15: 海兔 | I15: 0.25 | J15: 120 | K15: [75, 125] | M15: =J15/100 -> 1.2
H16: 海鳗 | I16: 0.125 | J16: 240 | K16: [75, 125] | M16: =J16/100 -> 2.4
A17: 钻石购买 | H17: 龙虾 | I17: 0.15 | J17: 400 | K17: [75, 125] | M17: =J17/100 -> 4
A18: ="1"& 抽奖道具 -> 1鱼饵 | B18: 100 | C18: 钻石 | H18: 热带鱼 | I18: 0.075 | J18: 640 | K18: [75, 125] | M18: =J18/100 -> 6.4
A19: 限购= | B19: 80 | C19: 个/天 | H19: 旗鱼 | I19: 0.025 | J19: 1440 | K19: [75, 125] | M19: =J19/100 -> 14.4
F20: 4 | G20: 500 | H20: 西星斑 | I20: 0.375 | J20: 160 | K20: [75, 125] | L20: =SUMPRODUCT(I20:I25,J20:J25) -> 468 | M20: =J20/100 -> 1.6 | N20: =SUMPRODUCT(I20:I25,M20:M25) -> 4.68 | O20: =G43/N20 -> 0 | P20: 0
A21: 随机箱 | H21: 鲟鱼 | I21: 0.25 | J21: 240 | K21: [75, 125] | M21: =J21/100 -> 2.4
A22: 数量 | B22: 概率 | C22: 平均(个) | D22: 积分（分） | H22: 荆棘鱼 | I22: 0.125 | J22: 480 | K22: [75, 125] | M22: =J22/100 -> 4.8
A23: 1 | B23: 0.95 | C23: =B23*A23 -> 0.95 | D23: =C23*积分规则2 -> 9.5 | H23: 河豚 | I23: 0.15 | J23: 800 | K23: [75, 125] | M23: =J23/100 -> 8
A24: 2 | B24: 0.049 | C24: =B24*A24 -> 0.098 | D24: =C24*积分规则2 -> 0.98 | H24: 鬼头刀 | I24: 0.075 | J24: 1280 | K24: [75, 125] | M24: =J24/100 -> 12.8
A25: 3 | B25: 0.001 | C25: =B25*A25 -> 0.003 | D25: =C25*积分规则2 -> 0.03 | H25: 蝾螈 | I25: 0.025 | J25: 2880 | K25: [75, 125] | M25: =J25/100 -> 28.8
B26: 合计 | C26: =SUM(C23:C25) -> 1.051 | D26: =C26*积分规则2 -> 10.51
F27: 抽奖期望统计（各项目/1抽奖币）
A28: 价格（RMB） | B28: 翡翠 | F28: 项目 | G28: 公式 | I28: 结果
A29: 6 | B29: 100 | F29: =高级兑换道具 -> 鱼王之证 | G29: 0.025 | I29: 0.025
A30: 30 | B30: 500 | F30: 档位积分 | G30: 0.025*10 | I30: 0.25
A31: 68 | B31: 1000
A32: 98 | B32: 1500
A33: 128 | B33: 2000
A34: 198 | B34: 3000
A35: 328 | B35: 5000
A36: 648 | B36: 10000

Sheet 垂钓盛典5.6w
C2: 第1天 | E2: 第2天 | G2: 第3天 | I2: 第4天 | K2: 第5天 | M2: 第6天 | O2: 第7天
C3: =抽奖道具 -> 鱼饵 | D3: 积分 | E3: =抽奖道具 -> 鱼饵 | F3: 积分 | G3: =抽奖道具 -> 鱼饵 | H3: 积分 | I3: =抽奖道具 -> 鱼饵 | J3: 积分 | K3: =抽奖道具 -> 鱼饵 | L3: 积分 | M3: =抽奖道具 -> 鱼饵 | N3: 积分 | O3: =抽奖道具 -> 鱼饵 | P3: 积分
B4: 首次登录 | C4: 5 | D4: =C4*积分规则1 -> 25 | F4: =E4*积分规则1 -> 0 | H4: =G4*积分规则1 -> 0 | J4: =I4*积分规则1 -> 0 | L4: =K4*积分规则1 -> 0 | N4: =M4*积分规则1 -> 0 | P4: =O4*积分规则1 -> 0
B5: 每日任务 | C5: 40 | D5: =C5*积分规则1 -> 200 | E5: 40 | F5: =E5*积分规则1 -> 200 | G5: 40 | H5: =G5*积分规则1 -> 200 | I5: 40 | J5: =I5*积分规则1 -> 200 | K5: 40 | L5: =K5*积分规则1 -> 200 | M5: 40 | N5: =M5*积分规则1 -> 200 | O5: 40 | P5: =O5*积分规则1 -> 200
B6: 钻石购买 | C6: 80 | D6: =C6*积分规则1 -> 400 | E6: 80 | F6: =E6*积分规则1 -> 400 | G6: 80 | H6: =G6*积分规则1 -> 400 | I6: 80 | J6: =I6*积分规则1 -> 400 | K6: 80 | L6: =K6*积分规则1 -> 400 | M6: 80 | N6: =M6*积分规则1 -> 400 | O6: 80 | P6: =O6*积分规则1 -> 400
B7: 免费基金 | D7: =C7*积分规则1 -> 0 | F7: =E7*积分规则1 -> 0 | H7: =G7*积分规则1 -> 0 | I7: 25 | J7: =I7*积分规则1 -> 125 | K7: 0 | L7: =K7*积分规则1 -> 0 | M7: 0 | N7: =M7*积分规则1 -> 0 | O7: 0 | P7: =O7*积分规则1 -> 0
B8: 活动签到 | D8: =C8*积分规则1 -> 0 | F8: =E8*积分规则1 -> 0 | H8: =G8*积分规则1 -> 0 | J8: =I8*积分规则1 -> 0 | L8: =K8*积分规则1 -> 0 | N8: =M8*积分规则1 -> 0 | P8: =O8*积分规则1 -> 0
B9: 广告观看 | C9: 0 | D9: =C9*积分规则1 -> 0 | E9: 0 | F9: =E9*积分规则1 -> 0 | G9: 0 | H9: =G9*积分规则1 -> 0 | I9: 0 | J9: =I9*积分规则1 -> 0 | K9: 0 | L9: =K9*积分规则1 -> 0 | M9: 0 | N9: =M9*积分规则1 -> 0 | O9: 0 | P9: =O9*积分规则1 -> 0
B10: 积分兑换 | C10: 0 | D10: =C10*积分规则1 -> 0 | E10: 0 | F10: =E10*积分规则1 -> 0 | G10: 0 | H10: =G10*积分规则1 -> 0 | I10: 60 | J10: =I10*积分规则1 -> 300 | K10: 70 | L10: =K10*积分规则1 -> 350 | M10: 70 | N10: =M10*积分规则1 -> 350 | O10: 0 | P10: =O10*积分规则1 -> 0
B11: 氪金礼包 | D11: =C11*积分规则1 -> 0 | F11: =E11*积分规则1 -> 0 | H11: =G11*积分规则1 -> 0 | J11: =I11*积分规则1 -> 0 | L11: =K11*积分规则1 -> 0 | N11: =M11*积分规则1 -> 0 | P11: =O11*积分规则1 -> 0
B12: 氪金基金 | D12: =C12*积分规则1 -> 0 | F12: =E12*积分规则1 -> 0 | H12: =G12*积分规则1 -> 0 | J12: =I12*积分规则1 -> 0 | L12: =K12*积分规则1 -> 0 | N12: =M12*积分规则1 -> 0 | P12: =O12*积分规则1 -> 0
B13: ="使用"&抽奖道具 -> 使用鱼饵 | C13: 40 | D13: =C13*积分规则3 -> 10 | E13: 120 | F13: =E13*积分规则3 -> 30 | G13: 120 | H13: =G13*积分规则3 -> 30 | I13: 290 | J13: =I13*积分规则3 -> 72.5 | K13: 190 | L13: =K13*积分规则3 -> 47.5 | M13: 190 | N13: =M13*积分规则3 -> 47.5 | O13: 120 | P13: =O13*积分规则3 -> 30
B14: ="剩余"&抽奖道具 -> 剩余鱼饵 | C14: =C22-C13 -> 85 | E14: =C14+SUM(E4:E12)-E13 -> 85 | G14: =E14+SUM(G4:G12)-G13 -> 85 | I14: =G14+SUM(I4:I12)-I13 -> 0 | K14: =I14+SUM(K4:K12)-K13 -> 0 | M14: =K14+SUM(M4:M12)-M13 -> 0 | O14: =M14+SUM(O4:O12)-O13 -> 0
B15: 使用随机箱 | C15: 0 | D15: =C15*随机箱积分 -> 0 | E15: 0 | F15: =E15*随机箱积分 -> 0 | G15: 0 | H15: =G15*随机箱积分 -> 0 | I15: 0 | J15: =I15*随机箱积分 -> 0 | K15: 7 | L15: =K15*随机箱积分 -> 73.57 | M15: 7 | N15: =M15*随机箱积分 -> 73.57 | O15: 8 | P15: =O15*随机箱积分 -> 84.08
B16: 剩余随机箱 | C16: =C24-SUM(C15) -> 1 | E16: =E24-SUM(C15,E15) -> 2 | G16: =G24-SUM(C15,E15,G15) -> 3 | I16: =I24-SUM(C15,E15,G15,I15) -> 9 | K16: =K24-SUM(C15,E15,G15,I15,K15) -> 8 | M16: =M24-SUM(C15,E15,G15,I15,K15,M15) -> 7 | O16: =O24-SUM(C15,E15,G15,I15,K15,M15,O15) -> 0
B17: 断线换鱼饵 | C17: 0 | D17: =C17*0 -> 0 | F17: =E17*0 -> 0 | H17: =G17*0 -> 0 | J17: =I17*0 -> 0 | L17: =K17*0 -> 0 | N17: =M17*0 -> 0 | P17: =O17*0 -> 0
B18: ？
B19: ？
B20: 目标档位 | C20: =IFERROR(LOOKUP(D20,档位积分1:档位积分5,第1档:第5档),"无奖励") -> 第2档 | D20: =SUM(D4:D13)+D15+SUM(D17:D19) -> 635 | E20: =IFERROR(LOOKUP(F20,档位积分1:档位积分5,第1档:第5档),"无奖励") -> 第2档 | F20: =SUM(F4:F13)+F15+SUM(F17:F19) -> 630 | G20: =IFERROR(LOOKUP(H20,档位积分1:档位积分5,第1档:第5档),"无奖励") -> 第2档 | H20: =SUM(H4:H13)+H15+SUM(H17:H19) -> 630 | I20: =IFERROR(LOOKUP(J20,档位积分1:档位积分5,第1档:第5档),"无奖励") -> 第3档 | J20: =SUM(J4:J13)+J15+SUM(J17:J19) -> 1097.5 | K20: =IFERROR(LOOKUP(L20,档位积分1:档位积分5,第1档:第5档),"无奖励") -> 第3档 | L20: =SUM(L4:L13)+L15+SUM(L17:L19) -> 1071.07 | M20: =IFERROR(LOOKUP(N20,档位积分1:档位积分5,第1档:第5档),"无奖励") -> 第3档 | N20: =SUM(N4:N13)+N15+SUM(N17:N19) -> 1071.07 | O20: =IFERROR(LOOKUP(P20,档位积分1:档位积分5,第1档:第5档),"无奖励") -> 第2档 | P20: =SUM(P4:P13)+P15+SUM(P17:P19) -> 714.08
B21: 下一档位 | C21: =IF(D20>=MAX(档位积分1:档位积分5), "已是最高档", IF(D20<MIN(档位积分1:档位积分5), INDEX(第1档:第5档, 1), INDEX(第1档:第5档, MATCH(D20, 档位积分1:档位积分5, 1)+1))) -> 第3档 | D21: =IF(D20>=MAX(档位积分1:档位积分5), "", IF(D20<MIN(档位积分1:档位积分5), MIN(档位积分1:档位积分5), INDEX(档位积分1:档位积分5, MATCH(D20, 档位积分1:档位积分5, 1)+1))) -> 1060 | E21: =IF(F20>=MAX(档位积分1:档位积分5), "已是最高档", IF(F20<MIN(档位积分1:档位积分5), INDEX(第1档:第5档, 1), INDEX(第1档:第5档, MATCH(F20, 档位积分1:档位积分5, 1)+1))) -> 第3档 | F21: =IF(F20>=MAX(档位积分1:档位积分5), "", IF(F20<MIN(档位积分1:档位积分5), MIN(档位积分1:档位积分5), INDEX(档位积分1:档位积分5, MATCH(F20, 档位积分1:档位积分5, 1)+1))) -> 1060 | G21: =IF(H20>=MAX(档位积分1:档位积分5), "已是最高档", IF(H20<MIN(档位积分1:档位积分5), INDEX(第1档:第5档, 1), INDEX(第1档:第5档, MATCH(H20, 档位积分1:档位积分5, 1)+1))) -> 第3档 | H21: =IF(H20>=MAX(档位积分1:档位积分5), "", IF(H20<MIN(档位积分1:档位积分5), MIN(档位积分1:档位积分5), INDEX(档位积分1:档位积分5, MATCH(H20, 档位积分1:档位积分5, 1)+1))) -> 1060 | I21: =IF(J20>=MAX(档位积分1:档位积分5), "已是最高档", IF(J20<MIN(档位积分1:档位积分5), INDEX(第1档:第5档, 1), INDEX(第1档:第5档, MATCH(J20, 档位积分1:档位积分5, 1)+1))) -> 第4档 | J21: =IF(J20>=MAX(档位积分1:档位积分5), "", IF(J20<MIN(档位积分1:档位积分5), MIN(档位积分1:档位积分5), INDEX(档位积分1:档位积分5, MATCH(J20, 档位积分1:档位积分5, 1)+1))) -> 2520 | K21: =IF(L20>=MAX(档位积分1:档位积分5), "已是最高档", IF(L20<MIN(档位积分1:档位积分5), INDEX(第1档:第5档, 1), INDEX(第1档:第5档, MATCH(L20, 档位积分1:档位积分5, 1)+1))) -> 第4档 | L21: =IF(L20>=MAX(档位积分1:档位积分5), "", IF(L20<MIN(档位积分1:档位积分5), MIN(档位积分1:档位积分5), INDEX(档位积分1:档位积分5, MATCH(L20, 档位积分1:档位积分5, 1)+1))) -> 2520 | M21: =IF(N20>=MAX(档位积分1:档位积分5), "已是最高档", IF(N20<MIN(档位积分1:档位积分5), INDEX(第1档:第5档, 1), INDEX(第1档:第5档, MATCH(N20, 档位积分1:档位积分5, 1)+1))) -> 第4档 | N21: =IF(N20>=MAX(档位积分1:档位积分5), "", IF(N20<MIN(档位积分1:档位积分5), MIN(档位积分1:档位积分5), INDEX(档位积分1:档位积分5, MATCH(N20, 档位积分1:档位积分5, 1)+1))) -> 2520 | O21: =IF(P20>=MAX(档位积分1:档位积分5), "已是最高档", IF(P20<MIN(档位积分1:档位积分5), INDEX(第1档:第5档, 1), INDEX(第1档:第5档, MATCH(P20, 档位积分1:档位积分5, 1)+1))) -> 第3档 | P21: =IF(P20>=MAX(档位积分1:档位积分5), "", IF(P20<MIN(档位积分1:档位积分5), MIN(档位积分1:档位积分5), INDEX(档位积分1:档位积分5, MATCH(P20, 档位积分1:档位积分5, 1)+1))) -> 1060
B22: ="总"&抽奖道具 -> 总鱼饵 | C22: =SUM(C4:C12) -> 125 | D22: =C22*积分规则3 -> 31.25 | E22: =C22+SUM(E4:E12) -> 245 | F22: 0 | G22: =E22+SUM(G4:G12) -> 365 | H22: 0 | I22: =G22+SUM(I4:I12) -> 570 | J22: 0 | K22: =I22+SUM(K4:K12) -> 760 | L22: 0 | M22: =K22+SUM(M4:M12) -> 950 | N22: 0 | O22: =M22+SUM(O4:O12) -> 1070 | P22: 0
B23: 总使用鱼饵 | C23: =C13 -> 40 | E23: =C23+E13 -> 160 | G23: =G13+E23 -> 280 | I23: =I13+G23 -> 570 | K23: =K13+I23 -> 760 | M23: =M13+K23 -> 950 | O23: =O13+M23 -> 1070
B24: 总随机箱 | C24: =IFERROR(LOOKUP(D20,档位积分1:档位积分5,档位奖励1:档位奖励5),0) -> 1 | D24: =C24*随机箱积分 -> 10.51 | E24: =IFERROR(LOOKUP(F20,档位积分1:档位积分5,档位奖励1:档位奖励5),0)+C24 -> 2 | F24: =E24*随机箱积分 -> 21.02 | G24: =IFERROR(LOOKUP(H20,档位积分1:档位积分5,档位奖励1:档位奖励5),0)+E24 -> 3 | H24: =G24*随机箱积分 -> 31.53 | I24: =IFERROR(LOOKUP(J20,档位积分1:档位积分5,档位奖励1:档位奖励5),0)+G24 -> 9 | J24: =I24*随机箱积分 -> 94.59 | K24: =IFERROR(LOOKUP(L20,档位积分1:档位积分5,档位奖励1:档位奖励5),0)+I24 -> 15 | L24: =K24*随机箱积分 -> 157.65 | M24: =IFERROR(LOOKUP(N20,档位积分1:档位积分5,档位奖励1:档位奖励5),0)+K24 -> 21 | N24: =M24*随机箱积分 -> 220.71 | O24: =IFERROR(LOOKUP(P20,档位积分1:档位积分5,档位奖励1:档位奖励5),0)+M24 -> 22 | P24: =O24*随机箱积分 -> 231.22
B25: =普通兑换道具 -> 钓鱼积分 | C25: =IF(C23<=77,C23*97.5,IF(C23<=177,7507.5+(C23-77)*156,IF(C23<=292,23107.5+(C23-177)*234,50017.5+(C23-292)*468))) -> 3900 | E25: =IF(E23<=77,E23*97.5,IF(E23<=177,7507.5+(E23-77)*156,IF(E23<=292,23107.5+(E23-177)*234,50017.5+(E23-292)*468)))-200 -> 20255.5 | G25: =IF(G23<=77,G23*97.5,IF(G23<=177,7507.5+(G23-77)*156,IF(G23<=292,23107.5+(G23-177)*234,50017.5+(G23-292)*468))) -> 47209.5 | I25: =IF(I23<=77,I23*97.5,IF(I23<=177,7507.5+(I23-77)*156,IF(I23<=292,23107.5+(I23-177)*234,50017.5+(I23-292)*468)))-4000 -> 176121.5 | K25: =IF(K23<=77,K23*97.5,IF(K23<=177,7507.5+(K23-77)*156,IF(K23<=292,23107.5+(K23-177)*234,50017.5+(K23-292)*468)))-4000-8700 -> 256341.5 | M25: =IF(M23<=77,M23*97.5,IF(M23<=177,7507.5+(M23-77)*156,IF(M23<=292,23107.5+(M23-177)*234,50017.5+(M23-292)*468)))-4000-8700-10500 -> 334761.5 | O25: =IF(O23<=77,O23*97.5,IF(O23<=177,7507.5+(O23-77)*156,IF(O23<=292,23107.5+(O23-177)*234,50017.5+(O23-292)*468)))-4000-8700-10500 -> 390921.5
B26: =高级兑换道具 -> 鱼王之证 | C26: =C13*高级兑换道具抽奖期望+C15*随机箱高级道具期望 -> 1 | E26: =E13*高级兑换道具抽奖期望+E15*随机箱高级道具期望+C26 -> 4 | G26: =G13*高级兑换道具抽奖期望+G15*随机箱高级道具期望+E26 -> 7 | I26: =I13*高级兑换道具抽奖期望+I15*随机箱高级道具期望+G26 -> 14.25 | K26: =K13*高级兑换道具抽奖期望+K15*随机箱高级道具期望+I26 -> 26.357 | M26: =M13*高级兑换道具抽奖期望+M15*随机箱高级道具期望+K26 -> 38.464 | O26: =O13*高级兑换道具抽奖期望+O15*随机箱高级道具期望+M26+O17 -> 49.872
B27: 氪金RMB | C27: 0 | D27: 0 | E27: 0 | F27: 0 | G27: 0 | H27: 0 | I27: 0 | J27: 0 | K27: 0 | L27: 0 | M27: 0 | N27: 0 | O27: 0 | P27: 0
C28: 0 | D28: 0 | E28: 0 | F28: 0 | G28: 0 | H28: 0 | I28: 0 | J28: 0 | K28: 0 | L28: 0 | M28: 0 | N28: 0 | O28: 0 | P28: 0
B30: 氪金翡翠 | C30: =IFERROR(LOOKUP(C27,价格6:价格648,翡翠100:翡翠10000),0) -> 0 | D30: =IFERROR(LOOKUP(D27,价格6:价格648,翡翠100:翡翠10000),0) -> 0 | E30: =IFERROR(LOOKUP(E27,价格6:价格648,翡翠100:翡翠10000),0) -> 0 | F30: =IFERROR(LOOKUP(F27,价格6:价格648,翡翠100:翡翠10000),0) -> 0 | G30: =IFERROR(LOOKUP(G27,价格6:价格648,翡翠100:翡翠10000),0) -> 0 | H30: =IFERROR(LOOKUP(H27,价格6:价格648,翡翠100:翡翠10000),0) -> 0 | I30: =IFERROR(LOOKUP(I27,价格6:价格648,翡翠100:翡翠10000),0) -> 0 | J30: =IFERROR(LOOKUP(J27,价格6:价格648,翡翠100:翡翠10000),0) -> 0 | ... P30: =IFERROR(LOOKUP(P27,价格6:价格648,翡翠100:翡翠10000),0) -> 0
C31: =IFERROR(LOOKUP(C28,价格6:价格648,翡翠100:翡翠10000),0) -> 0 | D31: =IFERROR(LOOKUP(D28,价格6:价格648,翡翠100:翡翠10000),0) -> 0 | E31: =IFERROR(LOOKUP(E28,价格6:价格648,翡翠100:翡翠10000),0) -> 0 | F31: =IFERROR(LOOKUP(F28,价格6:价格648,翡翠100:翡翠10000),0) -> 0 | G31: =IFERROR(LOOKUP(G28,价格6:价格648,翡翠100:翡翠10000),0) -> 0 | H31: =IFERROR(LOOKUP(H28,价格6:价格648,翡翠100:翡翠10000),0) -> 0 | I31: =IFERROR(LOOKUP(I28,价格6:价格648,翡翠100:翡翠10000),0) -> 0 | J31: =IFERROR(LOOKUP(J28,价格6:价格648,翡翠100:翡翠10000),0) -> 0 | ... O31: =IFERROR(LOOKUP(O28,价格6:价格648,翡翠100:翡翠10000),0) -> 0 | P31: 0
B33: 总体策略 | C33: =SUM(C6,E6,G6,I6,K6,M6,O6)*钻石购买 &"钻石" -> 56000钻石 | I33: =SUM(C27:P29) &"元" -> 0元 | M33: =SUM(C30:P32) & "翡翠" -> 0翡翠
C34: ="最终收益："&ROUNDDOWN(O26,0)&B26&"+"&ROUNDDOWN(O25,0)&B25 -> 最终收益：49鱼王之证+390921钓鱼积分

Sheet 垂钓盛典5.6w钻攻略图
B2: 垂钓盛典｜5.6万钻攻略
B3: 预算 | D3: ="期望"&普通兑换道具 -> 期望钓鱼积分 | G3: ="期望"&高级兑换道具 -> 期望鱼王之证
B5: 56000 | D5: =垂钓盛典5.6w!O25 -> 390921.5 | G5: =垂钓盛典5.6w!O26 -> 49.872
B6: 可兑换： SS武器至宝自选箱×1 + SS装备至宝自选箱×1 + SS限定烙印自选箱×1 + 万能英杰碎片×120
A8: 特殊日 | B8: 天数 | C8: 今天只做这些 | D8: =垂钓盛典5.6w!B20 -> 目标档位 | E8: =垂钓盛典5.6w!B13 -> 使用鱼饵 | F8: =垂钓盛典5.6w!B14 -> 剩余鱼饵 | G8: =垂钓盛典5.6w!B16 -> 剩余随机箱 | H8: ="期望"&普通兑换道具 -> 期望钓鱼积分 | I8: ="期望"&高级兑换道具 -> 期望鱼王之证 | J8: 当日档位积分
B9: Day1 | C9: ① 进活动页面送5鱼饵 ② 任务40鱼饵+钻石购买80鱼饵 ③ 用约40鱼饵钓上1条鱼王 | D9: =垂钓盛典5.6w!C20 -> 第2档 | E9: =垂钓盛典5.6w!C13 -> 40 | F9: =垂钓盛典5.6w!C14 -> 85 | G9: =垂钓盛典5.6w!C16 -> 1 | H9: =垂钓盛典5.6w!C25 -> 3900 | I9: =垂钓盛典5.6w!C26 -> 1 | J9: =垂钓盛典5.6w!D20 -> 635
B10: Day2 | C10: ① 任务40鱼饵+钻石购买80鱼饵 ② 用约120鱼饵钓上3条鱼王 | D10: =垂钓盛典5.6w!E20 -> 第2档 | E10: =垂钓盛典5.6w!E13 -> 120 | F10: =垂钓盛典5.6w!E14 -> 85 | G10: =垂钓盛典5.6w!E16 -> 2 | H10: =垂钓盛典5.6w!E25 -> 20255.5 | I10: =垂钓盛典5.6w!E26 -> 4 | J10: =垂钓盛典5.6w!F20 -> 630
B11: Day3 | C11: ① 任务40鱼饵+钻石购买80鱼饵 ② 用约120鱼饵钓上3条鱼王 | D11: =垂钓盛典5.6w!G20 -> 第2档 | E11: =垂钓盛典5.6w!G13 -> 120 | F11: =垂钓盛典5.6w!G14 -> 85 | G11: =垂钓盛典5.6w!G16 -> 3 | H11: =垂钓盛典5.6w!G25 -> 47209.5 | I11: =垂钓盛典5.6w!G26 -> 7 | J11: =垂钓盛典5.6w!H20 -> 630
A12: 冲档日 | B12: Day4 | C12: ① 任务40鱼饵+钻石购买80鱼饵 ② 基金领25鱼饵+商店积分换60鱼饵 ③ 用约290鱼饵(用完)得7条鱼王 | D12: =垂钓盛典5.6w!I20 -> 第3档 | E12: =垂钓盛典5.6w!I13 -> 290 | F12: =垂钓盛典5.6w!I14 -> 0 | G12: =垂钓盛典5.6w!I16 -> 9 | H12: =垂钓盛典5.6w!I25 -> 176121.5 | I12: =垂钓盛典5.6w!I26 -> 14.25 | J12: =垂钓盛典5.6w!J20 -> 1097.5
A13: 冲档日 | B13: Day5 | C13: ① 任务40鱼饵+钻石购买80鱼饵 ② 商店积分换70鱼饵 ③ 用约190鱼饵(用完)得4条鱼王 ④ 开约7个随机箱冲第3档 | D13: =垂钓盛典5.6w!K20 -> 第3档 | E13: =垂钓盛典5.6w!K13 -> 190 | F13: =垂钓盛典5.6w!K14 -> 0 | G13: =垂钓盛典5.6w!K16 -> 8 | H13: =垂钓盛典5.6w!K25 -> 256341.5 | I13: =垂钓盛典5.6w!K26 -> 26.357 | J13: =垂钓盛典5.6w!L20 -> 1071.07
A14: 冲档日 | B14: Day6 | C14: ① 任务40鱼饵+钻石购买80鱼饵 ② 商店积分换70鱼饵 ③ 用约190鱼饵(用完)得4条鱼王 ④ 开约7个随机箱冲第3档 | D14: =垂钓盛典5.6w!M20 -> 第3档 | E14: =垂钓盛典5.6w!M13 -> 190 | F14: =垂钓盛典5.6w!M14 -> 0 | G14: =垂钓盛典5.6w!M16 -> 7 | H14: =垂钓盛典5.6w!M25 -> 334761.5 | I14: =垂钓盛典5.6w!M26 -> 38.464 | J14: =垂钓盛典5.6w!N20 -> 1071.07
B15: Day7 | C15: ① 任务40鱼饵+钻石购买80鱼饵 ② 用约120鱼饵(用完)得3条鱼王 ③ 开掉全部随机箱 | D15: =垂钓盛典5.6w!O20 -> 第2档 | E15: =垂钓盛典5.6w!O13 -> 120 | F15: =垂钓盛典5.6w!O14 -> 0 | G15: =垂钓盛典5.6w!O16 -> 0 | H15: =垂钓盛典5.6w!O25 -> 390921.5 | I15: =垂钓盛典5.6w!O26 -> 49.872 | J15: =垂钓盛典5.6w!P20 -> 714.08
B17: 风险提示
B18: 这次断线兑换的鱼饵不计入积分，不过仍可以看情况断线看看有没有鱼王 冲三次第3档的时候，如果运气不好可以开1~2个随机箱补一下积分 SS限定烙印自选箱有兑换限制：需要主线第150章生存1天且开服179天
B19: .

Sheet 1000翡翠灰烬龙
C2: 第1天 | E2: 第2天 | G2: 第3天 | I2: 第4天 | K2: 第5天 | M2: 第6天 | O2: 第7天
C3: =抽奖道具 -> 鱼饵 | D3: 积分 | E3: =抽奖道具 -> 鱼饵 | F3: 积分 | G3: =抽奖道具 -> 鱼饵 | H3: 积分 | I3: =抽奖道具 -> 鱼饵 | J3: 积分 | K3: =抽奖道具 -> 鱼饵 | L3: 积分 | M3: =抽奖道具 -> 鱼饵 | N3: 积分 | O3: =抽奖道具 -> 鱼饵 | P3: 积分
B4: 首次登录 | C4: 5 | D4: =C4*积分规则1 -> 25 | F4: =E4*积分规则1 -> 0 | H4: =G4*积分规则1 -> 0 | J4: =I4*积分规则1 -> 0 | L4: =K4*积分规则1 -> 0 | N4: =M4*积分规则1 -> 0 | P4: =O4*积分规则1 -> 0
B5: 每日任务 | C5: 40 | D5: =C5*积分规则1 -> 200 | E5: 40 | F5: =E5*积分规则1 -> 200 | G5: 40 | H5: =G5*积分规则1 -> 200 | I5: 40 | J5: =I5*积分规则1 -> 200 | K5: 40 | L5: =K5*积分规则1 -> 200 | M5: 40 | N5: =M5*积分规则1 -> 200 | O5: 40 | P5: =O5*积分规则1 -> 200
B6: 钻石购买 | C6: 80 | D6: =C6*积分规则1 -> 400 | E6: 80 | F6: =E6*积分规则1 -> 400 | G6: 80 | H6: =G6*积分规则1 -> 400 | I6: 80 | J6: =I6*积分规则1 -> 400 | K6: 80 | L6: =K6*积分规则1 -> 400 | M6: 80 | N6: =M6*积分规则1 -> 400 | O6: 80 | P6: =O6*积分规则1 -> 400
B7: 免费基金 | D7: =C7*积分规则1 -> 0 | F7: =E7*积分规则1 -> 0 | H7: =G7*积分规则1 -> 0 | I7: 25 | J7: =I7*积分规则1 -> 125 | K7: 0 | L7: =K7*积分规则1 -> 0 | M7: 0 | N7: =M7*积分规则1 -> 0 | O7: 0 | P7: =O7*积分规则1 -> 0
B8: 活动签到 | D8: =C8*积分规则1 -> 0 | F8: =E8*积分规则1 -> 0 | H8: =G8*积分规则1 -> 0 | J8: =I8*积分规则1 -> 0 | L8: =K8*积分规则1 -> 0 | N8: =M8*积分规则1 -> 0 | P8: =O8*积分规则1 -> 0
B9: 广告观看 | C9: 0 | D9: =C9*积分规则1 -> 0 | E9: 0 | F9: =E9*积分规则1 -> 0 | G9: 0 | H9: =G9*积分规则1 -> 0 | I9: 0 | J9: =I9*积分规则1 -> 0 | K9: 0 | L9: =K9*积分规则1 -> 0 | M9: 0 | N9: =M9*积分规则1 -> 0 | O9: 0 | P9: =O9*积分规则1 -> 0
B10: 积分兑换 | C10: 0 | D10: =C10*积分规则1 -> 0 | E10: 0 | F10: =E10*积分规则1 -> 0 | G10: 0 | H10: =G10*积分规则1 -> 0 | I10: 60 | J10: =I10*积分规则1 -> 300 | K10: 70 | L10: =K10*积分规则1 -> 350 | M10: 70 | N10: =M10*积分规则1 -> 350 | O10: 0 | P10: =O10*积分规则1 -> 0
B11: 氪金礼包 | D11: =C11*积分规则1 -> 0 | F11: =E11*积分规则1 -> 0 | H11: =G11*积分规则1 -> 0 | J11: =I11*积分规则1 -> 0 | L11: =K11*积分规则1 -> 0 | N11: =M11*积分规则1 -> 0 | P11: =O11*积分规则1 -> 0
B12: 氪金基金 | D12: =C12*积分规则1 -> 0 | F12: =E12*积分规则1 -> 0 | H12: =G12*积分规则1 -> 0 | J12: =I12*积分规则1 -> 0 | L12: =K12*积分规则1 -> 0 | N12: =M12*积分规则1 -> 0 | P12: =O12*积分规则1 -> 0
B13: ="使用"&抽奖道具 -> 使用鱼饵 | C13: 40 | D13: =C13*积分规则3 -> 10 | E13: 120 | F13: =E13*积分规则3 -> 30 | G13: 120 | H13: =G13*积分规则3 -> 30 | I13: 290 | J13: =I13*积分规则3 -> 72.5 | K13: 190 | L13: =K13*积分规则3 -> 47.5 | M13: 190 | N13: =M13*积分规则3 -> 47.5 | O13: 120 | P13: =O13*积分规则3 -> 30
B14: ="剩余"&抽奖道具 -> 剩余鱼饵 | C14: =C22-C13 -> 85 | E14: =C14+SUM(E4:E12)-E13 -> 85 | G14: =E14+SUM(G4:G12)-G13 -> 85 | I14: =G14+SUM(I4:I12)-I13 -> 0 | K14: =I14+SUM(K4:K12)-K13 -> 0 | M14: =K14+SUM(M4:M12)-M13 -> 0 | O14: =M14+SUM(O4:O12)-O13 -> 0
B15: 使用随机箱 | C15: 0 | D15: =C15*随机箱积分 -> 0 | E15: 0 | F15: =E15*随机箱积分 -> 0 | G15: 0 | H15: =G15*随机箱积分 -> 0 | I15: 0 | J15: =I15*随机箱积分 -> 0 | K15: 7 | L15: =K15*随机箱积分 -> 73.57 | M15: 7 | N15: =M15*随机箱积分 -> 73.57 | O15: 23 | P15: =O15*随机箱积分 -> 241.73
B16: 剩余随机箱 | C16: =C24-SUM(C15) -> 1 | E16: =E24-SUM(C15,E15) -> 2 | G16: =G24-SUM(C15,E15,G15) -> 3 | I16: =I24-SUM(C15,E15,G15,I15) -> 9 | K16: =K24-SUM(C15,E15,G15,I15,K15) -> 8 | M16: =M24-SUM(C15,E15,G15,I15,K15,M15) -> 7 | O16: =O24-SUM(C15,E15,G15,I15,K15,M15,O15)+15 -> 0
B17: 断线换鱼饵 | C17: 0 | D17: =C17*0 -> 0 | F17: =E17*0 -> 0 | H17: =G17*0 -> 0 | J17: =I17*0 -> 0 | L17: =K17*0 -> 0 | N17: =M17*0 -> 0 | P17: =O17*0 -> 0
B18: ？
B19: ？
B20: 目标档位 | C20: =IFERROR(LOOKUP(D20,档位积分1:档位积分5,第1档:第5档),"无奖励") -> 第2档 | D20: =SUM(D4:D13)+D15+SUM(D17:D19) -> 635 | E20: =IFERROR(LOOKUP(F20,档位积分1:档位积分5,第1档:第5档),"无奖励") -> 第2档 | F20: =SUM(F4:F13)+F15+SUM(F17:F19) -> 630 | G20: =IFERROR(LOOKUP(H20,档位积分1:档位积分5,第1档:第5档),"无奖励") -> 第2档 | H20: =SUM(H4:H13)+H15+SUM(H17:H19) -> 630 | I20: =IFERROR(LOOKUP(J20,档位积分1:档位积分5,第1档:第5档),"无奖励") -> 第3档 | J20: =SUM(J4:J13)+J15+SUM(J17:J19) -> 1097.5 | K20: =IFERROR(LOOKUP(L20,档位积分1:档位积分5,第1档:第5档),"无奖励") -> 第3档 | L20: =SUM(L4:L13)+L15+SUM(L17:L19) -> 1071.07 | M20: =IFERROR(LOOKUP(N20,档位积分1:档位积分5,第1档:第5档),"无奖励") -> 第3档 | N20: =SUM(N4:N13)+N15+SUM(N17:N19) -> 1071.07 | O20: =IFERROR(LOOKUP(P20,档位积分1:档位积分5,第1档:第5档),"无奖励") -> 第2档 | P20: =SUM(P4:P13)+P15+SUM(P17:P19) -> 871.73
B21: 下一档位 | C21: =IF(D20>=MAX(档位积分1:档位积分5), "已是最高档", IF(D20<MIN(档位积分1:档位积分5), INDEX(第1档:第5档, 1), INDEX(第1档:第5档, MATCH(D20, 档位积分1:档位积分5, 1)+1))) -> 第3档 | D21: =IF(D20>=MAX(档位积分1:档位积分5), "", IF(D20<MIN(档位积分1:档位积分5), MIN(档位积分1:档位积分5), INDEX(档位积分1:档位积分5, MATCH(D20, 档位积分1:档位积分5, 1)+1))) -> 1060 | E21: =IF(F20>=MAX(档位积分1:档位积分5), "已是最高档", IF(F20<MIN(档位积分1:档位积分5), INDEX(第1档:第5档, 1), INDEX(第1档:第5档, MATCH(F20, 档位积分1:档位积分5, 1)+1))) -> 第3档 | F21: =IF(F20>=MAX(档位积分1:档位积分5), "", IF(F20<MIN(档位积分1:档位积分5), MIN(档位积分1:档位积分5), INDEX(档位积分1:档位积分5, MATCH(F20, 档位积分1:档位积分5, 1)+1))) -> 1060 | G21: =IF(H20>=MAX(档位积分1:档位积分5), "已是最高档", IF(H20<MIN(档位积分1:档位积分5), INDEX(第1档:第5档, 1), INDEX(第1档:第5档, MATCH(H20, 档位积分1:档位积分5, 1)+1))) -> 第3档 | H21: =IF(H20>=MAX(档位积分1:档位积分5), "", IF(H20<MIN(档位积分1:档位积分5), MIN(档位积分1:档位积分5), INDEX(档位积分1:档位积分5, MATCH(H20, 档位积分1:档位积分5, 1)+1))) -> 1060 | I21: =IF(J20>=MAX(档位积分1:档位积分5), "已是最高档", IF(J20<MIN(档位积分1:档位积分5), INDEX(第1档:第5档, 1), INDEX(第1档:第5档, MATCH(J20, 档位积分1:档位积分5, 1)+1))) -> 第4档 | J21: =IF(J20>=MAX(档位积分1:档位积分5), "", IF(J20<MIN(档位积分1:档位积分5), MIN(档位积分1:档位积分5), INDEX(档位积分1:档位积分5, MATCH(J20, 档位积分1:档位积分5, 1)+1))) -> 2520 | K21: =IF(L20>=MAX(档位积分1:档位积分5), "已是最高档", IF(L20<MIN(档位积分1:档位积分5), INDEX(第1档:第5档, 1), INDEX(第1档:第5档, MATCH(L20, 档位积分1:档位积分5, 1)+1))) -> 第4档 | L21: =IF(L20>=MAX(档位积分1:档位积分5), "", IF(L20<MIN(档位积分1:档位积分5), MIN(档位积分1:档位积分5), INDEX(档位积分1:档位积分5, MATCH(L20, 档位积分1:档位积分5, 1)+1))) -> 2520 | M21: =IF(N20>=MAX(档位积分1:档位积分5), "已是最高档", IF(N20<MIN(档位积分1:档位积分5), INDEX(第1档:第5档, 1), INDEX(第1档:第5档, MATCH(N20, 档位积分1:档位积分5, 1)+1))) -> 第4档 | N21: =IF(N20>=MAX(档位积分1:档位积分5), "", IF(N20<MIN(档位积分1:档位积分5), MIN(档位积分1:档位积分5), INDEX(档位积分1:档位积分5, MATCH(N20, 档位积分1:档位积分5, 1)+1))) -> 2520 | O21: =IF(P20>=MAX(档位积分1:档位积分5), "已是最高档", IF(P20<MIN(档位积分1:档位积分5), INDEX(第1档:第5档, 1), INDEX(第1档:第5档, MATCH(P20, 档位积分1:档位积分5, 1)+1))) -> 第3档 | P21: =IF(P20>=MAX(档位积分1:档位积分5), "", IF(P20<MIN(档位积分1:档位积分5), MIN(档位积分1:档位积分5), INDEX(档位积分1:档位积分5, MATCH(P20, 档位积分1:档位积分5, 1)+1))) -> 1060
B22: ="总"&抽奖道具 -> 总鱼饵 | C22: =SUM(C4:C12) -> 125 | D22: =C22*积分规则3 -> 31.25 | E22: =C22+SUM(E4:E12) -> 245 | F22: 0 | G22: =E22+SUM(G4:G12) -> 365 | H22: 0 | I22: =G22+SUM(I4:I12) -> 570 | J22: 0 | K22: =I22+SUM(K4:K12) -> 760 | L22: 0 | M22: =K22+SUM(M4:M12) -> 950 | N22: 0 | O22: =M22+SUM(O4:O12) -> 1070 | P22: 0
B23: 总使用鱼饵 | C23: =C13 -> 40 | E23: =C23+E13 -> 160 | G23: =G13+E23 -> 280 | I23: =I13+G23 -> 570 | K23: =K13+I23 -> 760 | M23: =M13+K23 -> 950 | O23: =O13+M23 -> 1070
B24: 总随机箱 | C24: =IFERROR(LOOKUP(D20,档位积分1:档位积分5,档位奖励1:档位奖励5),0) -> 1 | D24: =C24*随机箱积分 -> 10.51 | E24: =IFERROR(LOOKUP(F20,档位积分1:档位积分5,档位奖励1:档位奖励5),0)+C24 -> 2 | F24: =E24*随机箱积分 -> 21.02 | G24: =IFERROR(LOOKUP(H20,档位积分1:档位积分5,档位奖励1:档位奖励5),0)+E24 -> 3 | H24: =G24*随机箱积分 -> 31.53 | I24: =IFERROR(LOOKUP(J20,档位积分1:档位积分5,档位奖励1:档位奖励5),0)+G24 -> 9 | J24: =I24*随机箱积分 -> 94.59 | K24: =IFERROR(LOOKUP(L20,档位积分1:档位积分5,档位奖励1:档位奖励5),0)+I24 -> 15 | L24: =K24*随机箱积分 -> 157.65 | M24: =IFERROR(LOOKUP(N20,档位积分1:档位积分5,档位奖励1:档位奖励5),0)+K24 -> 21 | N24: =M24*随机箱积分 -> 220.71 | O24: =IFERROR(LOOKUP(P20,档位积分1:档位积分5,档位奖励1:档位奖励5),0)+M24 -> 22 | P24: =O24*随机箱积分 -> 231.22
B25: =普通兑换道具 -> 钓鱼积分 | C25: =IF(C23<=77,C23*97.5,IF(C23<=177,7507.5+(C23-77)*156,IF(C23<=292,23107.5+(C23-177)*234,50017.5+(C23-292)*468))) -> 3900 | E25: =IF(E23<=77,E23*97.5,IF(E23<=177,7507.5+(E23-77)*156,IF(E23<=292,23107.5+(E23-177)*234,50017.5+(E23-292)*468)))-200 -> 20255.5 | G25: =IF(G23<=77,G23*97.5,IF(G23<=177,7507.5+(G23-77)*156,IF(G23<=292,23107.5+(G23-177)*234,50017.5+(G23-292)*468))) -> 47209.5 | I25: =IF(I23<=77,I23*97.5,IF(I23<=177,7507.5+(I23-77)*156,IF(I23<=292,23107.5+(I23-177)*234,50017.5+(I23-292)*468)))-4000 -> 176121.5 | K25: =IF(K23<=77,K23*97.5,IF(K23<=177,7507.5+(K23-77)*156,IF(K23<=292,23107.5+(K23-177)*234,50017.5+(K23-292)*468)))-4000-8700 -> 256341.5 | M25: =IF(M23<=77,M23*97.5,IF(M23<=177,7507.5+(M23-77)*156,IF(M23<=292,23107.5+(M23-177)*234,50017.5+(M23-292)*468)))-4000-8700-10500 -> 334761.5 | O25: =IF(O23<=77,O23*97.5,IF(O23<=177,7507.5+(O23-77)*156,IF(O23<=292,23107.5+(O23-177)*234,50017.5+(O23-292)*468)))-4000-8700-10500 -> 390921.5
B26: =高级兑换道具 -> 鱼王之证 | C26: =C13*高级兑换道具抽奖期望+C15*随机箱高级道具期望 -> 1 | E26: =E13*高级兑换道具抽奖期望+E15*随机箱高级道具期望+C26 -> 4 | G26: =G13*高级兑换道具抽奖期望+G15*随机箱高级道具期望+E26 -> 7 | I26: =I13*高级兑换道具抽奖期望+I15*随机箱高级道具期望+G26 -> 14.25 | K26: =K13*高级兑换道具抽奖期望+K15*随机箱高级道具期望+I26 -> 26.357 | M26: =M13*高级兑换道具抽奖期望+M15*随机箱高级道具期望+K26 -> 38.464 | O26: =O13*高级兑换道具抽奖期望+O15*随机箱高级道具期望+M26+O17 -> 65.637
B27: 氪金RMB | C27: 0 | D27: 0 | E27: 0 | F27: 0 | G27: 0 | H27: 0 | I27: 0 | J27: 0 | K27: 0 | L27: 0 | M27: 0 | N27: 0 | O27: 68 | P27: 0
C28: 0 | D28: 0 | E28: 0 | F28: 0 | G28: 0 | H28: 0 | I28: 0 | J28: 0 | K28: 0 | L28: 0 | M28: 0 | N28: 0 | O28: 0 | P28: 0
B30: 氪金翡翠 | C30: =IFERROR(LOOKUP(C27,价格6:价格648,翡翠100:翡翠10000),0) -> 0 | D30: =IFERROR(LOOKUP(D27,价格6:价格648,翡翠100:翡翠10000),0) -> 0 | E30: =IFERROR(LOOKUP(E27,价格6:价格648,翡翠100:翡翠10000),0) -> 0 | F30: =IFERROR(LOOKUP(F27,价格6:价格648,翡翠100:翡翠10000),0) -> 0 | G30: =IFERROR(LOOKUP(G27,价格6:价格648,翡翠100:翡翠10000),0) -> 0 | H30: =IFERROR(LOOKUP(H27,价格6:价格648,翡翠100:翡翠10000),0) -> 0 | I30: =IFERROR(LOOKUP(I27,价格6:价格648,翡翠100:翡翠10000),0) -> 0 | J30: =IFERROR(LOOKUP(J27,价格6:价格648,翡翠100:翡翠10000),0) -> 0 | ... P30: =IFERROR(LOOKUP(P27,价格6:价格648,翡翠100:翡翠10000),0) -> 0
C31: =IFERROR(LOOKUP(C28,价格6:价格648,翡翠100:翡翠10000),0) -> 0 | D31: =IFERROR(LOOKUP(D28,价格6:价格648,翡翠100:翡翠10000),0) -> 0 | E31: =IFERROR(LOOKUP(E28,价格6:价格648,翡翠100:翡翠10000),0) -> 0 | F31: =IFERROR(LOOKUP(F28,价格6:价格648,翡翠100:翡翠10000),0) -> 0 | G31: =IFERROR(LOOKUP(G28,价格6:价格648,翡翠100:翡翠10000),0) -> 0 | H31: =IFERROR(LOOKUP(H28,价格6:价格648,翡翠100:翡翠10000),0) -> 0 | I31: =IFERROR(LOOKUP(I28,价格6:价格648,翡翠100:翡翠10000),0) -> 0 | J31: =IFERROR(LOOKUP(J28,价格6:价格648,翡翠100:翡翠10000),0) -> 0 | ... O31: =IFERROR(LOOKUP(O28,价格6:价格648,翡翠100:翡翠10000),0) -> 0 | P31: 0
B33: 总体策略 | C33: =SUM(C6,E6,G6,I6,K6,M6,O6)*钻石购买 &"钻石" -> 56000钻石 | I33: =SUM(C27:P29) &"元" -> 68元 | M33: =SUM(C30:P32) & "翡翠" -> 1000翡翠
C34: ="最终收益："&ROUNDDOWN(O26,0)&B26&"+"&ROUNDDOWN(O25,0)&B25 -> 最终收益：65鱼王之证+390921钓鱼积分

Sheet 1000翡翠灰烬龙攻略图
B2: 垂钓盛典｜1000翡翠灰烬龙攻略
B3: 预算 | D3: ="期望"&普通兑换道具 -> 期望钓鱼积分 | G3: ="期望"&高级兑换道具 -> 期望鱼王之证
B5: 56000钻石+1000翡翠 | D5: ='1000翡翠灰烬龙'!O25 -> 390921.5 | G5: ='1000翡翠灰烬龙'!O26 -> 65.637
B6: 可兑换： 灰烬始祖龙×1 +SS武器至宝自选箱×1 + SS装备至宝自选箱×1 + SS限定烙印自选箱×1
A8: 特殊日 | B8: 天数 | C8: 今天只做这些 | D8: ='1000翡翠灰烬龙'!B20 -> 目标档位 | E8: ='1000翡翠灰烬龙'!B13 -> 使用鱼饵 | F8: ='1000翡翠灰烬龙'!B14 -> 剩余鱼饵 | G8: ='1000翡翠灰烬龙'!B16 -> 剩余随机箱 | H8: ="期望"&普通兑换道具 -> 期望钓鱼积分 | I8: ="期望"&高级兑换道具 -> 期望鱼王之证 | J8: 当日档位积分
B9: Day1 | C9: ① 进活动页面送5鱼饵 ② 任务40鱼饵+钻石购买80鱼饵 ③ 用约40鱼饵钓上1条鱼王 | D9: ='1000翡翠灰烬龙'!C20 -> 第2档 | E9: ='1000翡翠灰烬龙'!C13 -> 40 | F9: ='1000翡翠灰烬龙'!C14 -> 85 | G9: ='1000翡翠灰烬龙'!C16 -> 1 | H9: ='1000翡翠灰烬龙'!C25 -> 3900 | I9: ='1000翡翠灰烬龙'!C26 -> 1 | J9: ='1000翡翠灰烬龙'!D20 -> 635
B10: Day2 | C10: ① 任务40鱼饵+钻石购买80鱼饵 ② 用约120鱼饵钓上3条鱼王 | D10: ='1000翡翠灰烬龙'!E20 -> 第2档 | E10: ='1000翡翠灰烬龙'!E13 -> 120 | F10: ='1000翡翠灰烬龙'!E14 -> 85 | G10: ='1000翡翠灰烬龙'!E16 -> 2 | H10: ='1000翡翠灰烬龙'!E25 -> 20255.5 | I10: ='1000翡翠灰烬龙'!E26 -> 4 | J10: ='1000翡翠灰烬龙'!F20 -> 630
B11: Day3 | C11: ① 任务40鱼饵+钻石购买80鱼饵 ② 用约120鱼饵钓上3条鱼王 | D11: ='1000翡翠灰烬龙'!G20 -> 第2档 | E11: ='1000翡翠灰烬龙'!G13 -> 120 | F11: ='1000翡翠灰烬龙'!G14 -> 85 | G11: ='1000翡翠灰烬龙'!G16 -> 3 | H11: ='1000翡翠灰烬龙'!G25 -> 47209.5 | I11: ='1000翡翠灰烬龙'!G26 -> 7 | J11: =垂钓盛典5.6w!H20 -> 630
A12: 冲档日 | B12: Day4 | C12: ① 任务40鱼饵+钻石购买80鱼饵 ② 基金领25鱼饵+商店积分换60鱼饵 ③ 用约290鱼饵(用完)得7条鱼王 | D12: ='1000翡翠灰烬龙'!I20 -> 第3档 | E12: ='1000翡翠灰烬龙'!I13 -> 290 | F12: ='1000翡翠灰烬龙'!I14 -> 0 | G12: ='1000翡翠灰烬龙'!I16 -> 9 | H12: ='1000翡翠灰烬龙'!I25 -> 176121.5 | I12: ='1000翡翠灰烬龙'!I26 -> 14.25 | J12: ='1000翡翠灰烬龙'!J20 -> 1097.5
A13: 冲档日 | B13: Day5 | C13: ① 任务40鱼饵+钻石购买80鱼饵 ② 商店积分换70鱼饵 ③ 用约190鱼饵(用完)得4条鱼王 ④ 开约7个随机箱冲第3档 | D13: ='1000翡翠灰烬龙'!K20 -> 第3档 | E13: ='1000翡翠灰烬龙'!K13 -> 190 | F13: ='1000翡翠灰烬龙'!K14 -> 0 | G13: ='1000翡翠灰烬龙'!K16 -> 8 | H13: ='1000翡翠灰烬龙'!K25 -> 256341.5 | I13: ='1000翡翠灰烬龙'!K26 -> 26.357 | J13: ='1000翡翠灰烬龙'!L20 -> 1071.07
A14: 冲档日 | B14: Day6 | C14: ① 任务40鱼饵+钻石购买80鱼饵 ② 商店积分换70鱼饵 ③ 用约190鱼饵(用完)得4条鱼王 ④ 开约7个随机箱冲第3档 | D14: ='1000翡翠灰烬龙'!M20 -> 第3档 | E14: ='1000翡翠灰烬龙'!M13 -> 190 | F14: ='1000翡翠灰烬龙'!M14 -> 0 | G14: ='1000翡翠灰烬龙'!M16 -> 7 | H14: ='1000翡翠灰烬龙'!M25 -> 334761.5 | I14: ='1000翡翠灰烬龙'!M26 -> 38.464 | J14: ='1000翡翠灰烬龙'!N20 -> 1071.07
B15: Day7 | C15: ① 任务40鱼饵+钻石购买80鱼饵 ② 用约120鱼饵(用完)得3条鱼王 ③ 领取氪金基金开掉全部随机箱 | D15: ='1000翡翠灰烬龙'!O20 -> 第2档 | E15: ='1000翡翠灰烬龙'!O13 -> 120 | F15: ='1000翡翠灰烬龙'!O14 -> 0 | G15: ='1000翡翠灰烬龙'!O16 -> 0 | H15: ='1000翡翠灰烬龙'!O25 -> 390921.5 | I15: ='1000翡翠灰烬龙'!O26 -> 65.637 | J15: ='1000翡翠灰烬龙'!P20 -> 871.73
B17: 风险提示
B18: 这次断线兑换的鱼饵不计入积分，不过仍可以看情况断线看看有没有鱼王 冲三次第3档的时候，如果运气不好可以开1~2个随机箱补一下积分 灰烬始祖龙和SS限定烙印自选箱都有兑换限制：主线第150章生存1天且开服179天
B19: .

Sheet 垂钓盛典1.6w钻
C2: 第1天 | E2: 第2天 | G2: 第3天 | I2: 第4天 | K2: 第5天 | M2: 第6天 | O2: 第7天
C3: =抽奖道具 -> 鱼饵 | D3: 积分 | E3: =抽奖道具 -> 鱼饵 | F3: 积分 | G3: =抽奖道具 -> 鱼饵 | H3: 积分 | I3: =抽奖道具 -> 鱼饵 | J3: 积分 | K3: =抽奖道具 -> 鱼饵 | L3: 积分 | M3: =抽奖道具 -> 鱼饵 | N3: 积分 | O3: =抽奖道具 -> 鱼饵 | P3: 积分
B4: 首次登录 | C4: 5 | D4: =C4*积分规则1 -> 25 | F4: =E4*积分规则1 -> 0 | H4: =G4*积分规则1 -> 0 | J4: =I4*积分规则1 -> 0 | L4: =K4*积分规则1 -> 0 | N4: =M4*积分规则1 -> 0 | P4: =O4*积分规则1 -> 0
B5: 每日任务 | C5: 40 | D5: =C5*积分规则1 -> 200 | E5: 40 | F5: =E5*积分规则1 -> 200 | G5: 40 | H5: =G5*积分规则1 -> 200 | I5: 40 | J5: =I5*积分规则1 -> 200 | K5: 40 | L5: =K5*积分规则1 -> 200 | M5: 40 | N5: =M5*积分规则1 -> 200 | O5: 40 | P5: =O5*积分规则1 -> 200
B6: 钻石购买 | C6: 80 | D6: =C6*积分规则1 -> 400 | E6: 80 | F6: =E6*积分规则1 -> 400 | G6: 0 | H6: =G6*积分规则1 -> 0 | I6: 0 | J6: =I6*积分规则1 -> 0 | K6: 0 | L6: =K6*积分规则1 -> 0 | M6: 0 | N6: =M6*积分规则1 -> 0 | O6: 0 | P6: =O6*积分规则1 -> 0
B7: 免费基金 | D7: =C7*积分规则1 -> 0 | E7: 25 | F7: =E7*积分规则1 -> 125 | H7: =G7*积分规则1 -> 0 | I7: 0 | J7: =I7*积分规则1 -> 0 | K7: 0 | L7: =K7*积分规则1 -> 0 | M7: 0 | N7: =M7*积分规则1 -> 0 | O7: 0 | P7: =O7*积分规则1 -> 0
B8: 活动签到 | D8: =C8*积分规则1 -> 0 | F8: =E8*积分规则1 -> 0 | H8: =G8*积分规则1 -> 0 | J8: =I8*积分规则1 -> 0 | L8: =K8*积分规则1 -> 0 | N8: =M8*积分规则1 -> 0 | P8: =O8*积分规则1 -> 0
B9: 广告观看 | C9: 0 | D9: =C9*积分规则1 -> 0 | E9: 0 | F9: =E9*积分规则1 -> 0 | G9: 0 | H9: =G9*积分规则1 -> 0 | I9: 0 | J9: =I9*积分规则1 -> 0 | K9: 0 | L9: =K9*积分规则1 -> 0 | M9: 0 | N9: =M9*积分规则1 -> 0 | O9: 0 | P9: =O9*积分规则1 -> 0
B10: 积分兑换 | C10: 0 | D10: =C10*积分规则1 -> 0 | E10: 60 | F10: =E10*积分规则1 -> 300 | G10: 0 | H10: =G10*积分规则1 -> 0 | I10: 0 | J10: =I10*积分规则1 -> 0 | K10: 0 | L10: =K10*积分规则1 -> 0 | M10: 0 | N10: =M10*积分规则1 -> 0 | O10: 140 | P10: =O10*积分规则1 -> 700
B11: 氪金礼包 | D11: =C11*积分规则1 -> 0 | F11: =E11*积分规则1 -> 0 | H11: =G11*积分规则1 -> 0 | J11: =I11*积分规则1 -> 0 | L11: =K11*积分规则1 -> 0 | N11: =M11*积分规则1 -> 0 | P11: =O11*积分规则1 -> 0
B12: 氪金基金 | D12: =C12*积分规则1 -> 0 | F12: =E12*积分规则1 -> 0 | H12: =G12*积分规则1 -> 0 | J12: =I12*积分规则1 -> 0 | L12: =K12*积分规则1 -> 0 | N12: =M12*积分规则1 -> 0 | P12: =O12*积分规则1 -> 0
B13: ="使用"&抽奖道具 -> 使用鱼饵 | C13: 40 | D13: =C13*积分规则3 -> 10 | E13: 265 | F13: =E13*积分规则3 -> 66.25 | G13: 0 | H13: =G13*积分规则3 -> 0 | I13: 0 | J13: =I13*积分规则3 -> 0 | K13: 0 | L13: =K13*积分规则3 -> 0 | M13: 0 | N13: =M13*积分规则3 -> 0 | O13: 365 | P13: =O13*积分规则3 -> 91.25
B14: ="剩余"&抽奖道具 -> 剩余鱼饵 | C14: =C22-C13 -> 85 | E14: =C14+SUM(E4:E12)-E13 -> 25 | G14: =E14+SUM(G4:G12)-G13 -> 65 | I14: =G14+SUM(I4:I12)-I13 -> 105 | K14: =I14+SUM(K4:K12)-K13 -> 145 | M14: =K14+SUM(M4:M12)-M13 -> 185 | O14: =M14+SUM(O4:O12)-O13 -> 0
B15: 使用随机箱 | C15: 0 | D15: =C15*随机箱积分 -> 0 | E15: 0 | F15: =E15*随机箱积分 -> 0 | G15: 0 | H15: =G15*随机箱积分 -> 0 | I15: 0 | J15: =I15*随机箱积分 -> 0 | K15: 0 | L15: =K15*随机箱积分 -> 0 | M15: 0 | N15: =M15*随机箱积分 -> 0 | O15: 13 | P15: =O15*随机箱积分 -> 136.63
B16: 剩余随机箱 | C16: =C24-SUM(C15) -> 1 | E16: =E24-SUM(C15,E15) -> 7 | G16: =G24-SUM(C15,E15,G15) -> 7 | I16: =I24-SUM(C15,E15,G15,I15) -> 7 | K16: =K24-SUM(C15,E15,G15,I15,K15) -> 7 | M16: =M24-SUM(C15,E15,G15,I15,K15,M15) -> 7 | O16: =O24-SUM(C15,E15,G15,I15,K15,M15,O15) -> 0
B17: 断线换鱼饵 | C17: 0 | D17: =C17*0 -> 0 | F17: =E17*0 -> 0 | H17: =G17*0 -> 0 | J17: =I17*0 -> 0 | L17: =K17*0 -> 0 | N17: =M17*0 -> 0 | P17: =O17*0 -> 0
B18: ？
B19: ？
B20: 目标档位 | C20: =IFERROR(LOOKUP(D20,档位积分1:档位积分5,第1档:第5档),"无奖励") -> 第2档 | D20: =SUM(D4:D13)+D15+SUM(D17:D19) -> 635 | E20: =IFERROR(LOOKUP(F20,档位积分1:档位积分5,第1档:第5档),"无奖励") -> 第3档 | F20: =SUM(F4:F13)+F15+SUM(F17:F19) -> 1091.25 | G20: =IFERROR(LOOKUP(H20,档位积分1:档位积分5,第1档:第5档),"无奖励") -> 无奖励 | H20: =SUM(H4:H13)+H15+SUM(H17:H19) -> 200 | I20: =IFERROR(LOOKUP(J20,档位积分1:档位积分5,第1档:第5档),"无奖励") -> 无奖励 | J20: =SUM(J4:J13)+J15+SUM(J17:J19) -> 200 | K20: =IFERROR(LOOKUP(L20,档位积分1:档位积分5,第1档:第5档),"无奖励") -> 无奖励 | L20: =SUM(L4:L13)+L15+SUM(L17:L19) -> 200 | M20: =IFERROR(LOOKUP(N20,档位积分1:档位积分5,第1档:第5档),"无奖励") -> 无奖励 | N20: =SUM(N4:N13)+N15+SUM(N17:N19) -> 200 | O20: =IFERROR(LOOKUP(P20,档位积分1:档位积分5,第1档:第5档),"无奖励") -> 第3档 | P20: =SUM(P4:P13)+P15+SUM(P17:P19) -> 1127.88
B21: 下一档位 | C21: =IF(D20>=MAX(档位积分1:档位积分5), "已是最高档", IF(D20<MIN(档位积分1:档位积分5), INDEX(第1档:第5档, 1), INDEX(第1档:第5档, MATCH(D20, 档位积分1:档位积分5, 1)+1))) -> 第3档 | D21: =IF(D20>=MAX(档位积分1:档位积分5), "", IF(D20<MIN(档位积分1:档位积分5), MIN(档位积分1:档位积分5), INDEX(档位积分1:档位积分5, MATCH(D20, 档位积分1:档位积分5, 1)+1))) -> 1060 | E21: =IF(F20>=MAX(档位积分1:档位积分5), "已是最高档", IF(F20<MIN(档位积分1:档位积分5), INDEX(第1档:第5档, 1), INDEX(第1档:第5档, MATCH(F20, 档位积分1:档位积分5, 1)+1))) -> 第4档 | F21: =IF(F20>=MAX(档位积分1:档位积分5), "", IF(F20<MIN(档位积分1:档位积分5), MIN(档位积分1:档位积分5), INDEX(档位积分1:档位积分5, MATCH(F20, 档位积分1:档位积分5, 1)+1))) -> 2520 | G21: =IF(H20>=MAX(档位积分1:档位积分5), "已是最高档", IF(H20<MIN(档位积分1:档位积分5), INDEX(第1档:第5档, 1), INDEX(第1档:第5档, MATCH(H20, 档位积分1:档位积分5, 1)+1))) -> 第1档 | H21: =IF(H20>=MAX(档位积分1:档位积分5), "", IF(H20<MIN(档位积分1:档位积分5), MIN(档位积分1:档位积分5), INDEX(档位积分1:档位积分5, MATCH(H20, 档位积分1:档位积分5, 1)+1))) -> 210 | I21: =IF(J20>=MAX(档位积分1:档位积分5), "已是最高档", IF(J20<MIN(档位积分1:档位积分5), INDEX(第1档:第5档, 1), INDEX(第1档:第5档, MATCH(J20, 档位积分1:档位积分5, 1)+1))) -> 第1档 | J21: =IF(J20>=MAX(档位积分1:档位积分5), "", IF(J20<MIN(档位积分1:档位积分5), MIN(档位积分1:档位积分5), INDEX(档位积分1:档位积分5, MATCH(J20, 档位积分1:档位积分5, 1)+1))) -> 210 | K21: =IF(L20>=MAX(档位积分1:档位积分5), "已是最高档", IF(L20<MIN(档位积分1:档位积分5), INDEX(第1档:第5档, 1), INDEX(第1档:第5档, MATCH(L20, 档位积分1:档位积分5, 1)+1))) -> 第1档 | L21: =IF(L20>=MAX(档位积分1:档位积分5), "", IF(L20<MIN(档位积分1:档位积分5), MIN(档位积分1:档位积分5), INDEX(档位积分1:档位积分5, MATCH(L20, 档位积分1:档位积分5, 1)+1))) -> 210 | M21: =IF(N20>=MAX(档位积分1:档位积分5), "已是最高档", IF(N20<MIN(档位积分1:档位积分5), INDEX(第1档:第5档, 1), INDEX(第1档:第5档, MATCH(N20, 档位积分1:档位积分5, 1)+1))) -> 第1档 | N21: =IF(N20>=MAX(档位积分1:档位积分5), "", IF(N20<MIN(档位积分1:档位积分5), MIN(档位积分1:档位积分5), INDEX(档位积分1:档位积分5, MATCH(N20, 档位积分1:档位积分5, 1)+1))) -> 210 | O21: =IF(P20>=MAX(档位积分1:档位积分5), "已是最高档", IF(P20<MIN(档位积分1:档位积分5), INDEX(第1档:第5档, 1), INDEX(第1档:第5档, MATCH(P20, 档位积分1:档位积分5, 1)+1))) -> 第4档 | P21: =IF(P20>=MAX(档位积分1:档位积分5), "", IF(P20<MIN(档位积分1:档位积分5), MIN(档位积分1:档位积分5), INDEX(档位积分1:档位积分5, MATCH(P20, 档位积分1:档位积分5, 1)+1))) -> 2520
B22: ="总"&抽奖道具 -> 总鱼饵 | C22: =SUM(C4:C12) -> 125 | D22: =C22*积分规则3 -> 31.25 | E22: =C22+SUM(E4:E12) -> 330 | F22: 0 | G22: =E22+SUM(G4:G12) -> 370 | H22: 0 | I22: =G22+SUM(I4:I12) -> 410 | J22: 0 | K22: =I22+SUM(K4:K12) -> 450 | L22: 0 | M22: =K22+SUM(M4:M12) -> 490 | N22: 0 | O22: =M22+SUM(O4:O12) -> 670 | P22: 0
B23: 总使用鱼饵 | C23: =C13 -> 40 | E23: =C23+E13 -> 305 | G23: =G13+E23 -> 305 | I23: =I13+G23 -> 305 | K23: =K13+I23 -> 305 | M23: =M13+K23 -> 305 | O23: =O13+M23 -> 670
B24: 总随机箱 | C24: =IFERROR(LOOKUP(D20,档位积分1:档位积分5,档位奖励1:档位奖励5),0) -> 1 | D24: =C24*随机箱积分 -> 10.51 | E24: =IFERROR(LOOKUP(F20,档位积分1:档位积分5,档位奖励1:档位奖励5),0)+C24 -> 7 | F24: =E24*随机箱积分 -> 73.57 | G24: =IFERROR(LOOKUP(H20,档位积分1:档位积分5,档位奖励1:档位奖励5),0)+E24 -> 7 | H24: =G24*随机箱积分 -> 73.57 | I24: =IFERROR(LOOKUP(J20,档位积分1:档位积分5,档位奖励1:档位奖励5),0)+G24 -> 7 | J24: =I24*随机箱积分 -> 73.57 | K24: =IFERROR(LOOKUP(L20,档位积分1:档位积分5,档位奖励1:档位奖励5),0)+I24 -> 7 | L24: =K24*随机箱积分 -> 73.57 | M24: =IFERROR(LOOKUP(N20,档位积分1:档位积分5,档位奖励1:档位奖励5),0)+K24 -> 7 | N24: =M24*随机箱积分 -> 73.57 | O24: =IFERROR(LOOKUP(P20,档位积分1:档位积分5,档位奖励1:档位奖励5),0)+M24 -> 13 | P24: =O24*随机箱积分 -> 136.63
B25: =普通兑换道具 -> 钓鱼积分 | C25: =IF(C23<=77,C23*97.5,IF(C23<=177,7507.5+(C23-77)*156,IF(C23<=292,23107.5+(C23-177)*234,50017.5+(C23-292)*468))) -> 3900 | E25: =IF(E23<=77,E23*97.5,IF(E23<=177,7507.5+(E23-77)*156,IF(E23<=292,23107.5+(E23-177)*234,50017.5+(E23-292)*468)))-4000 -> 52101.5 | G25: =IF(G23<=77,G23*97.5,IF(G23<=177,7507.5+(G23-77)*156,IF(G23<=292,23107.5+(G23-177)*234,50017.5+(G23-292)*468)))-4000 -> 52101.5 | I25: =IF(I23<=77,I23*97.5,IF(I23<=177,7507.5+(I23-77)*156,IF(I23<=292,23107.5+(I23-177)*234,50017.5+(I23-292)*468)))-4000 -> 52101.5 | K25: =IF(K23<=77,K23*97.5,IF(K23<=177,7507.5+(K23-77)*156,IF(K23<=292,23107.5+(K23-177)*234,50017.5+(K23-292)*468)))-4000 -> 52101.5 | M25: =IF(M23<=77,M23*97.5,IF(M23<=177,7507.5+(M23-77)*156,IF(M23<=292,23107.5+(M23-177)*234,50017.5+(M23-292)*468)))-4000 -> 52101.5 | O25: =IF(O23<=77,O23*97.5,IF(O23<=177,7507.5+(O23-77)*156,IF(O23<=292,23107.5+(O23-177)*234,50017.5+(O23-292)*468)))-4000-8700-10500 -> 203721.5
B26: =高级兑换道具 -> 鱼王之证 | C26: =C13*高级兑换道具抽奖期望+C15*随机箱高级道具期望 -> 1 | E26: =E13*高级兑换道具抽奖期望+E15*随机箱高级道具期望+C26 -> 7.625 | G26: =G13*高级兑换道具抽奖期望+G15*随机箱高级道具期望+E26 -> 7.625 | I26: =I13*高级兑换道具抽奖期望+I15*随机箱高级道具期望+G26 -> 7.625 | K26: =K13*高级兑换道具抽奖期望+K15*随机箱高级道具期望+I26 -> 7.625 | M26: =M13*高级兑换道具抽奖期望+M15*随机箱高级道具期望+K26 -> 7.625 | O26: =O13*高级兑换道具抽奖期望+O15*随机箱高级道具期望+M26+O17 -> 30.413
B27: 氪金RMB | C27: 0 | D27: 0 | E27: 0 | F27: 0 | G27: 0 | H27: 0 | I27: 0 | J27: 0 | K27: 0 | L27: 0 | M27: 0 | N27: 0 | O27: 0 | P27: 0
C28: 0 | D28: 0 | E28: 0 | F28: 0 | G28: 0 | H28: 0 | I28: 0 | J28: 0 | K28: 0 | L28: 0 | M28: 0 | N28: 0 | O28: 0 | P28: 0
B30: 氪金翡翠 | C30: =IFERROR(LOOKUP(C27,价格6:价格648,翡翠100:翡翠10000),0) -> 0 | D30: =IFERROR(LOOKUP(D27,价格6:价格648,翡翠100:翡翠10000),0) -> 0 | E30: =IFERROR(LOOKUP(E27,价格6:价格648,翡翠100:翡翠10000),0) -> 0 | F30: =IFERROR(LOOKUP(F27,价格6:价格648,翡翠100:翡翠10000),0) -> 0 | G30: =IFERROR(LOOKUP(G27,价格6:价格648,翡翠100:翡翠10000),0) -> 0 | H30: =IFERROR(LOOKUP(H27,价格6:价格648,翡翠100:翡翠10000),0) -> 0 | I30: =IFERROR(LOOKUP(I27,价格6:价格648,翡翠100:翡翠10000),0) -> 0 | J30: =IFERROR(LOOKUP(J27,价格6:价格648,翡翠100:翡翠10000),0) -> 0 | ... P30: =IFERROR(LOOKUP(P27,价格6:价格648,翡翠100:翡翠10000),0) -> 0
C31: =IFERROR(LOOKUP(C28,价格6:价格648,翡翠100:翡翠10000),0) -> 0 | D31: =IFERROR(LOOKUP(D28,价格6:价格648,翡翠100:翡翠10000),0) -> 0 | E31: =IFERROR(LOOKUP(E28,价格6:价格648,翡翠100:翡翠10000),0) -> 0 | F31: =IFERROR(LOOKUP(F28,价格6:价格648,翡翠100:翡翠10000),0) -> 0 | G31: =IFERROR(LOOKUP(G28,价格6:价格648,翡翠100:翡翠10000),0) -> 0 | H31: =IFERROR(LOOKUP(H28,价格6:价格648,翡翠100:翡翠10000),0) -> 0 | I31: =IFERROR(LOOKUP(I28,价格6:价格648,翡翠100:翡翠10000),0) -> 0 | J31: =IFERROR(LOOKUP(J28,价格6:价格648,翡翠100:翡翠10000),0) -> 0 | ... O31: =IFERROR(LOOKUP(O28,价格6:价格648,翡翠100:翡翠10000),0) -> 0 | P31: 0
B33: 总体策略 | C33: =SUM(C6,E6,G6,I6,K6,M6,O6)*钻石购买 &"钻石" -> 16000钻石 | I33: =SUM(C27:P29) &"元" -> 0元 | M33: =SUM(C30:P32) & "翡翠" -> 0翡翠
C34: ="最终收益："&ROUNDDOWN(O26,0)&B26&"+"&ROUNDDOWN(O25,0)&B25 -> 最终收益：30鱼王之证+203721钓鱼积分

Sheet 垂钓盛典1.6w钻攻略图
B2: 垂钓盛典｜1.6万钻2至宝攻略
B3: 预算 | D3: ="期望"&普通兑换道具 -> 期望钓鱼积分 | G3: ="期望"&高级兑换道具 -> 期望鱼王之证
B5: =垂钓盛典1.6w钻!C33 -> 16000钻石 | D5: =垂钓盛典1.6w钻!O25 -> 203721.5 | G5: =垂钓盛典1.6w钻!O26 -> 30.413
B6: 可兑换： SS武器至宝自选箱×1 + SS装备至宝自选箱×1 + 万能英杰碎片×120
A8: 特殊日 | B8: 天数 | C8: 今天只做这些 | D8: =垂钓盛典1.6w钻!B20 -> 目标档位 | E8: =垂钓盛典1.6w钻!B13 -> 使用鱼饵 | F8: =垂钓盛典1.6w钻!B14 -> 剩余鱼饵 | G8: =垂钓盛典1.6w钻!B16 -> 剩余随机箱 | H8: ="期望"&普通兑换道具 -> 期望钓鱼积分 | I8: ="期望"&高级兑换道具 -> 期望鱼王之证 | J8: 当日档位积分
B9: Day1 | C9: ① 进活动页面送5鱼饵 ② 任务40鱼饵+钻石购买80鱼饵 ③ 用约40鱼饵钓上1条鱼王 | D9: =垂钓盛典1.6w钻!C20 -> 第2档 | E9: =垂钓盛典1.6w钻!C13 -> 40 | F9: =垂钓盛典1.6w钻!C14 -> 85 | G9: =垂钓盛典1.6w钻!C16 -> 1 | H9: =垂钓盛典1.6w钻!C25 -> 3900 | I9: =垂钓盛典1.6w钻!C26 -> 1 | J9: =垂钓盛典1.6w钻!D20 -> 635
A10: 冲档日 | B10: Day2 | C10: ① 任务40鱼饵+钻石购买80鱼饵 ② 用205鱼饵钓约4条鱼王 ③ 商店积分换60鱼饵后再钓60鱼饵 ④ 基金领25鱼饵 | D10: =垂钓盛典1.6w钻!E20 -> 第3档 | E10: =垂钓盛典1.6w钻!E13 -> 265 | F10: =垂钓盛典1.6w钻!E14 -> 25 | G10: =垂钓盛典1.6w钻!E16 -> 7 | H10: =垂钓盛典1.6w钻!E25 -> 52101.5 | I10: =垂钓盛典1.6w钻!E26 -> 7.625 | J10: =垂钓盛典1.6w钻!F20 -> 1091.25
B11: Day3 | C11: ① 任务40鱼饵 | D11: =垂钓盛典1.6w钻!G20 -> 无奖励 | E11: =垂钓盛典1.6w钻!G13 -> 0 | F11: =垂钓盛典1.6w钻!G14 -> 65 | G11: =垂钓盛典1.6w钻!G16 -> 7 | H11: =垂钓盛典1.6w钻!G25 -> 52101.5 | I11: =垂钓盛典1.6w钻!G26 -> 7.625 | J11: =垂钓盛典1.6w钻!H20 -> 200
B12: Day4 | C12: ① 任务40鱼饵 | D12: =垂钓盛典1.6w钻!I20 -> 无奖励 | E12: =垂钓盛典1.6w钻!I13 -> 0 | F12: =垂钓盛典1.6w钻!I14 -> 105 | G12: =垂钓盛典1.6w钻!I16 -> 7 | H12: =垂钓盛典1.6w钻!I25 -> 52101.5 | I12: =垂钓盛典1.6w钻!I26 -> 7.625 | J12: =垂钓盛典1.6w钻!J20 -> 200
B13: Day5 | C13: ① 任务40鱼饵 | D13: =垂钓盛典1.6w钻!K20 -> 无奖励 | E13: =垂钓盛典1.6w钻!K13 -> 0 | F13: =垂钓盛典1.6w钻!K14 -> 145 | G13: =垂钓盛典1.6w钻!K16 -> 7 | H13: =垂钓盛典1.6w钻!K25 -> 52101.5 | I13: =垂钓盛典1.6w钻!K26 -> 7.625 | J13: =垂钓盛典1.6w钻!L20 -> 200
B14: Day6 | C14: ① 任务40鱼饵 | D14: =垂钓盛典1.6w钻!M20 -> 无奖励 | E14: =垂钓盛典1.6w钻!M13 -> 0 | F14: =垂钓盛典1.6w钻!M14 -> 185 | G14: =垂钓盛典1.6w钻!M16 -> 7 | H14: =垂钓盛典1.6w钻!M25 -> 52101.5 | I14: =垂钓盛典1.6w钻!M26 -> 7.625 | J14: =垂钓盛典1.6w钻!N20 -> 200
A15: 冲档日 | B15: Day7 | C15: ① 任务40鱼饵 ② 商店积分换140鱼饵 ③ 用约373鱼饵+开全部随机箱 | D15: =垂钓盛典1.6w钻!O20 -> 第3档 | E15: =垂钓盛典1.6w钻!O13 -> 365 | F15: =垂钓盛典1.6w钻!O14 -> 0 | G15: =垂钓盛典1.6w钻!O16 -> 0 | H15: =垂钓盛典1.6w钻!O25 -> 203721.5 | I15: =垂钓盛典1.6w钻!O26 -> 30.413 | J15: =垂钓盛典1.6w钻!P20 -> 1127.88
B17: 风险提示
B18: 钓鱼积分只够换两个至宝，运气好鱼王之证刚好30个可以换万能英杰碎片 如果积分不够200000可以最后一天再买鱼饵补一下
B19: .

Sheet 120鱼王
C2: 第1天 | E2: 第2天 | G2: 第3天 | I2: 第4天 | K2: 第5天 | M2: 第6天 | O2: 第7天
C3: =抽奖道具 -> 鱼饵 | D3: 积分 | E3: =抽奖道具 -> 鱼饵 | F3: 积分 | G3: =抽奖道具 -> 鱼饵 | H3: 积分 | I3: =抽奖道具 -> 鱼饵 | J3: 积分 | K3: =抽奖道具 -> 鱼饵 | L3: 积分 | M3: =抽奖道具 -> 鱼饵 | N3: 积分 | O3: =抽奖道具 -> 鱼饵 | P3: 积分
B4: 首次登录 | C4: 5 | D4: =C4*积分规则1 -> 25 | F4: =E4*积分规则1 -> 0 | H4: =G4*积分规则1 -> 0 | J4: =I4*积分规则1 -> 0 | L4: =K4*积分规则1 -> 0 | N4: =M4*积分规则1 -> 0 | P4: =O4*积分规则1 -> 0
B5: 每日任务 | C5: 40 | D5: =C5*积分规则1 -> 200 | E5: 40 | F5: =E5*积分规则1 -> 200 | G5: 40 | H5: =G5*积分规则1 -> 200 | I5: 40 | J5: =I5*积分规则1 -> 200 | K5: 40 | L5: =K5*积分规则1 -> 200 | M5: 40 | N5: =M5*积分规则1 -> 200 | O5: 40 | P5: =O5*积分规则1 -> 200
B6: 钻石购买 | C6: 80 | D6: =C6*积分规则1 -> 400 | E6: 80 | F6: =E6*积分规则1 -> 400 | G6: 80 | H6: =G6*积分规则1 -> 400 | I6: 80 | J6: =I6*积分规则1 -> 400 | K6: 80 | L6: =K6*积分规则1 -> 400 | M6: 80 | N6: =M6*积分规则1 -> 400 | O6: 80 | P6: =O6*积分规则1 -> 400
B7: 免费基金 | C7: 25 | D7: =C7*积分规则1 -> 125 | F7: =E7*积分规则1 -> 0 | H7: =G7*积分规则1 -> 0 | I7: 0 | J7: =I7*积分规则1 -> 0 | K7: 0 | L7: =K7*积分规则1 -> 0 | M7: 0 | N7: =M7*积分规则1 -> 0 | O7: 0 | P7: =O7*积分规则1 -> 0
B8: 活动签到 | D8: =C8*积分规则1 -> 0 | F8: =E8*积分规则1 -> 0 | H8: =G8*积分规则1 -> 0 | J8: =I8*积分规则1 -> 0 | L8: =K8*积分规则1 -> 0 | N8: =M8*积分规则1 -> 0 | P8: =O8*积分规则1 -> 0
B9: 广告观看 | C9: 0 | D9: =C9*积分规则1 -> 0 | E9: 0 | F9: =E9*积分规则1 -> 0 | G9: 0 | H9: =G9*积分规则1 -> 0 | I9: 0 | J9: =I9*积分规则1 -> 0 | K9: 0 | L9: =K9*积分规则1 -> 0 | M9: 0 | N9: =M9*积分规则1 -> 0 | O9: 0 | P9: =O9*积分规则1 -> 0
B10: 积分兑换 | C10: 200 | D10: =C10*积分规则1 -> 1000 | E10: 0 | F10: =E10*积分规则1 -> 0 | G10: 0 | H10: =G10*积分规则1 -> 0 | I10: 0 | J10: =I10*积分规则1 -> 0 | K10: 0 | L10: =K10*积分规则1 -> 0 | M10: 0 | N10: =M10*积分规则1 -> 0 | O10: 0 | P10: =O10*积分规则1 -> 0
B11: 氪金礼包 | C11: 350 | D11: =C11*积分规则1 -> 1750 | E11: 0 | F11: =E11*积分规则1 -> 0 | G11: 0 | H11: =G11*积分规则1 -> 0 | I11: 0 | J11: =I11*积分规则1 -> 0 | K11: 0 | L11: =K11*积分规则1 -> 0 | M11: 0 | N11: =M11*积分规则1 -> 0 | O11: 0 | P11: =O11*积分规则1 -> 0
B12: 氪金基金 | D12: =C12*积分规则1 -> 0 | F12: =E12*积分规则1 -> 0 | H12: =G12*积分规则1 -> 0 | J12: =I12*积分规则1 -> 0 | L12: =K12*积分规则1 -> 0 | N12: =M12*积分规则1 -> 0 | P12: =O12*积分规则1 -> 0
B13: ="使用"&抽奖道具 -> 使用鱼饵 | C13: 700 | D13: =C13*积分规则3 -> 175 | E13: 120 | F13: =E13*积分规则3 -> 30 | G13: 120 | H13: =G13*积分规则3 -> 30 | I13: 120 | J13: =I13*积分规则3 -> 30 | K13: 120 | L13: =K13*积分规则3 -> 30 | M13: 120 | N13: =M13*积分规则3 -> 30 | O13: 120 | P13: =O13*积分规则3 -> 30
B14: ="剩余"&抽奖道具 -> 剩余鱼饵 | C14: =C22-C13 -> 0 | E14: =C14+SUM(E4:E12)-E13 -> 0 | G14: =E14+SUM(G4:G12)-G13 -> 0 | I14: =G14+SUM(I4:I12)-I13 -> 0 | K14: =I14+SUM(K4:K12)-K13 -> 0 | M14: =K14+SUM(M4:M12)-M13 -> 0 | O14: =M14+SUM(O4:O12)-O13 -> 0
B15: 使用随机箱 | C15: 24 | D15: =C15*随机箱积分 -> 252.24 | E15: 1 | F15: =E15*随机箱积分 -> 10.51 | G15: 1 | H15: =G15*随机箱积分 -> 10.51 | I15: 1 | J15: =I15*随机箱积分 -> 10.51 | K15: 1 | L15: =K15*随机箱积分 -> 10.51 | M15: 1 | N15: =M15*随机箱积分 -> 10.51 | O15: 47 | P15: =O15*随机箱积分 -> 493.97
B16: 剩余随机箱 | C16: =C24-SUM(C15) -> 41 | E16: =E24-SUM(C15,E15) -> 41 | G16: =G24-SUM(C15,E15,G15) -> 41 | I16: =I24-SUM(C15,E15,G15,I15) -> 41 | K16: =K24-SUM(C15,E15,G15,I15,K15) -> 41 | M16: =M24-SUM(C15,E15,G15,I15,K15,M15) -> 41 | O16: =O24-SUM(C15,E15,G15,I15,K15,M15,O15) -> 0
B17: 断线换鱼饵 | C17: 0 | D17: =C17*0 -> 0 | F17: =E17*0 -> 0 | H17: =G17*0 -> 0 | J17: =I17*0 -> 0 | L17: =K17*0 -> 0 | N17: =M17*0 -> 0 | P17: =O17*0 -> 0
B18: 鱼王礼包 | C18: 6 | D18: 60
B19: ？
B20: 目标档位 | C20: =IFERROR(LOOKUP(D20,档位积分1:档位积分5,第1档:第5档),"无奖励") -> 第5档 | D20: =SUM(D4:D13)+D15+SUM(D17:D19) -> 3987.24 | E20: =IFERROR(LOOKUP(F20,档位积分1:档位积分5,第1档:第5档),"无奖励") -> 第2档 | F20: =SUM(F4:F13)+F15+SUM(F17:F19) -> 640.51 | G20: =IFERROR(LOOKUP(H20,档位积分1:档位积分5,第1档:第5档),"无奖励") -> 第2档 | H20: =SUM(H4:H13)+H15+SUM(H17:H19) -> 640.51 | I20: =IFERROR(LOOKUP(J20,档位积分1:档位积分5,第1档:第5档),"无奖励") -> 第2档 | J20: =SUM(J4:J13)+J15+SUM(J17:J19) -> 640.51 | K20: =IFERROR(LOOKUP(L20,档位积分1:档位积分5,第1档:第5档),"无奖励") -> 第2档 | L20: =SUM(L4:L13)+L15+SUM(L17:L19) -> 640.51 | M20: =IFERROR(LOOKUP(N20,档位积分1:档位积分5,第1档:第5档),"无奖励") -> 第2档 | N20: =SUM(N4:N13)+N15+SUM(N17:N19) -> 640.51 | O20: =IFERROR(LOOKUP(P20,档位积分1:档位积分5,第1档:第5档),"无奖励") -> 第3档 | P20: =SUM(P4:P13)+P15+SUM(P17:P19) -> 1123.97
B21: 下一档位 | C21: =IF(D20>=MAX(档位积分1:档位积分5), "已是最高档", IF(D20<MIN(档位积分1:档位积分5), INDEX(第1档:第5档, 1), INDEX(第1档:第5档, MATCH(D20, 档位积分1:档位积分5, 1)+1))) -> 已是最高档 | D21: =IF(D20>=MAX(档位积分1:档位积分5), "", IF(D20<MIN(档位积分1:档位积分5), MIN(档位积分1:档位积分5), INDEX(档位积分1:档位积分5, MATCH(D20, 档位积分1:档位积分5, 1)+1))) | E21: =IF(F20>=MAX(档位积分1:档位积分5), "已是最高档", IF(F20<MIN(档位积分1:档位积分5), INDEX(第1档:第5档, 1), INDEX(第1档:第5档, MATCH(F20, 档位积分1:档位积分5, 1)+1))) -> 第3档 | F21: =IF(F20>=MAX(档位积分1:档位积分5), "", IF(F20<MIN(档位积分1:档位积分5), MIN(档位积分1:档位积分5), INDEX(档位积分1:档位积分5, MATCH(F20, 档位积分1:档位积分5, 1)+1))) -> 1060 | G21: =IF(H20>=MAX(档位积分1:档位积分5), "已是最高档", IF(H20<MIN(档位积分1:档位积分5), INDEX(第1档:第5档, 1), INDEX(第1档:第5档, MATCH(H20, 档位积分1:档位积分5, 1)+1))) -> 第3档 | H21: =IF(H20>=MAX(档位积分1:档位积分5), "", IF(H20<MIN(档位积分1:档位积分5), MIN(档位积分1:档位积分5), INDEX(档位积分1:档位积分5, MATCH(H20, 档位积分1:档位积分5, 1)+1))) -> 1060 | I21: =IF(J20>=MAX(档位积分1:档位积分5), "已是最高档", IF(J20<MIN(档位积分1:档位积分5), INDEX(第1档:第5档, 1), INDEX(第1档:第5档, MATCH(J20, 档位积分1:档位积分5, 1)+1))) -> 第3档 | J21: =IF(J20>=MAX(档位积分1:档位积分5), "", IF(J20<MIN(档位积分1:档位积分5), MIN(档位积分1:档位积分5), INDEX(档位积分1:档位积分5, MATCH(J20, 档位积分1:档位积分5, 1)+1))) -> 1060 | K21: =IF(L20>=MAX(档位积分1:档位积分5), "已是最高档", IF(L20<MIN(档位积分1:档位积分5), INDEX(第1档:第5档, 1), INDEX(第1档:第5档, MATCH(L20, 档位积分1:档位积分5, 1)+1))) -> 第3档 | L21: =IF(L20>=MAX(档位积分1:档位积分5), "", IF(L20<MIN(档位积分1:档位积分5), MIN(档位积分1:档位积分5), INDEX(档位积分1:档位积分5, MATCH(L20, 档位积分1:档位积分5, 1)+1))) -> 1060 | M21: =IF(N20>=MAX(档位积分1:档位积分5), "已是最高档", IF(N20<MIN(档位积分1:档位积分5), INDEX(第1档:第5档, 1), INDEX(第1档:第5档, MATCH(N20, 档位积分1:档位积分5, 1)+1))) -> 第3档 | N21: =IF(N20>=MAX(档位积分1:档位积分5), "", IF(N20<MIN(档位积分1:档位积分5), MIN(档位积分1:档位积分5), INDEX(档位积分1:档位积分5, MATCH(N20, 档位积分1:档位积分5, 1)+1))) -> 1060 | O21: =IF(P20>=MAX(档位积分1:档位积分5), "已是最高档", IF(P20<MIN(档位积分1:档位积分5), INDEX(第1档:第5档, 1), INDEX(第1档:第5档, MATCH(P20, 档位积分1:档位积分5, 1)+1))) -> 第4档 | P21: =IF(P20>=MAX(档位积分1:档位积分5), "", IF(P20<MIN(档位积分1:档位积分5), MIN(档位积分1:档位积分5), INDEX(档位积分1:档位积分5, MATCH(P20, 档位积分1:档位积分5, 1)+1))) -> 2520
B22: ="总"&抽奖道具 -> 总鱼饵 | C22: =SUM(C4:C12) -> 700 | D22: =C22*积分规则3 -> 175 | E22: =C22+SUM(E4:E12) -> 820 | F22: 0 | G22: =E22+SUM(G4:G12) -> 940 | H22: 0 | I22: =G22+SUM(I4:I12) -> 1060 | J22: 0 | K22: =I22+SUM(K4:K12) -> 1180 | L22: 0 | M22: =K22+SUM(M4:M12) -> 1300 | N22: 0 | O22: =M22+SUM(O4:O12) -> 1420 | P22: 0
B23: 总使用鱼饵 | C23: =C13 -> 700 | E23: =C23+E13 -> 820 | G23: =G13+E23 -> 940 | I23: =I13+G23 -> 1060 | K23: =K13+I23 -> 1180 | M23: =M13+K23 -> 1300 | O23: =O13+M23 -> 1420
B24: 总随机箱 | C24: =IFERROR(LOOKUP(D20,档位积分1:档位积分5,档位奖励1:档位奖励5),0)+15 -> 65 | D24: =C24*随机箱积分 -> 683.15 | E24: =IFERROR(LOOKUP(F20,档位积分1:档位积分5,档位奖励1:档位奖励5),0)+C24 -> 66 | F24: =E24*随机箱积分 -> 693.66 | G24: =IFERROR(LOOKUP(H20,档位积分1:档位积分5,档位奖励1:档位奖励5),0)+E24 -> 67 | H24: =G24*随机箱积分 -> 704.17 | I24: =IFERROR(LOOKUP(J20,档位积分1:档位积分5,档位奖励1:档位奖励5),0)+G24 -> 68 | J24: =I24*随机箱积分 -> 714.68 | K24: =IFERROR(LOOKUP(L20,档位积分1:档位积分5,档位奖励1:档位奖励5),0)+I24 -> 69 | L24: =K24*随机箱积分 -> 725.19 | M24: =IFERROR(LOOKUP(N20,档位积分1:档位积分5,档位奖励1:档位奖励5),0)+K24 -> 70 | N24: =M24*随机箱积分 -> 735.7 | O24: =IFERROR(LOOKUP(P20,档位积分1:档位积分5,档位奖励1:档位奖励5),0)+M24 -> 76 | P24: =O24*随机箱积分 -> 798.76
B25: =普通兑换道具 -> 钓鱼积分 | C25: =IF(C23<=77,C23*97.5,IF(C23<=177,7507.5+(C23-77)*156,IF(C23<=292,23107.5+(C23-177)*234,50017.5+(C23-292)*468)))-4000-8700-10500 -> 217761.5 | E25: =IF(E23<=77,E23*97.5,IF(E23<=177,7507.5+(E23-77)*156,IF(E23<=292,23107.5+(E23-177)*234,50017.5+(E23-292)*468)))-4000-8700-10500 -> 273921.5 | G25: =IF(G23<=77,G23*97.5,IF(G23<=177,7507.5+(G23-77)*156,IF(G23<=292,23107.5+(G23-177)*234,50017.5+(G23-292)*468)))-4000-8700-10500 -> 330081.5 | I25: =IF(I23<=77,I23*97.5,IF(I23<=177,7507.5+(I23-77)*156,IF(I23<=292,23107.5+(I23-177)*234,50017.5+(I23-292)*468)))-4000-4000-8700-10500 -> 382241.5 | K25: =IF(K23<=77,K23*97.5,IF(K23<=177,7507.5+(K23-77)*156,IF(K23<=292,23107.5+(K23-177)*234,50017.5+(K23-292)*468)))-4000-8700-10500 -> 442401.5 | M25: =IF(M23<=77,M23*97.5,IF(M23<=177,7507.5+(M23-77)*156,IF(M23<=292,23107.5+(M23-177)*234,50017.5+(M23-292)*468)))-4000-8700-10500 -> 498561.5 | O25: =IF(O23<=77,O23*97.5,IF(O23<=177,7507.5+(O23-77)*156,IF(O23<=292,23107.5+(O23-177)*234,50017.5+(O23-292)*468)))-4000-8700-10500 -> 554721.5
B26: =高级兑换道具 -> 鱼王之证 | C26: =C13*高级兑换道具抽奖期望+C15*随机箱高级道具期望+6 -> 48.724 | E26: =E13*高级兑换道具抽奖期望+E15*随机箱高级道具期望+C26 -> 52.775 | G26: =G13*高级兑换道具抽奖期望+G15*随机箱高级道具期望+E26 -> 56.826 | I26: =I13*高级兑换道具抽奖期望+I15*随机箱高级道具期望+G26 -> 60.877 | K26: =K13*高级兑换道具抽奖期望+K15*随机箱高级道具期望+I26 -> 64.928 | M26: =M13*高级兑换道具抽奖期望+M15*随机箱高级道具期望+K26 -> 68.979 | O26: =O13*高级兑换道具抽奖期望+O15*随机箱高级道具期望+M26+O17 -> 121.376
B27: 氪金RMB | C27: 30 | D27: 68 | E27: 0 | F27: 0 | G27: 0 | H27: 0 | I27: 0 | J27: 0 | K27: 0 | L27: 0 | M27: 0 | N27: 0 | O27: 0 | P27: 0
C28: 198 | D28: 198 | E28: 0 | F28: 0 | G28: 0 | H28: 0 | I28: 0 | J28: 0 | K28: 0 | L28: 0 | M28: 0 | N28: 0 | O28: 0 | P28: 0
C29: 68 | D29: 128
B30: 氪金翡翠 | C30: =IFERROR(LOOKUP(C27,价格6:价格648,翡翠100:翡翠10000),0) -> 500 | D30: =IFERROR(LOOKUP(D27,价格6:价格648,翡翠100:翡翠10000),0) -> 1000 | E30: =IFERROR(LOOKUP(E27,价格6:价格648,翡翠100:翡翠10000),0) -> 0 | F30: =IFERROR(LOOKUP(F27,价格6:价格648,翡翠100:翡翠10000),0) -> 0 | G30: =IFERROR(LOOKUP(G27,价格6:价格648,翡翠100:翡翠10000),0) -> 0 | H30: =IFERROR(LOOKUP(H27,价格6:价格648,翡翠100:翡翠10000),0) -> 0 | I30: =IFERROR(LOOKUP(I27,价格6:价格648,翡翠100:翡翠10000),0) -> 0 | J30: =IFERROR(LOOKUP(J27,价格6:价格648,翡翠100:翡翠10000),0) -> 0 | K30: 0 | L30: 0 | M30: =IFERROR(LOOKUP(M27,价格6:价格648,翡翠100:翡翠10000),0) -> 0 | N30: =IFERROR(LOOKUP(N27,价格6:价格648,翡翠100:翡翠10000),0) -> 0 | O30: =IFERROR(LOOKUP(O27,价格6:价格648,翡翠100:翡翠10000),0) -> 0 | P30: =IFERROR(LOOKUP(P27,价格6:价格648,翡翠100:翡翠10000),0) -> 0
C31: =IFERROR(LOOKUP(C28,价格6:价格648,翡翠100:翡翠10000),0) -> 3000 | D31: =IFERROR(LOOKUP(D28,价格6:价格648,翡翠100:翡翠10000),0) -> 3000 | E31: =IFERROR(LOOKUP(E28,价格6:价格648,翡翠100:翡翠10000),0) -> 0 | F31: =IFERROR(LOOKUP(F28,价格6:价格648,翡翠100:翡翠10000),0) -> 0 | G31: =IFERROR(LOOKUP(G28,价格6:价格648,翡翠100:翡翠10000),0) -> 0 | H31: =IFERROR(LOOKUP(H28,价格6:价格648,翡翠100:翡翠10000),0) -> 0 | I31: =IFERROR(LOOKUP(I28,价格6:价格648,翡翠100:翡翠10000),0) -> 0 | J31: =IFERROR(LOOKUP(J28,价格6:价格648,翡翠100:翡翠10000),0) -> 0 | ... O31: =IFERROR(LOOKUP(O28,价格6:价格648,翡翠100:翡翠10000),0) -> 0 | P31: 0
C32: =IFERROR(LOOKUP(C29,价格6:价格648,翡翠100:翡翠10000),0) -> 1000 | D32: =IFERROR(LOOKUP(D29,价格6:价格648,翡翠100:翡翠10000),0) -> 2000
B33: 总体策略 | C33: =SUM(C6,E6,G6,I6,K6,M6,O6)*钻石购买 &"钻石" -> 56000钻石 | I33: =SUM(C27:P29) &"元" -> 690元 | M33: =SUM(C30:P32) & "翡翠" -> 10500翡翠
C34: ="最终收益："&ROUNDDOWN(O26,0)&B26&"+"&ROUNDDOWN(O25,0)&B25 -> 最终收益：121鱼王之证+554721钓鱼积分

Sheet 120鱼王攻略图
B2: 垂钓盛典｜120鱼王攻略
B3: 预算 | D3: ="期望"&普通兑换道具 -> 期望钓鱼积分 | G3: ="期望"&高级兑换道具 -> 期望鱼王之证
B5: 56000钻石+10500翡翠 | D5: ='120鱼王'!O25 -> 554721.5 | G5: ='120鱼王'!O26 -> 121.376
B6: 可兑换： 灰烬始祖龙×1 +超越万能神器核心碎片×30+SS武器至宝自选箱×1 + SS装备至宝自选箱×1
A8: 特殊日 | B8: 天数 | C8: 今天只做这些 | D8: ='120鱼王'!B20 -> 目标档位 | E8: ='120鱼王'!B13 -> 使用鱼饵 | F8: ='120鱼王'!B14 -> 剩余鱼饵 | G8: ='120鱼王'!B16 -> 剩余随机箱 | H8: ="期望"&普通兑换道具 -> 期望钓鱼积分 | I8: ="期望"&高级兑换道具 -> 期望鱼王之证 | J8: 当日档位积分
A9: 氪金日 | B9: Day1 | C9: ① 登录5鱼饵+任务40鱼饵+钻石购买80鱼饵 ② 氪金捕鱼达人，鱼饵礼包 1、2、3，基金，高级卷轴礼包Ⅰ买2次 ③ 用475个鱼饵后商店兑换200鱼饵 ④ 领取基金25鱼饵+15随机箱 ⑤ 继续用掉225鱼饵+开41随机箱冲第5档 | D9: ='120鱼王'!C20 -> 第5档 | E9: ='120鱼王'!C13 -> 700 | F9: ='120鱼王'!C14 -> 0 | G9: ='120鱼王'!C16 -> 41 | H9: ='120鱼王'!C25 -> 217761.5 | I9: ='120鱼王'!C26 -> 48.724 | J9: ='120鱼王'!D20 -> 3987.24
B10: Day2 | C10: ① 任务40鱼饵+钻石购买80鱼饵 ② 用约120鱼饵钓上3条鱼王 ③ 不够2档可以补开1随机箱 | D10: ='120鱼王'!E20 -> 第2档 | E10: ='120鱼王'!E13 -> 120 | F10: ='120鱼王'!E14 -> 0 | G10: ='120鱼王'!E16 -> 41 | H10: ='120鱼王'!E25 -> 273921.5 | I10: ='120鱼王'!E26 -> 52.775 | J10: ='120鱼王'!F20 -> 640.51
B11: Day3 | C11: ① 任务40鱼饵+钻石购买80鱼饵 ② 用约120鱼饵钓上3条鱼王 ③ 不够2档可以补开1随机箱 | D11: ='120鱼王'!G20 -> 第2档 | E11: ='120鱼王'!G13 -> 120 | F11: ='120鱼王'!G14 -> 0 | G11: ='120鱼王'!G16 -> 41 | H11: ='120鱼王'!G25 -> 330081.5 | I11: ='120鱼王'!G26 -> 56.826 | J11: ='120鱼王'!H20 -> 640.51
B12: Day4 | C12: ① 任务40鱼饵+钻石购买80鱼饵 ② 用约120鱼饵钓上3条鱼王 ③ 不够2档可以补开1随机箱 | D12: ='120鱼王'!I20 -> 第2档 | E12: ='120鱼王'!I13 -> 120 | F12: ='120鱼王'!I14 -> 0 | G12: ='120鱼王'!I16 -> 41 | H12: ='120鱼王'!I25 -> 382241.5 | I12: ='120鱼王'!I26 -> 60.877 | J12: ='120鱼王'!J20 -> 640.51
B13: Day5 | C13: ① 任务40鱼饵+钻石购买80鱼饵 ② 用约120鱼饵钓上3条鱼王 ③ 不够2档可以补开1随机箱 | D13: ='120鱼王'!K20 -> 第2档 | E13: ='120鱼王'!K13 -> 120 | F13: ='120鱼王'!K14 -> 0 | G13: ='120鱼王'!K16 -> 41 | H13: ='120鱼王'!K25 -> 442401.5 | I13: ='120鱼王'!K26 -> 64.928 | J13: ='120鱼王'!L20 -> 640.51
B14: Day6 | C14: ① 任务40鱼饵+钻石购买80鱼饵 ② 用约120鱼饵钓上3条鱼王 ③ 不够2档可以补开1随机箱 | D14: ='120鱼王'!M20 -> 第2档 | E14: ='120鱼王'!M13 -> 120 | F14: ='120鱼王'!M14 -> 0 | G14: ='120鱼王'!M16 -> 41 | H14: ='120鱼王'!M25 -> 498561.5 | I14: ='120鱼王'!M26 -> 68.979 | J14: ='120鱼王'!N20 -> 640.51
A15: 收尾日 | B15: Day7 | C15: ① 任务40鱼饵+钻石购买80鱼饵 ② 用约120鱼饵钓上3条鱼王 ③ 用掉全部随机箱 | D15: ='120鱼王'!O20 -> 第3档 | E15: ='120鱼王'!O13 -> 120 | F15: ='120鱼王'!O14 -> 0 | G15: ='120鱼王'!O16 -> 0 | H15: ='120鱼王'!O25 -> 554721.5 | I15: ='120鱼王'!O26 -> 121.376 | J15: ='120鱼王'!P20 -> 1123.97
B17: 风险提示
B18: “高级卷轴礼包”应该是名字弄错了，实际上就是直接买6个鱼王之证
B19: .
