Workbook
Name 抽奖道具: 基础计算设置!$B$1
Name 抽奖积分: 基础计算设置!$I$5
Name 档位积分1: 基础计算设置!$B$6
Name 档位积分2: 基础计算设置!$B$7
Name 档位积分3: 基础计算设置!$B$8
Name 档位积分4: 基础计算设置!$B$9
Name 档位积分5: 基础计算设置!$B$10
Name 档位奖励1: 基础计算设置!$C$6
Name 档位奖励2: 基础计算设置!$C$7
Name 档位奖励3: 基础计算设置!$C$8
Name 档位奖励4: 基础计算设置!$C$9
Name 档位奖励5: 基础计算设置!$C$10
Name 第1档: 基础计算设置!$A$6
Name 第5档: 基础计算设置!$A$10
Name 翡翠100: 基础计算设置!$B$28
Name 翡翠10000: 基础计算设置!$B$35
Name 高级兑换道具: 基础计算设置!$B$3
Name 积分规则1: 基础计算设置!$B$13
Name 积分规则2: 基础计算设置!$B$14
Name 价格6: 基础计算设置!$A$28
Name 价格648: 基础计算设置!$A$35
Name 普通兑换道具: 基础计算设置!$B$2
Name 实测高级道具: 基础计算设置!$W$3
Name 实测普通道具: 基础计算设置!$V$3
Name 随机箱高级道具: 基础计算设置!$C$25
Name 随机箱积分: 基础计算设置!$D$25
Name 钻石购买: 基础计算设置!$B$17
Name 钻石限购: 基础计算设置!$B$18

Sheet 氪金转盘
A1: 礼包项目 | B1: 金额（元） | C1: 翡翠 | D1: 钻石（个） | E1: 派对门票（张） | F1: 性价比(门票/翡翠)
A2: 刮刮乐基金免费奖励 | B2: 0 | C2: 0 | D2: 0 | E2: 20
A3: 免费派对门票礼包（广告） | B3: 0 | C3: 0 | D3: 0 | E3: 34
A4: 宝石派对门票礼包 | B4: 0 | C4: 0 | D4: 10000 | E4: 20
A5: 刮刮乐基金奖励 | B5: 68 | C5: 1000 | D5: 0 | E5: 80 | F5: =E5/C5 -> 0.08
A6: 夏日派对活动头像框礼包（限购1次） | B6: 30 | C6: 500 | D6: 0 | E6: 10 | F6: =E6/C6 -> 0.02
A7: 派对门票礼包Ⅰ（2次） | B7: 60 | C7: 1000 | D7: 0 | E7: 20 | F7: =E7/C7 -> 0.02
A8: 夏日派对称号礼包（限购1次） | B8: =68 -> 68 | C8: 1000 | D8: 0 | E8: 20 | F8: =E8/C8 -> 0.02
A9: 派对门票礼包Ⅱ （2次） | B9: =68*2 -> 136 | C9: 2000 | D9: 0 | E9: 40 | F9: =E9/C9 -> 0.02
A10: 不朽宝石礼包（限购1次） | B10: =128 -> 128 | C10: 2000 | D10: 0 | E10: 30 | F10: =E10/C10 -> 0.015
A11: 派对门票礼包Ⅲ（只买1次） | B11: 128 | C11: 2000 | D11: 0 | E11: 30 | F11: =E11/C11 -> 0.015
A13: 合计 | B13: =SUM(B2:B12)&"元" -> 618元 | C13: =SUM(C2:C11)&"翡翠" -> 9500翡翠 | D13: =SUM(D2:D11)&"钻石" -> 10000钻石 | E13: =SUM(E2:E11)&"张" -> 304张
A16: 、

Sheet 基础计算设置
A1: 抽奖道具 | B1: 刮刮券 | F1: 积分概率计算 | K1: 道具数量概率计算 | Q1: 实测概率
A2: 普通兑换道具 | B2: 香草冰淇淋 | G2: 数量 | H2: 概率 | I2: 积分 | L2: 概率 | M2: 数量 | N2: 权重 | O2: 加权数量 | Q2: =普通兑换道具 -> 香草冰淇淋 | R2: =高级兑换道具 -> 梦幻冰淇淋 | S2: 抽取次数 | T2: 香草/券 | U2: 梦幻/券 | V2: ="平均"&普通兑换道具 -> 平均香草冰淇淋 | W2: ="平均"&高级兑换道具 -> 平均梦幻冰淇淋 | X2: 香草中位数 | Y2: 梦幻中位数
A3: 高级兑换道具 | B3: 梦幻冰淇淋 | F3: 梦幻冰淇淋 | G3: 1 | H3: 0.1577 | I3: =G3*H3*积分规则2 -> 0.1577 | K3: 香草冰淇淋 | L3: 0.55 | M3: 80 | N3: 55 | O3: =M3*N3 -> 4400 | P3: 1 | Q3: 7400 | R3: 70 | S3: 110 | T3: =Q3/S3 -> 67.272727 | U3: =R3/S3 -> 0.63636364 | V3: =AVERAGE(T3:T18) -> 54.613636 | W3: =AVERAGE(U3:U18) -> 0.86022727 | X3: =MEDIAN(T3:T18) -> 54.909091 | Y3: =MEDIAN(U3:U18) -> 0.80909091
F4: 香草冰淇淋 | G4: 1 | H4: 0.2045 | I4: =G4*H4*0 -> 0 | M4: 100 | N4: 40 | O4: =M4*N4 -> 4000 | P4: 2 | Q4: 6500 | R4: 86 | S4: 110 | T4: =Q4/S4 -> 59.090909 | U4: =R4/S4 -> 0.78181818
A5: 档位 | B5: 累积积分 | C5: 累积随机箱 | H5: 合计 | I5: =I4+I3 -> 0.1577 | M5: 160 | N5: 30 | O5: =M5*N5 -> 4800 | P5: 3 | Q5: 4780 | R5: 96 | S5: 110 | T5: =Q5/S5 -> 43.454545 | U5: =R5/S5 -> 0.87272727
A6: 第1档 | B6: 800 | C6: 0 | M6: 200 | N6: 25 | O6: =M6*N6 -> 5000 | P6: 4 | Q6: 8000 | R6: 64 | S6: 110 | T6: =Q6/S6 -> 72.727273 | U6: =R6/S6 -> 0.58181818
A7: 第2档 | B7: 2900 | C7: 6 | M7: 300 | N7: 15 | O7: =M7*N7 -> 4500 | P7: 5 | Q7: 6000 | R7: 126 | S7: 110 | T7: =Q7/S7 -> 54.545455 | U7: =R7/S7 -> 1.1454545
A8: 第3档 | B8: 4000 | C8: 18 | L8: =SUM(O3:O7)/SUM(N3:N7) -> 137.57576 | P8: 6 | Q8: 8540 | R8: 80 | S8: 110 | T8: =Q8/S8 -> 77.636364 | U8: =R8/S8 -> 0.72727273
A9: 第4档 | B9: 7500 | C9: 78 | P9: 7 | Q9: 4140 | R9: 114 | S9: 110 | T9: =Q9/S9 -> 37.636364 | U9: =R9/S9 -> 1.0363636
A10: 第5档 | B10: 12200 | C10: =C9+75 -> 153 | P10: 8 | Q10: 3260 | R10: 92 | S10: 110 | T10: =Q10/S10 -> 29.636364 | U10: =R10/S10 -> 0.83636364
P11: 9 | Q11: 7700 | R11: 88 | S11: 110 | T11: =Q11/S11 -> 70 | U11: =R11/S11 -> 0.8
A12: 积分规则 | P12: 10 | Q12: 5280 | R12: 90 | S12: 110 | T12: =Q12/S12 -> 48 | U12: =R12/S12 -> 0.81818182
A13: 1刮刮券= | B13: 20 | C13: 积分 | P13: 11 | Q13: 6080 | R13: 120 | S13: 110 | T13: =Q13/S13 -> 55.272727 | U13: =R13/S13 -> 1.0909091
A14: 1梦幻冰淇淋= | B14: 1 | C14: 积分 | P14: 12 | Q14: 5580 | R14: 74 | S14: 110 | T14: =Q14/S14 -> 50.727273 | U14: =R14/S14 -> 0.67272727
P15: 13 | Q15: 5700 | R15: 168 | S15: 110 | T15: =Q15/S15 -> 51.818182 | U15: =R15/S15 -> 1.5272727
A16: 钻石购买 | P16: 14 | Q16: 4020 | R16: 100 | S16: 110 | T16: =Q16/S16 -> 36.545455 | U16: =R16/S16 -> 0.90909091
A17: 1刮刮券= | B17: 150 | C17: 钻石 | P17: 15 | Q17: 6680 | R17: 70 | S17: 110 | T17: =Q17/S17 -> 60.727273 | U17: =R17/S17 -> 0.63636364
A18: 限购= | B18: 100 | C18: 个/天 | P18: 16 | Q18: 6460 | R18: 76 | S18: 110 | T18: =Q18/S18 -> 58.727273 | U18: =R18/S18 -> 0.69090909
A20: 随机箱
A21: 数量 | B21: 概率 | C21: 平均(个) | D21: 积分（分） | Q21: 没有梦幻冰淇淋就提前结算实测概率
A22: 10 | B22: 0.95 | C22: =B22*A22 -> 9.5 | D22: =C22*积分规则2 -> 9.5 | Q22: =普通兑换道具 -> 香草冰淇淋 | R22: =高级兑换道具 -> 梦幻冰淇淋 | S22: 抽取次数 | T22: 香草/券 | U22: 梦幻/券 | V22: ="平均"&普通兑换道具 -> 平均香草冰淇淋 | W22: ="平均"&高级兑换道具 -> 平均梦幻冰淇淋 | X22: 香草中位数 | Y22: 梦幻中位数
A23: 15 | B23: 0.049 | C23: =B23*A23 -> 0.735 | D23: =C23*积分规则2 -> 0.735 | P23: 1 | Q23: 4368 | R23: 78 | S23: 110 | T23: =Q23/S23 -> 39.709091 | U23: =R23/S23 -> 0.70909091 | V23: =AVERAGE(T23:T38) -> 40.451562 | W23: =AVERAGE(U23:U38) -> 0.85537576 | X23: =MEDIAN(T23:T30) -> 44.426699 | Y23: =MEDIAN(U23:U30) -> 0.87522921
A24: 20 | B24: 0.001 | C24: =B24*A24 -> 0.02 | D24: =C24*积分规则2 -> 0.02 | P24: 2 | Q24: 3680 | R24: 100 | S24: 111 | T24: =Q24/S24 -> 33.153153 | U24: =R24/S24 -> 0.9009009
B25: 合计 | C25: =SUM(C22:C24) -> 10.255 | D25: =C25*积分规则2 -> 10.255 | P25: 3 | Q25: 5360 | R25: 116 | S25: 110 | T25: =Q25/S25 -> 48.727273 | U25: =R25/S25 -> 1.0545455
P26: 4 | Q26: 4700 | R26: 62 | S26: 110 | T26: =Q26/S26 -> 42.727273 | U26: =R26/S26 -> 0.56363636
A27: 价格（RMB） | B27: 翡翠 | P27: 5 | Q27: 5380 | R27: 100 | S27: 111 | T27: =Q27/S27 -> 48.468468 | U27: =R27/S27 -> 0.9009009
A28: 6 | B28: 100 | P28: 6 | Q28: 5460 | R28: 96 | S28: 113 | T28: =Q28/S28 -> 48.318584 | U28: =R28/S28 -> 0.84955752
A29: 30 | B29: 500 | P29: 7 | Q29: 4420 | R29: 88 | S29: 111 | T29: =Q29/S29 -> 39.81982 | U29: =R29/S29 -> 0.79279279
A30: 68 | B30: 1000 | P30: 8 | Q30: 5120 | R30: 108 | S30: 111 | T30: =Q30/S30 -> 46.126126 | U30: =R30/S30 -> 0.97297297
A31: 98 | B31: 1500 | P31: 9 | Q31: 3360 | R31: 122 | S31: 113 | T31: =Q31/S31 -> 29.734513 | U31: =R31/S31 -> 1.079646
A32: 128 | B32: 2000 | P32: 10 | Q32: 5240 | R32: 98 | S32: 111 | T32: =Q32/S32 -> 47.207207 | U32: =R32/S32 -> 0.88288288
A33: 198 | B33: 3000 | P33: 11 | Q33: 5040 | R33: 86 | S33: 112 | T33: =Q33/S33 -> 45 | U33: =R33/S33 -> 0.76785714
A34: 328 | B34: 5000 | P34: 12 | Q34: 3760 | R34: 126 | S34: 110 | T34: =Q34/S34 -> 34.181818 | U34: =R34/S34 -> 1.1454545
A35: 648 | B35: 10000 | P35: 13 | Q35: 4380 | R35: 50 | S35: 111 | T35: =Q35/S35 -> 39.459459 | U35: =R35/S35 -> 0.45045045
P36: 14 | Q36: 2960 | R36: 100 | S36: 111 | T36: =Q36/S36 -> 26.666667 | U36: =R36/S36 -> 0.9009009
P37: 15 | Q37: 5100 | R37: 96 | S37: 113 | T37: =Q37/S37 -> 45.132743 | U37: =R37/S37 -> 0.84955752
P38: 16 | Q38: 3640 | R38: 96 | S38: 111 | T38: =Q38/S38 -> 32.792793 | U38: =R38/S38 -> 0.86486486

Sheet 夏日派对10.5w
C2: 第1天 | E2: 第2天 | G2: 第3天 | I2: 第4天 | K2: 第5天 | M2: 第6天 | O2: 第7天
C3: =抽奖道具 -> 刮刮券 | D3: 积分 | E3: =抽奖道具 -> 刮刮券 | F3: 积分 | G3: =抽奖道具 -> 刮刮券 | H3: 积分 | I3: =抽奖道具 -> 刮刮券 | J3: 积分 | K3: =抽奖道具 -> 刮刮券 | L3: 积分 | M3: =抽奖道具 -> 刮刮券 | N3: 积分 | O3: =抽奖道具 -> 刮刮券 | P3: 积分
B4: 首次登录 | C4: 5 | D4: =C4*积分规则1 -> 100 | F4: =E4*积分规则1 -> 0 | H4: =G4*积分规则1 -> 0 | J4: =I4*积分规则1 -> 0 | L4: =K4*积分规则1 -> 0 | N4: =M4*积分规则1 -> 0 | P4: =O4*积分规则1 -> 0
B5: 每日任务 | C5: 43 | D5: =C5*积分规则1 -> 860 | E5: 43 | F5: =E5*积分规则1 -> 860 | G5: 43 | H5: =G5*积分规则1 -> 860 | I5: 43 | J5: =I5*积分规则1 -> 860 | K5: 43 | L5: =K5*积分规则1 -> 860 | M5: 43 | N5: =M5*积分规则1 -> 860 | O5: 43 | P5: =O5*积分规则1 -> 860
B6: 钻石购买 | C6: 100 | D6: =C6*积分规则1 -> 2000 | E6: 100 | F6: =E6*积分规则1 -> 2000 | G6: 100 | H6: =G6*积分规则1 -> 2000 | I6: 100 | J6: =I6*积分规则1 -> 2000 | K6: 100 | L6: =K6*积分规则1 -> 2000 | M6: 100 | N6: =M6*积分规则1 -> 2000 | O6: 100 | P6: =O6*积分规则1 -> 2000
B7: 免费基金 | D7: =C7*积分规则1 -> 0 | F7: =E7*积分规则1 -> 0 | H7: =G7*积分规则1 -> 0 | J7: =I7*积分规则1 -> 0 | L7: =K7*积分规则1 -> 0 | N7: =M7*积分规则1 -> 0 | P7: =O7*积分规则1 -> 0
B8: 活动签到 | D8: =C8*积分规则1 -> 0 | F8: =E8*积分规则1 -> 0 | H8: =G8*积分规则1 -> 0 | J8: =I8*积分规则1 -> 0 | L8: =K8*积分规则1 -> 0 | N8: =M8*积分规则1 -> 0 | P8: =O8*积分规则1 -> 0
B9: 商店兑换 | D9: =C9*积分规则1 -> 0 | F9: =E9*积分规则1 -> 0 | H9: =G9*积分规则1 -> 0 | J9: =I9*积分规则1 -> 0 | L9: =K9*积分规则1 -> 0 | N9: =M9*积分规则1 -> 0 | P9: =O9*积分规则1 -> 0
B10: 氪金礼包 | D10: =C10*积分规则1 -> 0 | F10: =E10*积分规则1 -> 0 | H10: =G10*积分规则1 -> 0 | J10: =I10*积分规则1 -> 0 | L10: =K10*积分规则1 -> 0 | N10: =M10*积分规则1 -> 0 | P10: =O10*积分规则1 -> 0
B11: 氪金基金 | D11: =C11*积分规则1 -> 0 | F11: =E11*积分规则1 -> 0 | H11: =G11*积分规则1 -> 0 | J11: =I11*积分规则1 -> 0 | L11: =K11*积分规则1 -> 0 | N11: =M11*积分规则1 -> 0 | P11: =O11*积分规则1 -> 0
B12: ="使用"&抽奖道具 -> 使用刮刮券 | C12: 0 | D12: =C12*实测高级道具*积分规则2 -> 0 | E12: 50 | F12: =E12*实测高级道具*积分规则2 -> 43.011364 | G12: 50 | H12: =G12*实测高级道具*积分规则2 -> 43.011364 | I12: 50 | J12: =I12*实测高级道具*积分规则2 -> 43.011364 | K12: 50 | L12: =K12*实测高级道具*积分规则2 -> 43.011364 | M12: 50 | N12: =M12*实测高级道具*积分规则2 -> 43.011364 | O12: 756 | P12: =O12*实测高级道具*积分规则2 -> 650.33182
B13: ="剩余"&抽奖道具 -> 剩余刮刮券 | C13: =C20-C12 -> 148 | E13: =C13+SUM(E4:E11)-E12 -> 241 | G13: =E13+SUM(G4:G11)-G12 -> 334 | I13: =G13+SUM(I4:I11)-I12 -> 427 | K13: =I13+SUM(K4:K11)-K12 -> 520 | M13: =K13+SUM(M4:M11)-M12 -> 613 | O13: =M13+SUM(O4:O11)-O12 -> 0
B14: 使用随机箱 | C14: 0 | D14: =C14*随机箱积分 -> 0 | E14: 0 | F14: =E14*随机箱积分 -> 0 | G14: 0 | H14: =G14*随机箱积分 -> 0 | I14: 0 | J14: =I14*随机箱积分 -> 0 | K14: 0 | L14: =K14*随机箱积分 -> 0 | M14: 0 | N14: =M14*随机箱积分 -> 0 | O14: 54 | P14: =O14*随机箱积分 -> 553.77
B15: 剩余随机箱 | C15: =C21-SUM(C14) -> 6 | E15: =E21-SUM(C14,E14) -> 12 | G15: =G21-SUM(C14,E14,G14) -> 18 | I15: =I21-SUM(C14,E14,G14,I14) -> 24 | K15: =K21-SUM(C14,E14,G14,I14,K14) -> 30 | M15: =M21-SUM(C14,E14,G14,I14,K14,M14) -> 36 | O15: =O21-SUM(C14,E14,G14,I14,K14,M14,O14) -> 0
B16: 兑换梦幻 | C16: 0 | D16: =C16*积分规则2 -> 0 | E16: 0 | F16: =E16*积分规则2 -> 0 | G16: 0 | H16: =G16*积分规则2 -> 0 | I16: 0 | J16: =I16*积分规则2 -> 0 | K16: 0 | L16: =K16*积分规则2 -> 0 | M16: 0 | N16: =M16*积分规则2 -> 0 | O16: 100 | P16: =O16*积分规则2 -> 100
B17: ？
B18: ？
B19: 目标档位 | C19: =IFERROR(LOOKUP(D19,档位积分1:档位积分5,第1档:第5档),"无奖励") -> 第2档 | D19: =SUM(D4:D12)+D14+SUM(D16:D18) -> 2960 | E19: =IFERROR(LOOKUP(F19,档位积分1:档位积分5,第1档:第5档),"无奖励") -> 第2档 | F19: =SUM(F4:F12)+F14+SUM(F16:F18) -> 2903.0114 | G19: =IFERROR(LOOKUP(H19,档位积分1:档位积分5,第1档:第5档),"无奖励") -> 第2档 | H19: =SUM(H4:H12)+H14+SUM(H16:H18) -> 2903.0114 | I19: =IFERROR(LOOKUP(J19,档位积分1:档位积分5,第1档:第5档),"无奖励") -> 第2档 | J19: =SUM(J4:J12)+J14+SUM(J16:J18) -> 2903.0114 | K19: =IFERROR(LOOKUP(L19,档位积分1:档位积分5,第1档:第5档),"无奖励") -> 第2档 | L19: =SUM(L4:L12)+L14+SUM(L16:L18) -> 2903.0114 | M19: =IFERROR(LOOKUP(N19,档位积分1:档位积分5,第1档:第5档),"无奖励") -> 第2档 | N19: =SUM(N4:N12)+N14+SUM(N16:N18) -> 2903.0114 | O19: =IFERROR(LOOKUP(P19,档位积分1:档位积分5,第1档:第5档),"无奖励") -> 第3档 | P19: =SUM(P4:P12)+P14+SUM(P16:P18) -> 4164.1018
B20: ="总"&抽奖道具 -> 总刮刮券 | C20: =SUM(C4:C11) -> 148 | D20: =C12*实测高级道具*积分规则2 -> 0 | E20: =C20+SUM(E4:E11) -> 291 | F20: 0 | G20: =E20+SUM(G4:G11) -> 434 | H20: 0 | I20: =G20+SUM(I4:I11) -> 577 | J20: 0 | K20: =I20+SUM(K4:K11) -> 720 | L20: 0 | M20: =K20+SUM(M4:M11) -> 863 | N20: 0 | O20: =M20+SUM(O4:O11) -> 1006 | P20: 0
B21: 总随机箱 | C21: =IFERROR(LOOKUP(D19,档位积分1:档位积分5,档位奖励1:档位奖励5),0) -> 6 | D21: =C21*随机箱积分 -> 61.53 | E21: =IFERROR(LOOKUP(F19,档位积分1:档位积分5,档位奖励1:档位奖励5),0)+C21 -> 12 | F21: =E21*随机箱积分 -> 123.06 | G21: =IFERROR(LOOKUP(H19,档位积分1:档位积分5,档位奖励1:档位奖励5),0)+E21 -> 18 | H21: =G21*随机箱积分 -> 184.59 | I21: =IFERROR(LOOKUP(J19,档位积分1:档位积分5,档位奖励1:档位奖励5),0)+G21 -> 24 | J21: =I21*随机箱积分 -> 246.12 | K21: =IFERROR(LOOKUP(L19,档位积分1:档位积分5,档位奖励1:档位奖励5),0)+I21 -> 30 | L21: =K21*随机箱积分 -> 307.65 | M21: =IFERROR(LOOKUP(N19,档位积分1:档位积分5,档位奖励1:档位奖励5),0)+K21 -> 36 | N21: =M21*随机箱积分 -> 369.18 | O21: =IFERROR(LOOKUP(P19,档位积分1:档位积分5,档位奖励1:档位奖励5),0)+M21 -> 54 | P21: =O21*随机箱积分 -> 553.77
B22: =普通兑换道具 -> 香草冰淇淋 | C22: =C12*实测普通道具 -> 0 | E22: =E12*实测普通道具+C22 -> 2730.6818 | G22: =G12*实测普通道具+E22 -> 5461.3636 | I22: =I12*实测普通道具+G22 -> 8192.0455 | K22: =K12*实测普通道具+I22 -> 10922.727 | M22: =M12*实测普通道具+K22 -> 13653.409 | O22: =ROUNDDOWN(O12*实测普通道具+M22-2900,0) -> 52041
B23: =高级兑换道具 -> 梦幻冰淇淋 | C23: =C12*实测高级道具+C14*随机箱高级道具 -> 0 | E23: =E12*实测高级道具+E14*随机箱高级道具+C23 -> 43.011364 | G23: =G12*实测高级道具+G14*随机箱高级道具+E23 -> 86.022727 | I23: =I12*实测高级道具+I14*随机箱高级道具+G23 -> 129.03409 | K23: =K12*实测高级道具+K14*随机箱高级道具+I23 -> 172.04545 | M23: =M12*实测高级道具+M14*随机箱高级道具+K23 -> 215.05682 | O23: =ROUNDDOWN(O12*实测高级道具+O14*随机箱高级道具+M23+O16,0) -> 1519
B24: 氪金RMB | C24: 0 | D24: 0 | E24: 0 | F24: 0 | G24: 0 | H24: 0 | I24: 0 | J24: 0 | K24: 0 | L24: 0 | M24: 0 | N24: 0 | O24: 0 | P24: 0
C25: 0 | D25: 0 | E25: 0 | F25: 0 | G25: 0 | H25: 0 | I25: 0 | J25: 0 | K25: 0 | L25: 0 | M25: 0 | N25: 0 | O25: 0 | P25: 0
B27: 氪金翡翠 | C27: =IFERROR(LOOKUP(C24,价格6:价格648,翡翠100:翡翠10000),0) -> 0 | D27: =IFERROR(LOOKUP(D24,价格6:价格648,翡翠100:翡翠10000),0) -> 0 | E27: =IFERROR(LOOKUP(E24,价格6:价格648,翡翠100:翡翠10000),0) -> 0 | F27: =IFERROR(LOOKUP(F24,价格6:价格648,翡翠100:翡翠10000),0) -> 0 | G27: =IFERROR(LOOKUP(G24,价格6:价格648,翡翠100:翡翠10000),0) -> 0 | H27: =IFERROR(LOOKUP(H24,价格6:价格648,翡翠100:翡翠10000),0) -> 0 | I27: =IFERROR(LOOKUP(I24,价格6:价格648,翡翠100:翡翠10000),0) -> 0 | J27: =IFERROR(LOOKUP(J24,价格6:价格648,翡翠100:翡翠10000),0) -> 0 | ... P27: =IFERROR(LOOKUP(P24,价格6:价格648,翡翠100:翡翠10000),0) -> 0
C28: =IFERROR(LOOKUP(C25,价格6:价格648,翡翠100:翡翠10000),0) -> 0 | D28: =IFERROR(LOOKUP(D25,价格6:价格648,翡翠100:翡翠10000),0) -> 0 | E28: =IFERROR(LOOKUP(E25,价格6:价格648,翡翠100:翡翠10000),0) -> 0 | F28: =IFERROR(LOOKUP(F25,价格6:价格648,翡翠100:翡翠10000),0) -> 0 | G28: =IFERROR(LOOKUP(G25,价格6:价格648,翡翠100:翡翠10000),0) -> 0 | H28: =IFERROR(LOOKUP(H25,价格6:价格648,翡翠100:翡翠10000),0) -> 0 | I28: =IFERROR(LOOKUP(I25,价格6:价格648,翡翠100:翡翠10000),0) -> 0 | J28: =IFERROR(LOOKUP(J25,价格6:价格648,翡翠100:翡翠10000),0) -> 0 | ... O28: =IFERROR(LOOKUP(O25,价格6:价格648,翡翠100:翡翠10000),0) -> 0 | P28: 0
B30: 总体策略 | C30: =SUM(C6,E6,G6,I6,K6,M6,O6)*钻石购买 &"钻石" -> 105000钻石 | I30: =SUM(C24:P26) &"元" -> 0元 | M30: =SUM(C27:P29) & "翡翠" -> 0翡翠
C31: ="最终收益："&ROUNDDOWN(O23,0)&B23&"+"&ROUNDDOWN(O22,0)&B22 -> 最终收益：1519梦幻冰淇淋+52041香草冰淇淋

Sheet 10.5w钻攻略图
B2: 夏日派对｜10.5万钻攻略
B4: 预算 | D4: ="期望"&普通兑换道具 -> 期望香草冰淇淋 | G4: ="期望"&高级兑换道具 -> 期望梦幻冰淇淋
B6: =夏日派对10.5w!C30&"+"&夏日派对10.5w!M30 -> 105000钻石+0翡翠 | D6: =夏日派对10.5w!O22 -> 52041 | G6: =夏日派对10.5w!O23 -> 1519
B8: 可兑换：超越万能神器核心碎片×1或万能英杰碎片×2 + 至尊自选箱×1 + 觉醒核心自选箱×2
B11: 天数 | C11: 今天只做这些 | D11: =夏日派对10.5w!B19 -> 目标档位 | E11: =夏日派对10.5w!B12 -> 使用刮刮券 | F11: =夏日派对10.5w!B13 -> 剩余刮刮券 | G11: =夏日派对10.5w!B15 -> 剩余随机箱 | H11: ="期望"&普通兑换道具 -> 期望香草冰淇淋 | I11: ="期望"&高级兑换道具 -> 期望梦幻冰淇淋
B12: Day1 | C12: ① 登录得5券 + 任务得43券 + 钻石买100券 ② 今天不刮，刮刮券全部留存 | D12: =夏日派对10.5w!C19 -> 第2档 | E12: =夏日派对10.5w!C12 -> 0 | F12: =夏日派对10.5w!C13 -> 148 | G12: =夏日派对10.5w!C15 -> 6 | H12: =夏日派对10.5w!C22 -> 0 | I12: =夏日派对10.5w!C23 -> 0
B13: Day2 | C13: ① 任务得43券 + 钻石买100券 ② 刮50券左右，到第2档立即停手，其余留存 | D13: =夏日派对10.5w!E19 -> 第2档 | E13: =夏日派对10.5w!E12 -> 50 | F13: =夏日派对10.5w!E13 -> 241 | G13: =夏日派对10.5w!E15 -> 12 | H13: =夏日派对10.5w!E22 -> 2730.6818 | I13: =夏日派对10.5w!E23 -> 43.011364
B14: Day3 | C14: ① 任务得43券 + 钻石买100券 ② 刮50券左右，到第2档立即停手，其余留存 | D14: =夏日派对10.5w!G19 -> 第2档 | E14: =夏日派对10.5w!G12 -> 50 | F14: =夏日派对10.5w!G13 -> 334 | G14: =夏日派对10.5w!G15 -> 18 | H14: =夏日派对10.5w!G22 -> 5461.3636 | I14: =夏日派对10.5w!G23 -> 86.022727
B15: Day4 | C15: ① 任务得43券 + 钻石买100券 ② 刮50券左右，到第2档立即停手，其余留存 | D15: =夏日派对10.5w!I19 -> 第2档 | E15: =夏日派对10.5w!I12 -> 50 | F15: =夏日派对10.5w!I13 -> 427 | G15: =夏日派对10.5w!I15 -> 24 | H15: =夏日派对10.5w!I22 -> 8192.0455 | I15: =夏日派对10.5w!I23 -> 129.03409
B16: Day5 | C16: ① 任务得43券 + 钻石买100券 ② 刮50券左右，到第2档立即停手，其余留存 | D16: =夏日派对10.5w!K19 -> 第2档 | E16: =夏日派对10.5w!K12 -> 50 | F16: =夏日派对10.5w!K13 -> 520 | G16: =夏日派对10.5w!K15 -> 30 | H16: =夏日派对10.5w!K22 -> 10922.727 | I16: =夏日派对10.5w!K23 -> 172.04545
B17: Day6 | C17: ① 任务得43券 + 钻石买100券 ② 刮50券左右，到第2档立即停手，其余留存 | D17: =夏日派对10.5w!M19 -> 第2档 | E17: =夏日派对10.5w!M12 -> 50 | F17: =夏日派对10.5w!M13 -> 613 | G17: =夏日派对10.5w!M15 -> 36 | H17: =夏日派对10.5w!M22 -> 13653.409 | I17: =夏日派对10.5w!M23 -> 215.05682
A18: 收尾日 | B18: Day7 | C18: ① 任务得43券+钻石购买100券 ② 刮完约756券再去开随机箱 ③ 商店兑换100梦幻冰淇淋 ④ 开第3档奖励的12个随机箱 | D18: =夏日派对10.5w!O19 -> 第3档 | E18: =夏日派对10.5w!O12 -> 756 | F18: =夏日派对10.5w!O13 -> 0 | G18: =夏日派对10.5w!O15 -> 0 | H18: =夏日派对10.5w!O22 -> 52041 | I18: =夏日派对10.5w!O23 -> 1519
B20: 风险提示
B21: Day2~Day6｜刮到第2档奖励就停手。刮50券只是理论计算，按实际情况来执行 Day7｜最后一天冲第3档一定注意不要提前开随机箱和商店兑换，拉高梦幻比例会降低抽中概率 Day7｜运气成分很大，不一定能冲到第3档，可以考虑第4第5行提前结算奖励以获得更多梦幻冰淇淋

Sheet 夏日派对4.5w
B1: 第1天 | D1: 第2天 | F1: 第3天 | H1: 第4天 | J1: 第5天 | L1: 第6天 | N1: 第7天
B2: =抽奖道具 -> 刮刮券 | C2: 积分 | D2: =抽奖道具 -> 刮刮券 | E2: 积分 | F2: =抽奖道具 -> 刮刮券 | G2: 积分 | H2: =抽奖道具 -> 刮刮券 | I2: 积分 | J2: =抽奖道具 -> 刮刮券 | K2: 积分 | L2: =抽奖道具 -> 刮刮券 | M2: 积分 | N2: =抽奖道具 -> 刮刮券 | O2: 积分
A3: 上线登录 | B3: 5 | C3: =B3*积分规则1 -> 100 | E3: =D3*积分规则1 -> 0 | G3: =F3*积分规则1 -> 0 | I3: =H3*积分规则1 -> 0 | K3: =J3*积分规则1 -> 0 | M3: =L3*积分规则1 -> 0 | O3: =N3*积分规则1 -> 0
A4: 每日任务 | B4: 43 | C4: =B4*积分规则1 -> 860 | D4: 43 | E4: =D4*积分规则1 -> 860 | F4: 43 | G4: =F4*积分规则1 -> 860 | H4: 43 | I4: =H4*积分规则1 -> 860 | J4: 43 | K4: =J4*积分规则1 -> 860 | L4: 43 | M4: =L4*积分规则1 -> 860 | N4: 43 | O4: =N4*积分规则1 -> 860
A5: 钻石购买 | B5: 100 | C5: =B5*积分规则1 -> 2000 | D5: 100 | E5: =D5*积分规则1 -> 2000 | F5: 100 | G5: =F5*积分规则1 -> 2000 | H5: 0 | I5: =H5*积分规则1 -> 0 | J5: 0 | K5: =J5*积分规则1 -> 0 | L5: 0 | M5: =L5*积分规则1 -> 0 | N5: 0 | O5: =N5*积分规则1 -> 0
A6: 兑换梦幻冰淇淋 | B6: 0 | C6: =B6*积分规则2 -> 0 | D6: 0 | E6: =D6*积分规则2 -> 0 | F6: 0 | G6: =F6*积分规则2 -> 0 | H6: 0 | I6: =H6*积分规则2 -> 0 | J6: 0 | K6: =J6*积分规则2 -> 0 | L6: 0 | M6: =L6*积分规则2 -> 0 | N6: 100 | O6: =N6*积分规则2 -> 100
A7: ="使用"&抽奖道具 -> 使用刮刮券 | B7: 0 | C7: =B7*实测高级道具*积分规则2 -> 0 | D7: 50 | E7: =D7*实测高级道具*积分规则2 -> 43.011364 | F7: 50 | G7: =F7*实测高级道具*积分规则2 -> 43.011364 | H7: 0 | I7: =H7*实测高级道具*积分规则2 -> 0 | J7: 0 | K7: =J7*实测高级道具*积分规则2 -> 0 | L7: 0 | M7: =L7*实测高级道具*积分规则2 -> 0 | N7: 506 | O7: =N7*实测高级道具*积分规则2 -> 435.275
A8: ="剩余"&抽奖道具 -> 剩余刮刮券 | B8: =B12-B7 -> 148 | D8: =B8+SUM(D3:D6)-D7 -> 241 | F8: =D8+SUM(F3:F6)-F7 -> 334 | H8: =F8+SUM(H3:H6)-H7 -> 377 | J8: =H8+SUM(J3:J6)-J7 -> 420 | L8: =J8+SUM(L3:L6)-L7 -> 463 | N8: =L8+SUM(N3:N5)-N7 -> 0
A9: 使用随机箱 | B9: 0 | C9: =B9*随机箱积分 -> 0 | D9: 0 | E9: =D9*随机箱积分 -> 0 | F9: 0 | G9: =F9*随机箱积分 -> 0 | H9: 0 | I9: =H9*随机箱积分 -> 0 | J9: 0 | K9: =J9*随机箱积分 -> 0 | L9: 0 | M9: =L9*随机箱积分 -> 0 | N9: 18 | O9: =N9*随机箱积分 -> 184.59
A10: 剩余随机箱 | B10: =B13-SUM(B9) -> 6 | D10: =D13-SUM(B9,D9) -> 12 | F10: =F13-SUM(B9,D9,F9) -> 18 | H10: =H13-SUM(B9,D9,F9,H9) -> 18 | J10: =J13-SUM(B9,D9,F9,H9,J9) -> 18 | L10: =L13-SUM(B9,D9,F9,H9,J9,L9) -> 18 | N10: =N13-SUM(B9,D9,F9,H9,J9,L9,N9) -> 0
A11: 档位奖励 | B11: =IFERROR(LOOKUP(C11,档位积分1:档位积分5,第1档:第5档),"无奖励") -> 第2档 | C11: =SUM(C3:C7)+C9 -> 2960 | D11: =IFERROR(LOOKUP(E11,档位积分1:档位积分5,第1档:第5档),"无奖励") -> 第2档 | E11: =SUM(E3:E7)+E9 -> 2903.0114 | F11: =IFERROR(LOOKUP(G11,档位积分1:档位积分5,第1档:第5档),"无奖励") -> 第2档 | G11: =SUM(G3:G7)+G9 -> 2903.0114 | H11: =IFERROR(LOOKUP(I11,档位积分1:档位积分5,第1档:第5档),"无奖励") -> 第1档 | I11: =SUM(I3:I7)+I9 -> 860 | J11: =IFERROR(LOOKUP(K11,档位积分1:档位积分5,第1档:第5档),"无奖励") -> 第1档 | K11: =SUM(K3:K7)+K9 -> 860 | L11: =IFERROR(LOOKUP(M11,档位积分1:档位积分5,第1档:第5档),"无奖励") -> 第1档 | M11: =SUM(M3:M7)+M9 -> 860 | N11: =IFERROR(LOOKUP(O11,档位积分1:档位积分5,第1档:第5档),"无奖励") -> 第1档 | O11: =SUM(O3:O7)+O9 -> 1579.865
A12: ="累积"&抽奖道具 -> 累积刮刮券 | B12: =SUM(B3:B6) -> 148 | C12: =B7*实测高级道具*积分规则2 -> 0 | D12: =B12+SUM(D3:D6) -> 291 | E12: =D12*$R$27 -> 0 | F12: =D12+SUM(F3:F6) -> 434 | G12: =F12*$R$27 -> 0 | H12: =F12+SUM(H3:H6) -> 477 | I12: =H12*$R$27 -> 0 | J12: =H12+SUM(J3:J6) -> 520 | K12: =J12*$R$27 -> 0 | L12: =J12+SUM(L3:L6) -> 563 | M12: =L12*$R$27 -> 0 | N12: =L12+SUM(N3:N6) -> 706 | O12: =N12*$R$27 -> 0
A13: 累积随机箱 | B13: =IFERROR(LOOKUP(C11,档位积分1:档位积分5,档位奖励1:档位奖励5),0) -> 6 | C13: =B13*随机箱积分 -> 61.53 | D13: =IFERROR(LOOKUP(E11,档位积分1:档位积分5,档位奖励1:档位奖励5),0)+B13 -> 12 | E13: =D13*随机箱积分 -> 123.06 | F13: =IFERROR(LOOKUP(G11,档位积分1:档位积分5,档位奖励1:档位奖励5),0)+D13 -> 18 | G13: =F13*随机箱积分 -> 184.59 | H13: =IFERROR(LOOKUP(I11,档位积分1:档位积分5,档位奖励1:档位奖励5),0)+F13 -> 18 | I13: =H13*随机箱积分 -> 184.59 | J13: =IFERROR(LOOKUP(K11,档位积分1:档位积分5,档位奖励1:档位奖励5),0)+H13 -> 18 | K13: =J13*随机箱积分 -> 184.59 | L13: =IFERROR(LOOKUP(M11,档位积分1:档位积分5,档位奖励1:档位奖励5),0)+J13 -> 18 | M13: =L13*随机箱积分 -> 184.59 | N13: =IFERROR(LOOKUP(O11,档位积分1:档位积分5,档位奖励1:档位奖励5),0)+L13 -> 18 | O13: =N13*随机箱积分 -> 184.59
A14: =普通兑换道具 -> 香草冰淇淋 | B14: =B7*实测普通道具 -> 0 | D14: =D7*实测普通道具+B14 -> 2730.6818 | F14: =F7*实测普通道具+D14 -> 5461.3636 | H14: =H7*实测普通道具+F14 -> 5461.3636 | J14: =J7*实测普通道具+H14 -> 5461.3636 | L14: =L7*实测普通道具+J14 -> 5461.3636 | N14: =ROUNDDOWN(N7*实测普通道具+L14-2900,0) -> 30195
A15: =高级兑换道具 -> 梦幻冰淇淋 | B15: =B7*实测高级道具+B9*随机箱高级道具 -> 0 | D15: =D7*实测高级道具+D9*随机箱高级道具+B15 -> 43.011364 | F15: =F7*实测高级道具+F9*随机箱高级道具+D15 -> 86.022727 | H15: =H7*实测高级道具+H9*随机箱高级道具+F15 -> 86.022727 | J15: =J7*实测高级道具+J9*随机箱高级道具+H15 -> 86.022727 | L15: =L7*实测高级道具+L9*随机箱高级道具+J15 -> 86.022727 | N15: =ROUNDDOWN(N7*实测高级道具+N9*随机箱高级道具+L15+N6,0) -> 805
A16: 目标档位 | B16: =B11 -> 第2档 | D16: =D11 -> 第2档 | F16: =F11 -> 第2档 | H16: =H11 -> 第1档 | J16: =J11 -> 第1档 | L16: =L11 -> 第1档 | N16: =N11 -> 第1档
A17: 总体策略 | B17: =SUM(B5,D5,F5,H5,J5,L5,N5)*钻石购买 -> 45000
B18: ="最终收益："&ROUNDDOWN(N15,0)&A15&"+"&ROUNDDOWN(N14,0)&A14 -> 最终收益：805梦幻冰淇淋+30195香草冰淇淋 | J18: 可兑换珍稀物品：万能英杰碎片×1 + 至尊自选箱×1 + 觉醒核心自选箱×1

Sheet 4.5w钻攻略图
B2: 夏日派对｜4.5万钻攻略
B4: 预算 | D4: ="期望"&普通兑换道具 -> 期望香草冰淇淋 | G4: ="期望"&高级兑换道具 -> 期望梦幻冰淇淋
B6: =夏日派对4.5w!B17 -> 45000 | D6: =夏日派对4.5w!N14 -> 30195 | G6: =夏日派对4.5w!N15 -> 805
B8: 可兑换珍稀物品：万能英杰碎片×1 + 至尊自选箱×1 + 觉醒核心自选箱×1
B11: 天数 | C11: 今天只做这些 | D11: =夏日派对4.5w!A16 -> 目标档位 | E11: =夏日派对4.5w!A7 -> 使用刮刮券 | F11: =夏日派对4.5w!A8 -> 剩余刮刮券 | G11: =夏日派对4.5w!A10 -> 剩余随机箱 | H11: ="期望"&普通兑换道具 -> 期望香草冰淇淋 | I11: ="期望"&高级兑换道具 -> 期望梦幻冰淇淋
B12: Day1 | C12: 登录得5券 + 任务得43券 + 钻石买100券；不刮；全部屯着 | D12: =夏日派对4.5w!B16 -> 第2档 | E12: =夏日派对4.5w!B7 -> 0 | F12: =夏日派对4.5w!B8 -> 148 | G12: =夏日派对4.5w!B10 -> 6 | H12: =夏日派对4.5w!B15 -> 0 | I12: =夏日派对4.5w!B14 -> 0
B13: Day2 | C13: 任务得43券 + 钻石买100券；刮约50券，到第2档停手；其余屯着 | D13: =夏日派对4.5w!D16 -> 第2档 | E13: =夏日派对4.5w!D7 -> 50 | F13: =夏日派对4.5w!D8 -> 241 | G13: =夏日派对4.5w!D10 -> 12 | H13: =夏日派对4.5w!D14 -> 2730.6818 | I13: =夏日派对4.5w!D15 -> 43.011364
B14: Day3 | C14: 任务得43券 + 钻石买100券；刮约50券，到第2档停手；其余屯着 | D14: =夏日派对4.5w!F16 -> 第2档 | E14: =夏日派对4.5w!F7 -> 50 | F14: =夏日派对4.5w!F8 -> 334 | G14: =夏日派对4.5w!F10 -> 18 | H14: =夏日派对4.5w!F14 -> 5461.3636 | I14: =夏日派对4.5w!F15 -> 86.022727
B15: Day4 | C15: 任务得43券; 今日不刮券，全部屯着 | D15: =夏日派对4.5w!H16 -> 第1档 | E15: =夏日派对4.5w!H7 -> 0 | F15: =夏日派对4.5w!H8 -> 377 | G15: =夏日派对4.5w!H10 -> 18 | H15: =夏日派对4.5w!H14 -> 5461.3636 | I15: =夏日派对4.5w!H15 -> 86.022727
B16: Day5 | C16: 任务得43券; 今日不刮券，全部屯着 | D16: =夏日派对4.5w!J16 -> 第1档 | E16: =夏日派对4.5w!J7 -> 0 | F16: =夏日派对4.5w!J8 -> 420 | G16: =夏日派对4.5w!J10 -> 18 | H16: =夏日派对4.5w!J14 -> 5461.3636 | I16: =夏日派对4.5w!J15 -> 86.022727
B17: Day6 | C17: 任务得43券; 今日不刮券，全部屯着 | D17: =夏日派对4.5w!L16 -> 第1档 | E17: =夏日派对4.5w!L7 -> 0 | F17: =夏日派对4.5w!L8 -> 463 | G17: =夏日派对4.5w!L10 -> 18 | H17: =夏日派对4.5w!L14 -> 5461.3636 | I17: =夏日派对4.5w!L15 -> 86.022727
A18: 收尾日 | B18: Day7 | C18: 任务得43券 ；全刮约506券；商店兑换100梦幻冰淇淋 开18个随机箱 | D18: =夏日派对4.5w!N16 -> 第1档 | E18: =夏日派对4.5w!N7 -> 506 | F18: =夏日派对4.5w!N8 -> 0 | G18: =夏日派对4.5w!N10 -> 0 | H18: =夏日派对4.5w!N14 -> 30195 | I18: =夏日派对4.5w!N15 -> 805
B20: 风险提示
B21: Day2~Day3｜刮到第2档奖励就停手。刮50券只是理论计算，按实际情况来执行 Day7｜如果拿不到30000香草冰淇淋，就无法兑换觉醒+至尊箱。需要再额外购买刮刮券

Sheet 夏日派对1.5w
B1: 第1天 | D1: 第2天 | F1: 第3天 | H1: 第4天 | J1: 第5天 | L1: 第6天 | N1: 第7天
B2: =抽奖道具 -> 刮刮券 | C2: 积分 | D2: =抽奖道具 -> 刮刮券 | E2: 积分 | F2: =抽奖道具 -> 刮刮券 | G2: 积分 | H2: =抽奖道具 -> 刮刮券 | I2: 积分 | J2: =抽奖道具 -> 刮刮券 | K2: 积分 | L2: =抽奖道具 -> 刮刮券 | M2: 积分 | N2: =抽奖道具 -> 刮刮券 | O2: 积分
A3: 上线登录 | B3: 5 | C3: =B3*积分规则1 -> 100 | E3: =D3*积分规则1 -> 0 | G3: =F3*积分规则1 -> 0 | I3: =H3*积分规则1 -> 0 | K3: =J3*积分规则1 -> 0 | M3: =L3*积分规则1 -> 0 | O3: =N3*积分规则1 -> 0
A4: 每日任务 | B4: 43 | C4: =B4*积分规则1 -> 860 | D4: 43 | E4: =D4*积分规则1 -> 860 | F4: 43 | G4: =F4*积分规则1 -> 860 | H4: 43 | I4: =H4*积分规则1 -> 860 | J4: 43 | K4: =J4*积分规则1 -> 860 | L4: 43 | M4: =L4*积分规则1 -> 860 | N4: 43 | O4: =N4*积分规则1 -> 860
A5: 钻石购买 | B5: 100 | C5: =B5*积分规则1 -> 2000 | D5: 0 | E5: =D5*积分规则1 -> 0 | F5: 0 | G5: =F5*积分规则1 -> 0 | H5: 0 | I5: =H5*积分规则1 -> 0 | J5: 0 | K5: =J5*积分规则1 -> 0 | L5: 0 | M5: =L5*积分规则1 -> 0 | N5: 0 | O5: =N5*积分规则1 -> 0
A6: 兑换梦幻冰淇淋 | B6: 0 | C6: =B6*积分规则2 -> 0 | D6: 0 | E6: =D6*积分规则2 -> 0 | F6: 0 | G6: =F6*积分规则2 -> 0 | H6: 0 | I6: =H6*积分规则2 -> 0 | J6: 0 | K6: =J6*积分规则2 -> 0 | L6: 0 | M6: =L6*积分规则2 -> 0 | N6: 100 | O6: =N6*积分规则2 -> 100
A7: ="使用"&抽奖道具 -> 使用刮刮券 | B7: 0 | C7: =B7*实测高级道具*积分规则2 -> 0 | D7: 0 | E7: =D7*实测高级道具*积分规则2 -> 0 | F7: 0 | G7: =F7*实测高级道具*积分规则2 -> 0 | H7: 0 | I7: =H7*实测高级道具*积分规则2 -> 0 | J7: 0 | K7: =J7*实测高级道具*积分规则2 -> 0 | L7: 0 | M7: =L7*实测高级道具*积分规则2 -> 0 | N7: 406 | O7: =N7*实测高级道具*积分规则2 -> 349.25227
A8: ="剩余"&抽奖道具 -> 剩余刮刮券 | B8: =B12-B7 -> 148 | D8: =B8+SUM(D3:D6)-D7 -> 191 | F8: =D8+SUM(F3:F6)-F7 -> 234 | H8: =F8+SUM(H3:H6)-H7 -> 277 | J8: =H8+SUM(J3:J6)-J7 -> 320 | L8: =J8+SUM(L3:L6)-L7 -> 363 | N8: =L8+SUM(N3:N5)-N7 -> 0
A9: 使用随机箱 | B9: 0 | C9: =B9*随机箱积分 -> 0 | D9: 0 | E9: =D9*随机箱积分 -> 0 | F9: 0 | G9: =F9*随机箱积分 -> 0 | H9: 0 | I9: =H9*随机箱积分 -> 0 | J9: 0 | K9: =J9*随机箱积分 -> 0 | L9: 0 | M9: =L9*随机箱积分 -> 0 | N9: 6 | O9: =N9*随机箱积分 -> 61.53
A10: 剩余随机箱 | B10: =B13-SUM(B9) -> 6 | D10: =D13-SUM(B9,D9) -> 6 | F10: =F13-SUM(B9,D9,F9) -> 6 | H10: =H13-SUM(B9,D9,F9,H9) -> 6 | J10: =J13-SUM(B9,D9,F9,H9,J9) -> 6 | L10: =L13-SUM(B9,D9,F9,H9,J9,L9) -> 6 | N10: =N13-SUM(B9,D9,F9,H9,J9,L9,N9) -> 0
A11: 档位奖励 | B11: =IFERROR(LOOKUP(C11,档位积分1:档位积分5,第1档:第5档),"无奖励") -> 第2档 | C11: =SUM(C3:C7)+C9 -> 2960 | D11: =IFERROR(LOOKUP(E11,档位积分1:档位积分5,第1档:第5档),"无奖励") -> 第1档 | E11: =SUM(E3:E7)+E9 -> 860 | F11: =IFERROR(LOOKUP(G11,档位积分1:档位积分5,第1档:第5档),"无奖励") -> 第1档 | G11: =SUM(G3:G7)+G9 -> 860 | H11: =IFERROR(LOOKUP(I11,档位积分1:档位积分5,第1档:第5档),"无奖励") -> 第1档 | I11: =SUM(I3:I7)+I9 -> 860 | J11: =IFERROR(LOOKUP(K11,档位积分1:档位积分5,第1档:第5档),"无奖励") -> 第1档 | K11: =SUM(K3:K7)+K9 -> 860 | L11: =IFERROR(LOOKUP(M11,档位积分1:档位积分5,第1档:第5档),"无奖励") -> 第1档 | M11: =SUM(M3:M7)+M9 -> 860 | N11: =IFERROR(LOOKUP(O11,档位积分1:档位积分5,第1档:第5档),"无奖励") -> 第1档 | O11: =SUM(O3:O7)+O9 -> 1370.7823
A12: ="累积"&抽奖道具 -> 累积刮刮券 | B12: =SUM(B3:B6) -> 148 | C12: =B7*实测高级道具*积分规则2 -> 0 | D12: =B12+SUM(D3:D6) -> 191 | E12: =D12*$R$27 -> 0 | F12: =D12+SUM(F3:F6) -> 234 | G12: =F12*$R$27 -> 0 | H12: =F12+SUM(H3:H6) -> 277 | I12: =H12*$R$27 -> 0 | J12: =H12+SUM(J3:J6) -> 320 | K12: =J12*$R$27 -> 0 | L12: =J12+SUM(L3:L6) -> 363 | M12: =L12*$R$27 -> 0 | N12: =L12+SUM(N3:N6) -> 506 | O12: =N12*$R$27 -> 0
A13: 累积随机箱 | B13: =IFERROR(LOOKUP(C11,档位积分1:档位积分5,档位奖励1:档位奖励5),0) -> 6 | C13: =B13*随机箱积分 -> 61.53 | D13: =IFERROR(LOOKUP(E11,档位积分1:档位积分5,档位奖励1:档位奖励5),0)+B13 -> 6 | E13: =D13*随机箱积分 -> 61.53 | F13: =IFERROR(LOOKUP(G11,档位积分1:档位积分5,档位奖励1:档位奖励5),0)+D13 -> 6 | G13: =F13*随机箱积分 -> 61.53 | H13: =IFERROR(LOOKUP(I11,档位积分1:档位积分5,档位奖励1:档位奖励5),0)+F13 -> 6 | I13: =H13*随机箱积分 -> 61.53 | J13: =IFERROR(LOOKUP(K11,档位积分1:档位积分5,档位奖励1:档位奖励5),0)+H13 -> 6 | K13: =J13*随机箱积分 -> 61.53 | L13: =IFERROR(LOOKUP(M11,档位积分1:档位积分5,档位奖励1:档位奖励5),0)+J13 -> 6 | M13: =L13*随机箱积分 -> 61.53 | N13: =IFERROR(LOOKUP(O11,档位积分1:档位积分5,档位奖励1:档位奖励5),0)+L13 -> 6 | O13: =N13*随机箱积分 -> 61.53
A14: =普通兑换道具 -> 香草冰淇淋 | B14: =B7*实测普通道具 -> 0 | D14: =D7*实测普通道具+B14 -> 0 | F14: =F7*实测普通道具+D14 -> 0 | H14: =H7*实测普通道具+F14 -> 0 | J14: =J7*实测普通道具+H14 -> 0 | L14: =L7*实测普通道具+J14 -> 0 | N14: =ROUNDDOWN(N7*实测普通道具+L14-2900,0) -> 19273
A15: =高级兑换道具 -> 梦幻冰淇淋 | B15: =B7*实测高级道具+B9*随机箱高级道具 -> 0 | D15: =D7*实测高级道具+D9*随机箱高级道具+B15 -> 0 | F15: =F7*实测高级道具+F9*随机箱高级道具+D15 -> 0 | H15: =H7*实测高级道具+H9*随机箱高级道具+F15 -> 0 | J15: =J7*实测高级道具+J9*随机箱高级道具+H15 -> 0 | L15: =L7*实测高级道具+L9*随机箱高级道具+J15 -> 0 | N15: =ROUNDDOWN(N7*实测高级道具+N9*随机箱高级道具+L15+N6,0) -> 510
A16: 目标档位 | B16: =B11 -> 第2档 | D16: =D11 -> 第1档 | F16: =F11 -> 第1档 | H16: =H11 -> 第1档 | J16: =J11 -> 第1档 | L16: =L11 -> 第1档 | N16: =N11 -> 第1档
A17: 总体策略 | B17: =SUM(B5,D5,F5,H5,J5,L5,N5)*钻石购买 -> 15000
B18: ="最终收益："&ROUNDDOWN(N15,0)&A15&"+"&ROUNDDOWN(N14,0)&A14 -> 最终收益：510梦幻冰淇淋+19273香草冰淇淋 | J18: 可兑换珍稀物品： 至尊自选箱×1 + 橙秘宝自选箱×1 + 高级炼金试剂×40

Sheet 1.5w钻攻略图
B2: 夏日派对｜1.5万钻攻略
B4: 预算 | D4: ="期望"&普通兑换道具 -> 期望香草冰淇淋 | G4: ="期望"&高级兑换道具 -> 期望梦幻冰淇淋
B6: =夏日派对1.5w!B17 -> 15000 | D6: =夏日派对1.5w!N14 -> 19273 | G6: =夏日派对1.5w!N15 -> 510
B8: 可兑换珍稀物品： 至尊自选箱×1 + 橙秘宝自选箱×1 + 高级炼金试剂×40
B11: 天数 | C11: 今天只做这些 | D11: =夏日派对1.5w!A16 -> 目标档位 | E11: =夏日派对1.5w!A7 -> 使用刮刮券 | F11: =夏日派对1.5w!A8 -> 剩余刮刮券 | G11: =夏日派对1.5w!A10 -> 剩余随机箱 | H11: ="期望"&普通兑换道具 -> 期望香草冰淇淋 | I11: ="期望"&高级兑换道具 -> 期望梦幻冰淇淋
B12: Day1 | C12: 登录得5券 + 任务得43券 + 钻石买100券；想刮就刮 | D12: =夏日派对1.5w!B16 -> 第2档 | E12: =夏日派对1.5w!B7 -> 0 | F12: =夏日派对1.5w!B8 -> 148 | G12: =夏日派对1.5w!B10 -> 6 | H12: =夏日派对1.5w!B15 -> 0 | I12: =夏日派对1.5w!B14 -> 0
B13: Day2 | C13: 任务得43券 ；想刮就刮 | D13: =夏日派对1.5w!D16 -> 第1档 | E13: =夏日派对1.5w!D7 -> 0 | F13: =夏日派对1.5w!D8 -> 191 | G13: =夏日派对1.5w!D10 -> 6 | H13: =夏日派对1.5w!D14 -> 0 | I13: =夏日派对1.5w!D15 -> 0
B14: Day3 | C14: 任务得43券 ；想刮就刮 | D14: =夏日派对1.5w!F16 -> 第1档 | E14: =夏日派对1.5w!F7 -> 0 | F14: =夏日派对1.5w!F8 -> 234 | G14: =夏日派对1.5w!F10 -> 6 | H14: =夏日派对1.5w!F14 -> 0 | I14: =夏日派对1.5w!F15 -> 0
B15: Day4 | C15: 任务得43券 ；想刮就刮 | D15: =夏日派对1.5w!H16 -> 第1档 | E15: =夏日派对1.5w!H7 -> 0 | F15: =夏日派对1.5w!H8 -> 277 | G15: =夏日派对1.5w!H10 -> 6 | H15: =夏日派对1.5w!H14 -> 0 | I15: =夏日派对1.5w!H15 -> 0
B16: Day5 | C16: 任务得43券 ；想刮就刮 | D16: =夏日派对1.5w!J16 -> 第1档 | E16: =夏日派对1.5w!J7 -> 0 | F16: =夏日派对1.5w!J8 -> 320 | G16: =夏日派对1.5w!J10 -> 6 | H16: =夏日派对1.5w!J14 -> 0 | I16: =夏日派对1.5w!J15 -> 0
B17: Day6 | C17: 任务得43券 ；想刮就刮 | D17: =夏日派对1.5w!L16 -> 第1档 | E17: =夏日派对1.5w!L7 -> 0 | F17: =夏日派对1.5w!L8 -> 363 | G17: =夏日派对1.5w!L10 -> 6 | H17: =夏日派对1.5w!L14 -> 0 | I17: =夏日派对1.5w!L15 -> 0
A18: 收尾日 | B18: Day7 | C18: 任务得43券 ；把道具全部用掉 | D18: =夏日派对1.5w!N16 -> 第1档 | E18: =夏日派对1.5w!N7 -> 406 | F18: =夏日派对1.5w!N8 -> 0 | G18: =夏日派对1.5w!N10 -> 0 | H18: =夏日派对1.5w!N14 -> 19273 | I18: =夏日派对1.5w!N15 -> 510
B20: 风险提示
B21: Day1~Day7 | 只要第1天买满100张券就能拿到第2档奖励。后续几天无档位要求想刮就刮 Day7｜如果拿不到18000香草冰淇淋，就无法兑换至尊箱。需要再额外购买刮刮券

Sheet 夏日派对10.5w+氪金
B1: 第1天 | D1: 第2天 | F1: 第3天 | H1: 第4天 | J1: 第5天 | L1: 第6天 | N1: 第7天
B2: =抽奖道具 -> 刮刮券 | C2: 积分 | D2: =抽奖道具 -> 刮刮券 | E2: 积分 | F2: =抽奖道具 -> 刮刮券 | G2: 积分 | H2: =抽奖道具 -> 刮刮券 | I2: 积分 | J2: =抽奖道具 -> 刮刮券 | K2: 积分 | L2: =抽奖道具 -> 刮刮券 | M2: 积分 | N2: =抽奖道具 -> 刮刮券 | O2: 积分
A3: 上线登录 | B3: 5 | C3: =B3*积分规则1 -> 100 | E3: =D3*积分规则1 -> 0 | G3: =F3*积分规则1 -> 0 | I3: =H3*积分规则1 -> 0 | K3: =J3*积分规则1 -> 0 | M3: =L3*积分规则1 -> 0 | O3: =N3*积分规则1 -> 0
A4: 每日任务 | B4: 43 | C4: =B4*积分规则1 -> 860 | D4: 43 | E4: =D4*积分规则1 -> 860 | F4: 43 | G4: =F4*积分规则1 -> 860 | H4: 43 | I4: =H4*积分规则1 -> 860 | J4: 43 | K4: =J4*积分规则1 -> 860 | L4: 43 | M4: =L4*积分规则1 -> 860 | N4: 43 | O4: =N4*积分规则1 -> 860
A5: 钻石购买 | B5: 100 | C5: =B5*积分规则1 -> 2000 | D5: 100 | E5: =D5*积分规则1 -> 2000 | F5: 100 | G5: =F5*积分规则1 -> 2000 | H5: 100 | I5: =H5*积分规则1 -> 2000 | J5: 100 | K5: =J5*积分规则1 -> 2000 | L5: 100 | M5: =L5*积分规则1 -> 2000 | N5: 100 | O5: =N5*积分规则1 -> 2000
A6: 氪金购买 | B6: 210 | C6: =B6*积分规则1 -> 4200 | D6: 50 | E6: =D6*积分规则1 -> 1000 | F6: 50 | G6: =F6*积分规则1 -> 1000 | H6: 50 | I6: =H6*积分规则1 -> 1000 | J6: 0 | K6: =J6*积分规则1 -> 0 | L6: 0 | M6: =L6*积分规则1 -> 0 | N6: 0 | O6: =N6*积分规则1 -> 0
A7: 兑换梦幻冰淇淋 | B7: 100 | C7: =B7*积分规则2 -> 100 | D7: 0 | E7: =D7*积分规则2 -> 0 | F7: 0 | G7: =F7*积分规则2 -> 0 | H7: 0 | I7: =H7*积分规则2 -> 0 | J7: 0 | K7: =J7*积分规则2 -> 0 | L7: 0 | M7: =L7*积分规则2 -> 0 | N7: 0 | O7: =N7*积分规则2 -> 0
A8: ="使用"&抽奖道具 -> 使用刮刮券 | B8: 300 | C8: =B8*实测高级道具*积分规则2 -> 258.06818 | D8: 0 | E8: =D8*实测高级道具*积分规则2 -> 0 | F8: 0 | G8: =F8*实测高级道具*积分规则2 -> 0 | H8: 0 | I8: =H8*实测高级道具*积分规则2 -> 0 | J8: 186 | K8: =J8*实测高级道具*积分规则2 -> 160.00227 | L8: 54 | M8: =L8*实测高级道具*积分规则2 -> 46.452273 | N8: 826 | O8: =N8*实测高级道具*积分规则2 -> 710.54773
A9: ="剩余"&抽奖道具 -> 剩余刮刮券 | B9: =B13-B8 -> 58 | D9: =B9+SUM(D3:D7)-D8 -> 251 | F9: =D9+SUM(F3:F7)-F8 -> 444 | H9: =F9+SUM(H3:H7)-H8 -> 637 | J9: =H9+SUM(J3:J7)-J8 -> 594 | L9: =J9+SUM(L3:L7)-L8 -> 683 | N9: =L9+SUM(N3:N6)-N8 -> 0
A10: 使用随机箱 | B10: 0 | C10: =B10*随机箱积分 -> 0 | D10: 14 | E10: =D10*随机箱积分 -> 143.57 | F10: 14 | G10: =F10*随机箱积分 -> 143.57 | H10: 14 | I10: =H10*随机箱积分 -> 143.57 | J10: 96 | K10: =J10*随机箱积分 -> 984.48 | L10: 0 | M10: =L10*随机箱积分 -> 0 | N10: 24 | O10: =N10*随机箱积分 -> 246.12
A11: 剩余随机箱 | B11: =B14-SUM(B10) -> 78 | D11: =D14-SUM(B10,D10) -> 82 | F11: =F14-SUM(B10,D10,F10) -> 86 | H11: =H14-SUM(B10,D10,F10,H10) -> 90 | J11: =J14-SUM(B10,D10,F10,H10,J10) -> 12 | L11: =L14-SUM(B10,D10,F10,H10,J10,L10) -> 18 | N11: =N14-SUM(B10,D10,F10,H10,J10,L10,N10) -> 0
A12: 档位奖励 | B12: =IFERROR(LOOKUP(C12,档位积分1:档位积分5,第1档:第5档),"无奖励") -> 第4档 | C12: =SUM(C3:C8)+C10 -> 7518.0682 | D12: =IFERROR(LOOKUP(E12,档位积分1:档位积分5,第1档:第5档),"无奖励") -> 第3档 | E12: =SUM(E3:E8)+E10 -> 4003.57 | F12: =IFERROR(LOOKUP(G12,档位积分1:档位积分5,第1档:第5档),"无奖励") -> 第3档 | G12: =SUM(G3:G8)+G10 -> 4003.57 | H12: =IFERROR(LOOKUP(I12,档位积分1:档位积分5,第1档:第5档),"无奖励") -> 第3档 | I12: =SUM(I3:I8)+I10 -> 4003.57 | J12: =IFERROR(LOOKUP(K12,档位积分1:档位积分5,第1档:第5档),"无奖励") -> 第3档 | K12: =SUM(K3:K8)+K10 -> 4004.4823 | L12: =IFERROR(LOOKUP(M12,档位积分1:档位积分5,第1档:第5档),"无奖励") -> 第2档 | M12: =SUM(M3:M8)+M10 -> 2906.4523 | N12: =IFERROR(LOOKUP(O12,档位积分1:档位积分5,第1档:第5档),"无奖励") -> 第2档 | O12: =SUM(O3:O8)+O10 -> 3816.6677
A13: ="累积"&抽奖道具 -> 累积刮刮券 | B13: =SUM(B3:B6) -> 358 | C13: =B8*实测高级道具*积分规则2 -> 258.06818 | D13: =B13+SUM(D3:D6) -> 551 | E13: 0 | F13: =D13+SUM(F3:F6) -> 744 | G13: 0 | H13: =F13+SUM(H3:H6) -> 937 | I13: 0 | J13: =H13+SUM(J3:J6) -> 1080 | K13: 0 | L13: =J13+SUM(L3:L6) -> 1223 | M13: 0 | N13: =L13+SUM(N3:N6) -> 1366 | O13: 0
A14: 累积随机箱 | B14: =IFERROR(LOOKUP(C12,档位积分1:档位积分5,档位奖励1:档位奖励5),0) -> 78 | C14: =B14*随机箱积分 -> 799.89 | D14: =IFERROR(LOOKUP(E12,档位积分1:档位积分5,档位奖励1:档位奖励5),0)+B14 -> 96 | E14: =D14*随机箱积分 -> 984.48 | F14: =IFERROR(LOOKUP(G12,档位积分1:档位积分5,档位奖励1:档位奖励5),0)+D14 -> 114 | G14: =F14*随机箱积分 -> 1169.07 | H14: =IFERROR(LOOKUP(I12,档位积分1:档位积分5,档位奖励1:档位奖励5),0)+F14 -> 132 | I14: =H14*随机箱积分 -> 1353.66 | J14: =IFERROR(LOOKUP(K12,档位积分1:档位积分5,档位奖励1:档位奖励5),0)+H14 -> 150 | K14: =J14*随机箱积分 -> 1538.25 | L14: =IFERROR(LOOKUP(M12,档位积分1:档位积分5,档位奖励1:档位奖励5),0)+J14 -> 156 | M14: =L14*随机箱积分 -> 1599.78 | N14: =IFERROR(LOOKUP(O12,档位积分1:档位积分5,档位奖励1:档位奖励5),0)+L14 -> 162 | O14: =N14*随机箱积分 -> 1661.31
A15: =普通兑换道具 -> 香草冰淇淋 | B15: =B8*实测普通道具 -> 16384.091 | D15: =D8*实测普通道具+B15 -> 16384.091 | F15: =F8*实测普通道具+D15 -> 16384.091 | H15: =H8*实测普通道具+F15 -> 16384.091 | J15: =J8*实测普通道具+H15 -> 26542.227 | L15: =L8*实测普通道具+J15 -> 29491.364 | N15: =ROUNDDOWN(N8*实测普通道具+L15-2900,0) -> 71702
A16: =高级兑换道具 -> 梦幻冰淇淋 | B16: =B8*实测高级道具+B10*随机箱高级道具+B7 -> 358.06818 | D16: =D8*实测高级道具+D10*随机箱高级道具+B16 -> 501.63818 | F16: =F8*实测高级道具+F10*随机箱高级道具+D16 -> 645.20818 | H16: =H8*实测高级道具+H10*随机箱高级道具+F16 -> 788.77818 | J16: =J8*实测高级道具+J10*随机箱高级道具+H16 -> 1933.2605 | L16: =L8*实测高级道具+L10*随机箱高级道具+J16 -> 1979.7127 | N16: =ROUNDDOWN(N8*实测高级道具+N10*随机箱高级道具+L16,0) -> 2936
A17: 目标档位 | B17: =B12 -> 第4档 | D17: =D12 -> 第3档 | F17: =F12 -> 第3档 | H17: =H12 -> 第3档 | J17: =J12 -> 第3档 | L17: =L12 -> 第2档 | N17: =N12 -> 第2档
A18: 氪金策略 | B18: 8000 | D18: 1500 | F18: 1500 | H18: 1500 | J18: 0 | L18: 0 | N18: 0
A19: 总体策略 | B19: =SUM(B5,D5,F5,H5,J5,L5,N5)*钻石购买 -> 105000
B20: ="最终收益："&ROUNDDOWN(N16,0)&A16&"+"&ROUNDDOWN(N15,0)&A15 -> 最终收益：2936梦幻冰淇淋+71702香草冰淇淋 | J20: 可兑换珍稀物品：超越万能神器核心×2

Sheet 2超越核心氪金攻略图
B2: 夏日派对｜2超越核心氪金攻略
B4: 预算 | D4: ="期望"&普通兑换道具 -> 期望香草冰淇淋 | G4: ="期望"&高级兑换道具 -> 期望梦幻冰淇淋
B6: 105000钻+12500翡翠 | D6: ='夏日派对10.5w+氪金'!N15 -> 71702 | G6: ='夏日派对10.5w+氪金'!N16 -> 2936
B8: 可兑换珍稀物品：超越万能神器核心×2 + 至尊自选箱×1 + 觉醒核心自选箱×2
B11: 天数 | C11: 今天只做这些 | D11: ='夏日派对10.5w+氪金'!A17 -> 目标档位 | E11: ='夏日派对10.5w+氪金'!A8 -> 使用刮刮券 | F11: ='夏日派对10.5w+氪金'!A9 -> 剩余刮刮券 | G11: ='夏日派对10.5w+氪金'!A11 -> 剩余随机箱 | H11: ="期望"&普通兑换道具 -> 期望香草冰淇淋 | I11: ="期望"&高级兑换道具 -> 期望梦幻冰淇淋
A12: 氪金日 | B12: Day1 | C12: 氪金买礼包1+礼包2+礼包3+礼包4，共8000翡翠；用300券，商店兑换100梦幻冰淇淋，到第4档停手 | D12: ='夏日派对10.5w+氪金'!B17 -> 第4档 | E12: ='夏日派对10.5w+氪金'!B8 -> 300 | F12: ='夏日派对10.5w+氪金'!B9 -> 58 | G12: ='夏日派对10.5w+氪金'!B11 -> 78 | H12: ='夏日派对10.5w+氪金'!B15 -> 16384.091 | I12: ='夏日派对10.5w+氪金'!B16 -> 358.06818
A13: 氪金日 | B13: Day2 | C13: 氪金买礼包1+礼包2，共1500翡翠；用14随机箱，到第3档停手 | D13: ='夏日派对10.5w+氪金'!D17 -> 第3档 | E13: ='夏日派对10.5w+氪金'!D8 -> 0 | F13: ='夏日派对10.5w+氪金'!D9 -> 251 | G13: ='夏日派对10.5w+氪金'!D11 -> 82 | H13: ='夏日派对10.5w+氪金'!D15 -> 16384.091 | I13: ='夏日派对10.5w+氪金'!D16 -> 501.63818
A14: 氪金日 | B14: Day3 | C14: 氪金买礼包1+礼包2，共1500翡翠；用14随机箱，到第3档停手 | D14: ='夏日派对10.5w+氪金'!F17 -> 第3档 | E14: ='夏日派对10.5w+氪金'!F8 -> 0 | F14: ='夏日派对10.5w+氪金'!F9 -> 444 | G14: ='夏日派对10.5w+氪金'!F11 -> 86 | H14: ='夏日派对10.5w+氪金'!F15 -> 16384.091 | I14: ='夏日派对10.5w+氪金'!F16 -> 645.20818
A15: 氪金日 | B15: Day4 | C15: 氪金买礼包1+礼包2，共1500翡翠；用14随机箱，到第3档停手 | D15: ='夏日派对10.5w+氪金'!H17 -> 第3档 | E15: ='夏日派对10.5w+氪金'!H8 -> 0 | F15: ='夏日派对10.5w+氪金'!H9 -> 637 | G15: ='夏日派对10.5w+氪金'!H11 -> 90 | H15: ='夏日派对10.5w+氪金'!H15 -> 16384.091 | I15: ='夏日派对10.5w+氪金'!H16 -> 788.77818
B16: Day5 | C16: 用186券；用96随机箱；到第3档停手 | D16: ='夏日派对10.5w+氪金'!J17 -> 第3档 | E16: ='夏日派对10.5w+氪金'!J8 -> 186 | F16: ='夏日派对10.5w+氪金'!J9 -> 594 | G16: ='夏日派对10.5w+氪金'!J11 -> 12 | H16: ='夏日派对10.5w+氪金'!J15 -> 26542.227 | I16: ='夏日派对10.5w+氪金'!J16 -> 1933.2605
B17: Day6 | C17: 用54券，到第2档停手 | D17: ='夏日派对10.5w+氪金'!L17 -> 第2档 | E17: ='夏日派对10.5w+氪金'!L8 -> 54 | F17: ='夏日派对10.5w+氪金'!L9 -> 683 | G17: ='夏日派对10.5w+氪金'!L11 -> 18 | H17: ='夏日派对10.5w+氪金'!L15 -> 29491.364 | I17: ='夏日派对10.5w+氪金'!L16 -> 1979.7127
B18: Day7 | C18: 把所有道具全用 | D18: ='夏日派对10.5w+氪金'!N17 -> 第2档 | E18: ='夏日派对10.5w+氪金'!N8 -> 826 | F18: ='夏日派对10.5w+氪金'!N9 -> 0 | G18: ='夏日派对10.5w+氪金'!N11 -> 0 | H18: ='夏日派对10.5w+氪金'!N15 -> 71702 | I18: ='夏日派对10.5w+氪金'!N16 -> 2936
B20: 风险提示
B21: Day1~Day7｜抽多少券有运气成分，根据实际情况来，但一定要达到每日的目标档位要求 Day1~Day7 | 每日任务得43券，钻石买满100券是基本要求 Day7 | 如果最后1天梦幻冰淇淋数量不足2900，则还得氪金冲到第3档
