Workbook
Name 抽奖道具: [1]基础计算设置!$B$1
Name 抽奖道具: 基础计算设置!$B$1
Name 抽奖道具礼包1: 基础计算设置!$P$2
Name 抽奖道具礼包2: 基础计算设置!$P$3
Name 抽奖道具礼包3: 基础计算设置!$P$4
Name 抽奖道具礼包4: 基础计算设置!$P$5
Name 抽奖道具礼包5: 基础计算设置!$P$6
Name 抽奖道具礼包6: 基础计算设置!$P$7
Name 抽奖道具礼包7: 基础计算设置!$P$8
Name 抽奖道具礼包道具数: 基础计算设置!$P$2:$P$8
Name 抽奖道具礼包翡翠: 基础计算设置!$N$2:$N$8
Name 抽奖道具礼包价格: 基础计算设置!$M$2:$M$8
Name 档位积分1: [1]基础计算设置!$B$6
Name 档位积分1: 基础计算设置!$B$6
Name 档位积分2: 基础计算设置!$B$7
Name 档位积分3: 基础计算设置!$B$8
Name 档位积分4: 基础计算设置!$B$9
Name 档位积分5: [1]基础计算设置!$B$10
Name 档位积分5: 基础计算设置!$B$10
Name 档位奖励1: [1]基础计算设置!$C$6
Name 档位奖励1: 基础计算设置!$C$6
Name 档位奖励2: [1]基础计算设置!$C$7
Name 档位奖励2: 基础计算设置!$C$7
Name 档位奖励3: [1]基础计算设置!$C$8
Name 档位奖励3: 基础计算设置!$C$8
Name 档位奖励4: [1]基础计算设置!$C$9
Name 档位奖励4: 基础计算设置!$C$9
Name 档位奖励5: [1]基础计算设置!$C$10
Name 档位奖励5: 基础计算设置!$C$10
Name 第1档: [1]基础计算设置!$A$6
Name 第1档: 基础计算设置!$A$6
Name 第5档: [1]基础计算设置!$A$10
Name 第5档: 基础计算设置!$A$10
Name 翡翠100: [1]基础计算设置!$B$29
Name 翡翠100: 基础计算设置!$B$29
Name 翡翠10000: [1]基础计算设置!$B$36
Name 翡翠10000: 基础计算设置!$B$36
Name 高级兑换道具: [1]基础计算设置!$B$3
Name 高级兑换道具: 基础计算设置!$B$3
Name 高级兑换道具抽奖期望: [1]基础计算设置!$I$18
Name 高级兑换道具抽奖期望: 基础计算设置!$I$4
Name 高级兑换道具礼包1: 基础计算设置!$P$11
Name 高级兑换道具礼包2: 基础计算设置!$P$12
Name 高级兑换道具礼包3: 基础计算设置!$P$13
Name 高级兑换道具礼包4: 基础计算设置!$P$14
Name 高级兑换道具礼包道具数: 基础计算设置!$P$11:$P$14
Name 高级兑换道具礼包翡翠: 基础计算设置!$N$11:$N$14
Name 高级兑换道具礼包价格: 基础计算设置!$M$11:$M$14
Name 积分规则1: [1]基础计算设置!$B$13
Name 积分规则1: 基础计算设置!$B$13
Name 积分规则2: [1]基础计算设置!$B$14
Name 积分规则2: 基础计算设置!$B$14
Name 积分规则3: [1]基础计算设置!$I$19
Name 积分规则3: 基础计算设置!$I$5
Name 价格6: [1]基础计算设置!$A$29
Name 价格6: 基础计算设置!$A$29
Name 价格648: [1]基础计算设置!$A$36
Name 价格648: 基础计算设置!$A$36
Name 普通兑换道具: [1]基础计算设置!$B$2
Name 普通兑换道具: 基础计算设置!$B$2

Sheet 氪金转盘
A1: 礼包项目 | B1: 金额（元） | C1: 翡翠 | D1: 钻石（个） | E1: 玉兔券（张） | F1: 性价比(门票/翡翠) | H1: 可以先从上到下，买到玉兔券礼包Ⅱ两次。发现自己提前出限量奖励可以这样买，总共302抽
A2: 中秋基金免费奖励（免费基金） | B2: 0 | C2: 0 | D2: 0 | E2: 20
A3: 免费玉兔券礼包（广告） | B3: 0 | C3: 0 | D3: 0 | E3: 34
A4: 宝石玉兔券礼包（宝石） | B4: 0 | C4: 0 | D4: 10000 | E4: 20
A5: 中秋基金氪金奖励（氪金基金） | B5: 68 | C5: 1000 | D5: 0 | E5: 80 | F5: =E5/C5 -> 0.08
A6: 月下奇遇特惠礼包(弹窗礼包) | B6: 68 | C6: 1000 | D6: 0 | E6: 23 | F6: =E6/C6 -> 0.023
A7: 月下奇遇转盘顶部特惠礼包1 | B7: 30 | C7: 500 | D7: 0 | E7: 10 | F7: =E7/C7 -> 0.02
A8: 玉兔券礼包Ⅰ（买2次） | B8: 60 | C8: 1000 | D8: 0 | E8: 20 | F8: =E8/C8 -> 0.02
A9: 月下奇遇转盘顶部特惠礼包2 | B9: =68 -> 68 | C9: 1000 | D9: 0 | E9: 20 | F9: =E9/C9 -> 0.02
A10: 玉兔券礼包Ⅱ（买2次） | B10: =68*2 -> 136 | C10: 2000 | D10: 0 | E10: 40 | F10: =E10/C10 -> 0.02
A11: 月下奇遇特惠礼包(弹窗礼包) | B11: 128 | C11: 2000 | D11: 0 | E11: 35 | F11: =E11/C11 -> 0.0175
A14: 合计 | B14: =SUM(B2:B13)&"元" -> 558元 | C14: =SUM(C2:C11)&"翡翠" -> 8500翡翠 | D14: =SUM(D2:D11)&"钻石" -> 10000钻石 | E14: =SUM(E2:E11)&"张" -> 302张
A17: 礼包项目 | B17: 金额（元） | C17: 翡翠 | D17: 钻石（个） | E17: 玉兔券（张） | F17: 性价比(门票/翡翠) | H17: 买个基金有概率能得到桂香糕模×10 换方块魔像。不够按照性价比继续买
A18: 中秋基金免费奖励（免费基金） | B18: 0 | C18: 0 | D18: 0 | E18: 20
A19: 免费玉兔券礼包（广告） | B19: 0 | C19: 0 | D19: 0 | E19: 34
A20: 宝石玉兔券礼包（宝石） | B20: 0 | C20: 0 | D20: 10000 | E20: 20
A21: 中秋基金氪金奖励（氪金基金） | B21: 68 | C21: 1000 | D21: 0 | E21: 80 | F21: =E21/C21 -> 0.08
A22: 月下奇遇特惠礼包(弹窗礼包) | B22: 68 | C22: 1000 | D22: 0 | E22: 23 | F22: =E22/C22 -> 0.023
A23: 月下奇遇转盘顶部特惠礼包1 | B23: 30 | C23: 500 | D23: 0 | E23: 10 | F23: =E23/C23 -> 0.02
A30: 合计 | B30: =SUM(B18:B29)&"元" -> 166元 | C30: =SUM(C18:C27)&"翡翠" -> 2500翡翠 | D30: =SUM(D18:D27)&"钻石" -> 10000钻石 | E30: =SUM(E18:E27)&"张" -> 187张

Sheet 兑换列表
B1: 高级兑换 | G1: 普通兑换
B2: 消耗内容 | C2: 获得内容 | D2: 限购次数 | E2: 限制条件 | G2: 消耗内容 | H2: 获得内容 | I2: 限购次数 | J2: 限制条件
B3: 华彩兔灯×750 | C3: 桂月玉兔×1 | D3: 8 | G3: 桃花兔灯×18000 | H3: 至尊自选箱×1 | I3: 1
B4: 华彩兔灯×1450 | C4: 汉谟拉比法典×1 | D4: 1 | G4: 桃花兔灯×12000 | H4: 觉醒核心自选箱×1 | I4: 2
B5: 华彩兔灯×1450 | C5: 罗塞塔石碑×1 | D5: 1 | G5: 桃花兔灯×4500 | H5: 史诗坐骑核心自选箱×1 | I5: 5
B6: 华彩兔灯×1450 | C6: 神兵魔方×60 | D6: 1 | G6: 桃花兔灯×3250 | H6: 随机英杰箱×1 | I6: 5
B7: 华彩兔灯×1450 | C7: 高级炼金试剂×400 | D7: 1 | G7: 桃花兔灯×3000 | H7: 稀有坐骑核心自选箱×1 | I7: 5
B8: 华彩兔灯×1450 | C8: 不变石×200 | D8: 1 | G8: 桃花兔灯×2500 | H8: 臻选皮肤自选箱×1 | I8: 1
B9: 华彩兔灯×1450 | C9: 极化晶石×200 | D9: 1 | G9: 桃花兔灯×2250 | H9: 优秀坐骑核心自选箱×1 | I9: 5
B10: 华彩兔灯×1050 | C10: 觉醒核心自选箱×1 | D10: 5 | G10: 桃花兔灯×2250 | H10: 史诗传承自选箱×1 | I10: 1
B11: 华彩兔灯×200 | C11: 橙秘宝自选箱×1 | D11: 1 | G11: 桃花兔灯×1750 | H11: 幸运银币×3 | I11: 5
B12: 华彩兔灯×120 | C12: 神兵魔方×5 | D12: 6 | G12: 桃花兔灯×1200 | H12: 传承书自选箱×1 | I12: 10
B13: 华彩兔灯×25 | C13: 高级炼金试剂×5 | D13: 20 | G13: 桃花兔灯×1000 | H13: 天外陨铁×100 | I13: 100
B14: 华彩兔灯×740 | C14: 限定藏品自选箱×1 | D14: 5 | G14: 桃花兔灯×900 | H14: 随机烙印箱×1 | I14: 5
... B17: 华彩兔灯×380 | C17: S装备自选箱×1 | D17: 1 | G17: 桃花兔灯×350 | H17: 家园币×50 | I17: 20
B18: 华彩兔灯×350 | C18: S史诗传承自选箱×1 | D18: 1 | G18: 桃花兔灯×300 | H18: 卡皮筹码×5 | I18: 4 | J18: 主线第150章生存1天；开服179天
B19: 华彩兔灯×200 | C19: 连携祝福卷轴×1 | D19: 1 | G19: 桃花兔灯×300 | H19: 祈愿函×5 | I19: 10
B20: 华彩兔灯×130 | C20: 置换符×1 | D20: 1 | G20: 桃花兔灯×300 | H20: 传说钥匙×5 | I20: 10
B21: 华彩兔灯×25 | C21: 随机传说宝石箱×1 | D21: 5 | G21: 桃花兔灯×300 | H21: 宝石钥匙×5 | I21: 6
B22: 华彩兔灯×5 | C22: 天外陨铁×10 | D22: 4294967295 | G22: 桃花兔灯×300 | H22: 秘宝钥匙×5 | I22: 6
G23: 桃花兔灯×250 | H23: 精力×10 | I23: 10 | J23: 主线第150章生存1天；开服179天
G24: 桃花兔灯×290 | H24: 华彩兔灯×10 | I24: 10
G25: 桃花兔灯×225 | H25: 不变石×1 | I25: 10
G26: 桃花兔灯×225 | H26: 天外陨铁×10 | I26: 4294967295
G27: 桃花兔灯×150 | H27: 英杰契约×1 | I27: 15
G28: 桃花兔灯×125 | H28: 金蹄铁×50 | I28: 200
G29: 桃花兔灯×125 | H29: 神威锤×50 | I29: 200

Sheet 基础计算设置
A1: 抽奖道具 | B1: 月兔券 | F1: 抽奖期望统计（各项目/1抽奖币） | L1: =抽奖道具&"礼包" -> 月兔券礼包 | M1: 价格 | N1: 翡翠 | O1: 每日限购 | P1: =抽奖道具 -> 月兔券 | Q1: 翡翠性价比
A2: 普通兑换道具 | B2: 桃花兔灯 | F2: 项目 | G2: 公式 | I2: 结果 | J2: 备注 | L2: =抽奖道具 & "礼包Ⅰ" -> 月兔券礼包Ⅰ | M2: 30 | N2: =IFERROR(LOOKUP(M2,价格6:价格648,翡翠100:翡翠10000),0) -> 500 | O2: 1 | P2: 20 | Q2: =P2/N2 -> 0.04
A3: 高级兑换道具 | B3: 华彩兔灯 | F3: 桃花兔灯 | G3: 实测+脚本模拟 | I3: 55 | L3: =抽奖道具 & "礼包Ⅱ" -> 月兔券礼包Ⅱ | M3: 68 | N3: =IFERROR(LOOKUP(M3,价格6:价格648,翡翠100:翡翠10000),0) -> 1000 | O3: 1 | P3: 30 | Q3: =P3/N3 -> 0.03
F4: =高级兑换道具 -> 华彩兔灯 | G4: 实测+脚本模拟 | I4: 0.81 | J4: 上次我用中间值0.86来算的翻车太多了 | L4: =抽奖道具 & "礼包Ⅲ" -> 月兔券礼包Ⅲ | M4: 198 | N4: =IFERROR(LOOKUP(M4,价格6:价格648,翡翠100:翡翠10000),0) -> 3000 | O4: 1 | P4: 60 | Q4: =P4/N4 -> 0.02
A5: 档位 | B5: 累积积分 | C5: 累积随机箱 | F5: 档位积分 | I5: 0.81 | L5: =抽奖道具 & "礼包Ⅳ" -> 月兔券礼包Ⅳ | M5: 328 | N5: =IFERROR(LOOKUP(M5,价格6:价格648,翡翠100:翡翠10000),0) -> 5000 | O5: 1 | P5: 100 | Q5: =P5/N5 -> 0.02
A6: 第1档 | B6: 800 | C6: 0 | L6: =抽奖道具 & "礼包Ⅴ" -> 月兔券礼包Ⅴ | M6: 648 | N6: =IFERROR(LOOKUP(M6,价格6:价格648,翡翠100:翡翠10000),0) -> 10000 | O6: 1 | P6: 200 | Q6: =P6/N6 -> 0.02
A7: 第2档 | B7: 2900 | C7: 6 | L7: =抽奖道具 & "礼包Ⅵ" -> 月兔券礼包Ⅵ | M7: 648 | N7: =IFERROR(LOOKUP(M7,价格6:价格648,翡翠100:翡翠10000),0) -> 10000 | O7: 1 | P7: 200 | Q7: =P7/N7 -> 0.02
A8: 第3档 | B8: 4000 | C8: 18 | F8: 刮刮乐模式解释： 当普通兑换道具不符合[51,62]个/券的区间时，系统会更换补偿或抑制模式来调整概率以修正期望值。 当高级兑换道具不符合[0.81,0.99]个/券的区间时，系统会更换补偿或抑制模式来调整概率以修正期望值。 | L8: =抽奖道具 & "礼包Ⅶ" -> 月兔券礼包Ⅶ | M8: 648 | N8: =IFERROR(LOOKUP(M8,价格6:价格648,翡翠100:翡翠10000),0) -> 10000 | O8: 1 | P8: 200 | Q8: =P8/N8 -> 0.02
A9: 第4档 | B9: 7500 | C9: 78
A10: 第5档 | B10: 12200 | C10: 153 | L10: =高级兑换道具&"礼包" -> 华彩兔灯礼包 | M10: 价格 | N10: 翡翠 | O10: 每日限购 | P10: =高级兑换道具 -> 华彩兔灯 | Q10: 翡翠性价比
L11: =高级兑换道具 & "礼包Ⅰ" -> 华彩兔灯礼包Ⅰ | M11: 68 | N11: =IFERROR(LOOKUP(M11,价格6:价格648,翡翠100:翡翠10000),0) -> 1000 | O11: 2 | P11: 75 | Q11: =P11/N11 -> 0.075
A12: 积分规则 | L12: =高级兑换道具 & "礼包Ⅱ" -> 华彩兔灯礼包Ⅱ | M12: 128 | N12: =IFERROR(LOOKUP(M12,价格6:价格648,翡翠100:翡翠10000),0) -> 2000 | O12: 2 | P12: 150 | Q12: =P12/N12 -> 0.075
A13: ="获得 1 " & 抽奖道具 -> 获得 1 月兔券 | B13: 20 | C13: 积分 | L13: =高级兑换道具 & "礼包Ⅲ" -> 华彩兔灯礼包Ⅲ | M13: 328 | N13: =IFERROR(LOOKUP(M13,价格6:价格648,翡翠100:翡翠10000),0) -> 5000 | O13: 2 | P13: 375 | Q13: =P13/N13 -> 0.075
A14: ="1 " & 高级兑换道具 -> 1 华彩兔灯 | B14: 1 | C14: 积分 | L14: =高级兑换道具 & "礼包Ⅳ" -> 华彩兔灯礼包Ⅳ | M14: 648 | N14: =IFERROR(LOOKUP(M14,价格6:价格648,翡翠100:翡翠10000),0) -> 10000 | O14: 2 | P14: 750 | Q14: =P14/N14 -> 0.075
A17: 钻石购买
A18: ="1"& 抽奖道具 -> 1月兔券 | B18: 150 | C18: 钻石
A19: 限购= | B19: 100 | C19: 个/天
A21: 随机箱
A22: 数量 | B22: 概率 | C22: 平均(个) | D22: 积分（分）
A23: 10 | B23: 0.95 | C23: =B23*A23 -> 9.5 | D23: =C23*积分规则2 -> 9.5
A24: 15 | B24: 0.049 | C24: =B24*A24 -> 0.735 | D24: =C24*积分规则2 -> 0.735
A25: 20 | B25: 0.001 | C25: =B25*A25 -> 0.02 | D25: =C25*积分规则2 -> 0.02
B26: 合计 | C26: =SUM(C23:C25) -> 10.255 | D26: =C26*积分规则2 -> 10.255
A28: 价格（RMB） | B28: 翡翠
A29: 6 | B29: 100
A30: 30 | B30: 500
A31: 68 | B31: 1000
A32: 98 | B32: 1500
A33: 128 | B33: 2000
A34: 198 | B34: 3000
A35: 328 | B35: 5000
A36: 648 | B36: 10000

Sheet 月兔寻宝10.5w
B2: 全部统计 | C2: =SUM(C8,E8,G8,I8,K8,M8,O8)*钻石购买 &"钻石" -> 105000钻石 | I2: =SUMPRODUCT(D31:D37+F31:F37+H31:H37+J31:J37+L31:L37+N31:N37+P31:P37,抽奖道具礼包价格) +SUMPRODUCT(D38:D41+F38:F41+H38:H41+J38:J41+L38:L41+N38:N41+P38:P41,高级兑换道具礼包价格) &"元" -> 0元 | M2: =SUMPRODUCT(D31:D37+F31:F37+H31:H37+J31:J37+L31:L37+N31:N37+P31:P37,抽奖道具礼包翡翠) +SUMPRODUCT(D38:D41+F38:F41+H38:H41+J38:J41+L38:L41+N38:N41+P38:P41,高级兑换道具礼包翡翠) & "翡翠" -> 0翡翠
C3: ="最终收益："&ROUNDDOWN(O29,0)&B29&"+"&ROUNDDOWN(O28,0)&B28 -> 最终收益：1468华彩兔灯+52430桃花兔灯
B4: 活动天数 | C4: 第1天 | E4: 第2天 | G4: 第3天 | I4: 第4天 | K4: 第5天 | M4: 第6天 | O4: 第7天
B5: 积分来源 | C5: =抽奖道具 -> 月兔券 | D5: 积分 | E5: =抽奖道具 -> 月兔券 | F5: 积分 | G5: =抽奖道具 -> 月兔券 | H5: 积分 | I5: =抽奖道具 -> 月兔券 | J5: 积分 | K5: =抽奖道具 -> 月兔券 | L5: 积分 | M5: =抽奖道具 -> 月兔券 | N5: 积分 | O5: =抽奖道具 -> 月兔券 | P5: 积分
B6: 首次登录 | C6: 5 | D6: =C6*积分规则1 -> 100 | F6: =E6*积分规则1 -> 0 | H6: =G6*积分规则1 -> 0 | J6: =I6*积分规则1 -> 0 | L6: =K6*积分规则1 -> 0 | N6: =M6*积分规则1 -> 0 | P6: =O6*积分规则1 -> 0
B7: 每日任务 | C7: 43 | D7: =C7*积分规则1 -> 860 | E7: 43 | F7: =E7*积分规则1 -> 860 | G7: 43 | H7: =G7*积分规则1 -> 860 | I7: 43 | J7: =I7*积分规则1 -> 860 | K7: 43 | L7: =K7*积分规则1 -> 860 | M7: 43 | N7: =M7*积分规则1 -> 860 | O7: 43 | P7: =O7*积分规则1 -> 860
B8: 钻石购买 | C8: 100 | D8: =C8*积分规则1 -> 2000 | E8: 100 | F8: =E8*积分规则1 -> 2000 | G8: 100 | H8: =G8*积分规则1 -> 2000 | I8: 100 | J8: =I8*积分规则1 -> 2000 | K8: 100 | L8: =K8*积分规则1 -> 2000 | M8: 100 | N8: =M8*积分规则1 -> 2000 | O8: 100 | P8: =O8*积分规则1 -> 2000
B9: 免费基金 | D9: =C9*积分规则1 -> 0 | F9: =E9*积分规则1 -> 0 | H9: =G9*积分规则1 -> 0 | I9: 0 | J9: =I9*积分规则1 -> 0 | K9: 0 | L9: =K9*积分规则1 -> 0 | M9: 0 | N9: =M9*积分规则1 -> 0 | O9: 0 | P9: =O9*积分规则1 -> 0
B10: 活动签到 | D10: =C10*积分规则1 -> 0 | F10: =E10*积分规则1 -> 0 | H10: =G10*积分规则1 -> 0 | J10: =I10*积分规则1 -> 0 | L10: =K10*积分规则1 -> 0 | N10: =M10*积分规则1 -> 0 | P10: =O10*积分规则1 -> 0
B11: 广告观看 | C11: 0 | D11: =C11*积分规则1 -> 0 | E11: 0 | F11: =E11*积分规则1 -> 0 | G11: 0 | H11: =G11*积分规则1 -> 0 | I11: 0 | J11: =I11*积分规则1 -> 0 | K11: 0 | L11: =K11*积分规则1 -> 0 | M11: 0 | N11: =M11*积分规则1 -> 0 | O11: 0 | P11: =O11*积分规则1 -> 0
B12: 积分兑换 | C12: 0 | D12: =C12*积分规则1 -> 0 | E12: 0 | F12: =E12*积分规则1 -> 0 | G12: 0 | H12: =G12*积分规则1 -> 0 | I12: 0 | J12: =I12*积分规则1 -> 0 | K12: 0 | L12: =K12*积分规则1 -> 0 | M12: 0 | N12: =M12*积分规则1 -> 0 | O12: 0 | P12: =O12*积分规则1 -> 0
B13: 氪金礼包 | C13: =SUMPRODUCT(D31:D37,抽奖道具礼包道具数) -> 0 | D13: =C13*积分规则1 -> 0 | E13: =SUM(F31*抽奖道具礼包1,F32*抽奖道具礼包2,F33*抽奖道具礼包3,F34*抽奖道具礼包4,F35*抽奖道具礼包5,F36*抽奖道具礼包6,F37*抽奖道具礼包7) -> 0 | F13: =E13*积分规则1 -> 0 | G13: =SUM(H31*抽奖道具礼包1,H32*抽奖道具礼包2,H33*抽奖道具礼包3,H34*抽奖道具礼包4,H35*抽奖道具礼包5,H36*抽奖道具礼包6,H37*抽奖道具礼包7) -> 0 | H13: =G13*积分规则1 -> 0 | I13: =SUM(J31*抽奖道具礼包1,J32*抽奖道具礼包2,J33*抽奖道具礼包3,J34*抽奖道具礼包4,J35*抽奖道具礼包5,J36*抽奖道具礼包6,J37*抽奖道具礼包7) -> 0 | J13: =I13*积分规则1 -> 0 | K13: =SUM(L31*抽奖道具礼包1,L32*抽奖道具礼包2,L33*抽奖道具礼包3,L34*抽奖道具礼包4,L35*抽奖道具礼包5,L36*抽奖道具礼包6,L37*抽奖道具礼包7) -> 0 | L13: =K13*积分规则1 -> 0 | M13: =SUM(N31*抽奖道具礼包1,N32*抽奖道具礼包2,N33*抽奖道具礼包3,N34*抽奖道具礼包4,N35*抽奖道具礼包5,N36*抽奖道具礼包6,N37*抽奖道具礼包7) -> 0 | N13: =M13*积分规则1 -> 0 | O13: =SUM(P31*抽奖道具礼包1,P32*抽奖道具礼包2,P33*抽奖道具礼包3,P34*抽奖道具礼包4,P35*抽奖道具礼包5,P36*抽奖道具礼包6,P37*抽奖道具礼包7) -> 0 | P13: =O13*积分规则1 -> 0
B14: 氪金基金 | D14: =C14*积分规则1 -> 0 | F14: =E14*积分规则1 -> 0 | H14: =G14*积分规则1 -> 0 | J14: =I14*积分规则1 -> 0 | L14: =K14*积分规则1 -> 0 | N14: =M14*积分规则1 -> 0 | P14: =O14*积分规则1 -> 0
B15: ="使用"&抽奖道具 -> 使用月兔券 | C15: 0 | D15: =C15*积分规则3 -> 0 | E15: 50 | F15: =E15*积分规则3 -> 40.5 | G15: 50 | H15: =G15*积分规则3 -> 40.5 | I15: 50 | J15: =I15*积分规则3 -> 40.5 | K15: 50 | L15: =K15*积分规则3 -> 40.5 | M15: 50 | N15: =M15*积分规则3 -> 40.5 | O15: 756 | P15: =O15*积分规则3 -> 612.36
B16: ="剩余"&抽奖道具 -> 剩余月兔券 | C16: =C25-C15 -> 148 | E16: =C16+SUM(E6:E14)-E15 -> 241 | G16: =E16+SUM(G6:G14)-G15 -> 334 | I16: =G16+SUM(I6:I14)-I15 -> 427 | K16: =I16+SUM(K6:K14)-K15 -> 520 | M16: =K16+SUM(M6:M14)-M15 -> 613 | O16: =M16+SUM(O6:O14)-O15 -> 0
B17: 使用随机箱 | C17: 0 | D17: =C17*随机箱积分 -> 0 | E17: 0 | F17: =E17*随机箱积分 -> 0 | G17: 0 | H17: =G17*随机箱积分 -> 0 | I17: 0 | J17: =I17*随机箱积分 -> 0 | K17: 0 | L17: =K17*随机箱积分 -> 0 | M17: 0 | N17: =M17*随机箱积分 -> 0 | O17: 54 | P17: =O17*随机箱积分 -> 553.77
B18: 剩余随机箱 | C18: =C27-SUM(C17) -> 6 | E18: =E27-SUM(C17,E17) -> 12 | G18: =G27-SUM(C17,E17,G17) -> 18 | I18: =I27-SUM(C17,E17,G17,I17) -> 24 | K18: =K27-SUM(C17,E17,G17,I17,K17) -> 30 | M18: =M27-SUM(C17,E17,G17,I17,K17,M17) -> 36 | O18: =O27-SUM(C17,E17,G17,I17,K17,M17,O17) -> 0
B19: ="兑换"& 高级兑换道具 -> 兑换华彩兔灯 | C19: 0 | D19: =C19*积分规则2 -> 0 | E19: 0 | F19: =E19*积分规则2 -> 0 | G19: 0 | H19: =G19*积分规则2 -> 0 | I19: 0 | J19: =I19*积分规则2 -> 0 | K19: 0 | L19: =K19*积分规则2 -> 0 | M19: 0 | N19: =M19*积分规则2 -> 0 | O19: 100 | P19: =O19*积分规则2 -> 100
B20: ="氪金"&高级兑换道具 -> 氪金华彩兔灯 | C20: =SUMPRODUCT(D38:D41,高级兑换道具礼包道具数) -> 0 | D20: =C20*积分规则2 -> 0 | E20: =SUM(F38*高级兑换道具礼包1,F39*高级兑换道具礼包2,F40*高级兑换道具礼包3,F41*高级兑换道具礼包4) -> 0 | F20: =E20*积分规则2 -> 0 | G20: =SUM(H38*高级兑换道具礼包1,H39*高级兑换道具礼包2,H40*高级兑换道具礼包3,H41*高级兑换道具礼包4) -> 0 | H20: =G20*积分规则2 -> 0 | I20: =SUM(J38*高级兑换道具礼包1,J39*高级兑换道具礼包2,J40*高级兑换道具礼包3,J41*高级兑换道具礼包4) -> 0 | J20: =I20*积分规则2 -> 0 | K20: =SUM(L38*高级兑换道具礼包1,L39*高级兑换道具礼包2,L40*高级兑换道具礼包3,L41*高级兑换道具礼包4) -> 0 | L20: =K20*积分规则2 -> 0 | M20: =SUM(N38*高级兑换道具礼包1,N39*高级兑换道具礼包2,N40*高级兑换道具礼包3,N41*高级兑换道具礼包4) -> 0 | N20: =M20*积分规则2 -> 0 | O20: =SUM(P38*高级兑换道具礼包1,P39*高级兑换道具礼包2,P40*高级兑换道具礼包3,P41*高级兑换道具礼包4) -> 0 | P20: =O20*积分规则2 -> 0
B21: ？
B22: 当前档位积分 | C22: =IFERROR(LOOKUP(D22,档位积分1:档位积分5,第1档:第5档),"无奖励") -> 第2档 | D22: =SUM(D6:D15)+D17+SUM(D19:D21) -> 2960 | E22: =IFERROR(LOOKUP(F22,档位积分1:档位积分5,第1档:第5档),"无奖励") -> 第2档 | F22: =SUM(F6:F15)+F17+SUM(F19:F21) -> 2900.5 | G22: =IFERROR(LOOKUP(H22,档位积分1:档位积分5,第1档:第5档),"无奖励") -> 第2档 | H22: =SUM(H6:H15)+H17+SUM(H19:H21) -> 2900.5 | I22: =IFERROR(LOOKUP(J22,档位积分1:档位积分5,第1档:第5档),"无奖励") -> 第2档 | J22: =SUM(J6:J15)+J17+SUM(J19:J21) -> 2900.5 | K22: =IFERROR(LOOKUP(L22,档位积分1:档位积分5,第1档:第5档),"无奖励") -> 第2档 | L22: =SUM(L6:L15)+L17+SUM(L19:L21) -> 2900.5 | M22: =IFERROR(LOOKUP(N22,档位积分1:档位积分5,第1档:第5档),"无奖励") -> 第2档 | N22: =SUM(N6:N15)+N17+SUM(N19:N21) -> 2900.5 | O22: =IFERROR(LOOKUP(P22,档位积分1:档位积分5,第1档:第5档),"无奖励") -> 第3档 | P22: =SUM(P6:P15)+P17+SUM(P19:P21) -> 4126.13
B23: 上下档位积分 | C23: =IF(C22="无奖励", "", INDEX(档位积分1:档位积分5, MATCH(D22, 档位积分1:档位积分5, 1))) -> 2900 | D23: =IF(D22>=MAX(档位积分1:档位积分5), "", IF(D22<MIN(档位积分1:档位积分5), MIN(档位积分1:档位积分5), INDEX(档位积分1:档位积分5, MATCH(D22, 档位积分1:档位积分5, 1)+1))) -> 4000 | E23: =IF(E22="无奖励", "", INDEX(档位积分1:档位积分5, MATCH(F22, 档位积分1:档位积分5, 1))) -> 2900 | F23: =IF(F22>=MAX(档位积分1:档位积分5), "", IF(F22<MIN(档位积分1:档位积分5), MIN(档位积分1:档位积分5), INDEX(档位积分1:档位积分5, MATCH(F22, 档位积分1:档位积分5, 1)+1))) -> 4000 | G23: =IF(G22="无奖励", "", INDEX(档位积分1:档位积分5, MATCH(H22, 档位积分1:档位积分5, 1))) -> 2900 | H23: =IF(H22>=MAX(档位积分1:档位积分5), "", IF(H22<MIN(档位积分1:档位积分5), MIN(档位积分1:档位积分5), INDEX(档位积分1:档位积分5, MATCH(H22, 档位积分1:档位积分5, 1)+1))) -> 4000 | I23: =IF(I22="无奖励", "", INDEX(档位积分1:档位积分5, MATCH(J22, 档位积分1:档位积分5, 1))) -> 2900 | J23: =IF(J22>=MAX(档位积分1:档位积分5), "", IF(J22<MIN(档位积分1:档位积分5), MIN(档位积分1:档位积分5), INDEX(档位积分1:档位积分5, MATCH(J22, 档位积分1:档位积分5, 1)+1))) -> 4000 | K23: =IF(K22="无奖励", "", INDEX(档位积分1:档位积分5, MATCH(L22, 档位积分1:档位积分5, 1))) -> 2900 | L23: =IF(L22>=MAX(档位积分1:档位积分5), "", IF(L22<MIN(档位积分1:档位积分5), MIN(档位积分1:档位积分5), INDEX(档位积分1:档位积分5, MATCH(L22, 档位积分1:档位积分5, 1)+1))) -> 4000 | M23: =IF(M22="无奖励", "", INDEX(档位积分1:档位积分5, MATCH(N22, 档位积分1:档位积分5, 1))) -> 2900 | N23: =IF(N22>=MAX(档位积分1:档位积分5), "", IF(N22<MIN(档位积分1:档位积分5), MIN(档位积分1:档位积分5), INDEX(档位积分1:档位积分5, MATCH(N22, 档位积分1:档位积分5, 1)+1))) -> 4000 | O23: =IF(O22="无奖励", "", INDEX(档位积分1:档位积分5, MATCH(P22, 档位积分1:档位积分5, 1))) -> 4000 | P23: =IF(P22>=MAX(档位积分1:档位积分5), "", IF(P22<MIN(档位积分1:档位积分5), MIN(档位积分1:档位积分5), INDEX(档位积分1:档位积分5, MATCH(P22, 档位积分1:档位积分5, 1)+1))) -> 7500
B24: 溢出/缺少积分 | C24: =D22-C23 -> 60 | D24: =D23-D22 -> 1040 | E24: =F22-E23 -> 0.5 | F24: =F23-F22 -> 1099.5 | G24: =H22-G23 -> 0.5 | H24: =H23-H22 -> 1099.5 | I24: =J22-I23 -> 0.5 | J24: =J23-J22 -> 1099.5 | K24: =L22-K23 -> 0.5 | L24: =L23-L22 -> 1099.5 | M24: =N22-M23 -> 0.5 | N24: =N23-N22 -> 1099.5 | O24: =P22-O23 -> 126.13 | P24: =P23-P22 -> 3373.87
B25: ="总"&抽奖道具 -> 总月兔券 | C25: =SUM(C6:C14) -> 148 | D25: =C25*积分规则3 -> 119.88 | E25: =C25+SUM(E6:E14) -> 291 | F25: 0 | G25: =E25+SUM(G6:G14) -> 434 | H25: 0 | I25: =G25+SUM(I6:I14) -> 577 | J25: 0 | K25: =I25+SUM(K6:K14) -> 720 | L25: 0 | M25: =K25+SUM(M6:M14) -> 863 | N25: 0 | O25: =M25+SUM(O6:O14) -> 1006 | P25: 0
B26: 总使用鱼饵 | C26: =C15 -> 0 | E26: =C26+E15 -> 50 | G26: =G15+E26 -> 100 | I26: =I15+G26 -> 150 | K26: =K15+I26 -> 200 | M26: =M15+K26 -> 250 | O26: =O15+M26 -> 1006
B27: 总随机箱 | C27: =IFERROR(LOOKUP(D22,档位积分1:档位积分5,档位奖励1:档位奖励5),0) -> 6 | D27: =C27*随机箱积分 -> 61.53 | E27: =IFERROR(LOOKUP(F22,档位积分1:档位积分5,档位奖励1:档位奖励5),0)+C27 -> 12 | F27: =E27*随机箱积分 -> 123.06 | G27: =IFERROR(LOOKUP(H22,档位积分1:档位积分5,档位奖励1:档位奖励5),0)+E27 -> 18 | H27: =G27*随机箱积分 -> 184.59 | I27: =IFERROR(LOOKUP(J22,档位积分1:档位积分5,档位奖励1:档位奖励5),0)+G27 -> 24 | J27: =I27*随机箱积分 -> 246.12 | K27: =IFERROR(LOOKUP(L22,档位积分1:档位积分5,档位奖励1:档位奖励5),0)+I27 -> 30 | L27: =K27*随机箱积分 -> 307.65 | M27: =IFERROR(LOOKUP(N22,档位积分1:档位积分5,档位奖励1:档位奖励5),0)+K27 -> 36 | N27: =M27*随机箱积分 -> 369.18 | O27: =IFERROR(LOOKUP(P22,档位积分1:档位积分5,档位奖励1:档位奖励5),0)+M27 -> 54 | P27: =O27*随机箱积分 -> 553.77
B28: =普通兑换道具 -> 桃花兔灯 | C28: =C15*普通兑换道具抽奖期望 -> 0 | E28: =E15*普通兑换道具抽奖期望+C28 -> 2750 | G28: =G15*普通兑换道具抽奖期望+E28 -> 5500 | I28: =I15*普通兑换道具抽奖期望+G28 -> 8250 | K28: =K15*普通兑换道具抽奖期望+I28 -> 11000 | M28: =M15*普通兑换道具抽奖期望+K28 -> 13750 | O28: =O15*普通兑换道具抽奖期望+M28-2900 -> 52430
B29: =高级兑换道具 -> 华彩兔灯 | C29: =C15*高级兑换道具抽奖期望+C17*随机箱高级道具期望+C19+C20 -> 0 | E29: =E15*高级兑换道具抽奖期望+E17*随机箱高级道具期望+E19+E20+C29 -> 40.5 | G29: =G15*高级兑换道具抽奖期望+G17*随机箱高级道具期望+G19+G20+E29 -> 81 | I29: =I15*高级兑换道具抽奖期望+I17*随机箱高级道具期望+I19+I20+G29 -> 121.5 | K29: =K15*高级兑换道具抽奖期望+K17*随机箱高级道具期望+K19+K20+I29 -> 162 | M29: =M15*高级兑换道具抽奖期望+M17*随机箱高级道具期望+M19+M20+K29 -> 202.5 | O29: =O15*高级兑换道具抽奖期望+O17*随机箱高级道具期望+O19+O20+M29 -> 1468.63
B30: 礼包选择 | C30: 礼包序号 | D30: 购买次数 | E30: 礼包序号 | F30: 购买次数 | G30: 礼包序号 | H30: 购买次数 | I30: 礼包序号 | J30: 购买次数 | K30: 礼包序号 | L30: 购买次数 | M30: 礼包序号 | N30: 购买次数 | O30: 礼包序号 | P30: 购买次数
B31: =抽奖道具 &"礼包"& CHAR(10) & "(每日限购1次)" -> 月兔券礼包 (每日限购1次) | C31: Ⅰ | D31: 0 | E31: Ⅰ | F31: 0 | G31: Ⅰ | H31: 0 | I31: Ⅰ | J31: 0 | K31: Ⅰ | L31: 0 | M31: Ⅰ | N31: 0 | O31: Ⅰ | P31: 0
C32: Ⅱ | D32: 0 | E32: Ⅱ | F32: 0 | G32: Ⅱ | H32: 0 | I32: Ⅱ | J32: 0 | K32: Ⅱ | L32: 0 | M32: Ⅱ | N32: 0 | O32: Ⅱ | P32: 0
C33: Ⅲ | D33: 0 | E33: Ⅲ | F33: 0 | G33: Ⅲ | H33: 0 | I33: Ⅲ | J33: 0 | K33: Ⅲ | L33: 0 | M33: Ⅲ | N33: 0 | O33: Ⅲ | P33: 0
C34: Ⅳ | D34: 0 | E34: Ⅳ | F34: 0 | G34: Ⅳ | H34: 0 | I34: Ⅳ | J34: 0 | K34: Ⅳ | L34: 0 | M34: Ⅳ | N34: 0 | O34: Ⅳ | P34: 0
C35: Ⅴ | D35: 0 | E35: Ⅴ | F35: 0 | G35: Ⅴ | H35: 0 | I35: Ⅴ | J35: 0 | K35: Ⅴ | L35: 0 | M35: Ⅴ | N35: 0 | O35: Ⅴ | P35: 0
C36: Ⅵ | D36: 0 | E36: Ⅵ | F36: 0 | G36: Ⅵ | H36: 0 | I36: Ⅵ | J36: 0 | K36: Ⅵ | L36: 0 | M36: Ⅵ | N36: 0 | O36: Ⅵ | P36: 0
C37: Ⅶ | D37: 0 | E37: Ⅶ | F37: 0 | G37: Ⅶ | H37: 0 | I37: Ⅶ | J37: 0 | K37: Ⅶ | L37: 0 | M37: Ⅶ | N37: 0 | O37: Ⅶ | P37: 0
B38: =高级兑换道具 &"礼包"& CHAR(10) & "(每日限购2次)" -> 华彩兔灯礼包 (每日限购2次) | C38: Ⅰ | D38: 0 | E38: Ⅰ | F38: 0 | G38: Ⅰ | H38: 0 | I38: Ⅰ | J38: 0 | K38: Ⅰ | L38: 0 | M38: Ⅰ | N38: 0 | O38: Ⅰ | P38: 0
C39: Ⅱ | D39: 0 | E39: Ⅱ | F39: 0 | G39: Ⅱ | H39: 0 | I39: Ⅱ | J39: 0 | K39: Ⅱ | L39: 0 | M39: Ⅱ | N39: 0 | O39: Ⅱ | P39: 0
C40: Ⅲ | D40: 0 | E40: Ⅲ | F40: 0 | G40: Ⅲ | H40: 0 | I40: Ⅲ | J40: 0 | K40: Ⅲ | L40: 0 | M40: Ⅲ | N40: 0 | O40: Ⅲ | P40: 0
C41: Ⅳ | D41: 0 | E41: Ⅳ | F41: 0 | G41: Ⅳ | H41: 0 | I41: Ⅳ | J41: 0 | K41: Ⅳ | L41: 0 | M41: Ⅳ | N41: 0 | O41: Ⅳ | P41: 0

Sheet 月兔寻宝10.5w钻攻略图
B2: 月兔寻宝｜10.5万钻攻略
B3: 预算 | D3: ="期望"&普通兑换道具 -> 期望桃花兔灯 | G3: ="期望"&高级兑换道具 -> 期望华彩兔灯
B5: =月兔寻宝10.5w!C2 -> 105000钻石 | D5: =月兔寻宝10.5w!O28 -> 52430 | G5: =月兔寻宝10.5w!O29 -> 1468.63
B6: 可兑换： 汉谟拉比法典×1 或 罗塞塔石碑×1 或 桂月玉兔×1 + 至尊自选箱×1 + 觉醒核心自选箱×2
A8: 特殊日 | B8: 天数 | C8: 今天只做这些 | D8: 目标档位 | E8: =月兔寻宝10.5w!B15 -> 使用月兔券 | F8: =月兔寻宝10.5w!B16 -> 剩余月兔券 | G8: =月兔寻宝10.5w!B18 -> 剩余随机箱 | H8: ="期望"&普通兑换道具 -> 期望桃花兔灯 | I8: ="期望"&高级兑换道具 -> 期望华彩兔灯 | J8: 当日档位积分
B9: Day1 | C9: ① 进活动页面送5月兔券 ② 任务43券+钻石购买100券 ③ 今日不刮即可第2档 | D9: =月兔寻宝10.5w!C22 -> 第2档 | E9: =月兔寻宝10.5w!C15 -> 0 | F9: =月兔寻宝10.5w!C16 -> 148 | G9: =月兔寻宝10.5w!C18 -> 6 | H9: =月兔寻宝10.5w!C28 -> 0 | I9: =月兔寻宝10.5w!C29 -> 0 | J9: =月兔寻宝10.5w!D22 -> 2960
B10: Day2 | C10: ① 任务43券+钻石购买100券 ② 用约50券抽到40华彩兔灯 | D10: =月兔寻宝10.5w!E22 -> 第2档 | E10: =月兔寻宝10.5w!E15 -> 50 | F10: =月兔寻宝10.5w!E16 -> 241 | G10: =月兔寻宝10.5w!E18 -> 12 | H10: =月兔寻宝10.5w!E28 -> 2750 | I10: =月兔寻宝10.5w!E29 -> 40.5 | J10: =月兔寻宝10.5w!F22 -> 2900.5
B11: Day3 | C11: ① 任务43券+钻石购买100券 ② 用约50券抽到40华彩兔灯 | D11: =月兔寻宝10.5w!G22 -> 第2档 | E11: =月兔寻宝10.5w!G15 -> 50 | F11: =月兔寻宝10.5w!G16 -> 334 | G11: =月兔寻宝10.5w!G18 -> 18 | H11: =月兔寻宝10.5w!G28 -> 5500 | I11: =月兔寻宝10.5w!G29 -> 81 | J11: =月兔寻宝10.5w!H22 -> 2900.5
B12: Day4 | C12: ① 任务43券+钻石购买100券 ② 用约50券抽到40华彩兔灯 | D12: =月兔寻宝10.5w!I22 -> 第2档 | E12: =月兔寻宝10.5w!I15 -> 50 | F12: =月兔寻宝10.5w!I16 -> 427 | G12: =月兔寻宝10.5w!I18 -> 24 | H12: =月兔寻宝10.5w!I28 -> 8250 | I12: =月兔寻宝10.5w!I29 -> 121.5 | J12: =月兔寻宝10.5w!J22 -> 2900.5
B13: Day5 | C13: ① 任务43券+钻石购买100券 ② 用约50券抽到40华彩兔灯 | D13: =月兔寻宝10.5w!K22 -> 第2档 | E13: =月兔寻宝10.5w!K15 -> 50 | F13: =月兔寻宝10.5w!K16 -> 520 | G13: =月兔寻宝10.5w!K18 -> 30 | H13: =月兔寻宝10.5w!K28 -> 11000 | I13: =月兔寻宝10.5w!K29 -> 162 | J13: =月兔寻宝10.5w!L22 -> 2900.5
B14: Day6 | C14: ① 任务43券+钻石购买100券 ② 用约50券抽到40华彩兔灯 | D14: =月兔寻宝10.5w!M22 -> 第2档 | E14: =月兔寻宝10.5w!M15 -> 50 | F14: =月兔寻宝10.5w!M16 -> 613 | G14: =月兔寻宝10.5w!M18 -> 36 | H14: =月兔寻宝10.5w!M28 -> 13750 | I14: =月兔寻宝10.5w!M29 -> 202.5 | J14: =月兔寻宝10.5w!N22 -> 2900.5
A15: 收尾日 | B15: Day7 | C15: ① 任务43券+钻石购买100券 ② 用约756券(用完)抽到610华彩兔灯 ③ 商店兑换100华彩兔灯 ④ 打开42随机箱到第3档后领12随机箱全部打开 | D15: =月兔寻宝10.5w!O22 -> 第3档 | E15: =月兔寻宝10.5w!O15 -> 756 | F15: =月兔寻宝10.5w!O16 -> 0 | G15: =月兔寻宝10.5w!O18 -> 0 | H15: =月兔寻宝10.5w!O28 -> 52430 | I15: =月兔寻宝10.5w!O29 -> 1468.63 | J15: =月兔寻宝10.5w!P22 -> 4126.13
B17: 风险提示
B18: 该模式概率波动大，只有按照≥0.81华彩兔灯的理论值计算才能第7天拿第3档奖励。 前6天尽量控制在50券以内，第4第5行奖励只有材料或桃花兔灯×80/×100的时候考虑提前结算奖励 第7天不要提前开随机箱和商店兑换华彩兔灯，拉高了比例可能会导致抽奖进入抑制模式降低整体概率 提前算好自己还有几张券能开几轮，正常1轮6券、至少要4张券才能结算1轮，不够得话无法拿到奖励
B19: .

Sheet 月兔寻宝4.5w
C2: 第1天 | E2: 第2天 | G2: 第3天 | I2: 第4天 | K2: 第5天 | M2: 第6天 | O2: 第7天
C3: =抽奖道具 -> 月兔券 | D3: 积分 | E3: =抽奖道具 -> 月兔券 | F3: 积分 | G3: =抽奖道具 -> 月兔券 | H3: 积分 | I3: =抽奖道具 -> 月兔券 | J3: 积分 | K3: =抽奖道具 -> 月兔券 | L3: 积分 | M3: =抽奖道具 -> 月兔券 | N3: 积分 | O3: =抽奖道具 -> 月兔券 | P3: 积分
B4: 首次登录 | C4: 5 | D4: =C4*积分规则1 -> 100 | F4: =E4*积分规则1 -> 0 | H4: =G4*积分规则1 -> 0 | J4: =I4*积分规则1 -> 0 | L4: =K4*积分规则1 -> 0 | N4: =M4*积分规则1 -> 0 | P4: =O4*积分规则1 -> 0
B5: 每日任务 | C5: 43 | D5: =C5*积分规则1 -> 860 | E5: 43 | F5: =E5*积分规则1 -> 860 | G5: 43 | H5: =G5*积分规则1 -> 860 | I5: 43 | J5: =I5*积分规则1 -> 860 | K5: 43 | L5: =K5*积分规则1 -> 860 | M5: 43 | N5: =M5*积分规则1 -> 860 | O5: 43 | P5: =O5*积分规则1 -> 860
B6: 钻石购买 | C6: 100 | D6: =C6*积分规则1 -> 2000 | E6: 100 | F6: =E6*积分规则1 -> 2000 | G6: 100 | H6: =G6*积分规则1 -> 2000 | I6: 0 | J6: =I6*积分规则1 -> 0 | K6: 0 | L6: =K6*积分规则1 -> 0 | M6: 0 | N6: =M6*积分规则1 -> 0 | O6: 0 | P6: =O6*积分规则1 -> 0
B7: 免费基金 | D7: =C7*积分规则1 -> 0 | F7: =E7*积分规则1 -> 0 | H7: =G7*积分规则1 -> 0 | I7: 0 | J7: =I7*积分规则1 -> 0 | K7: 0 | L7: =K7*积分规则1 -> 0 | M7: 0 | N7: =M7*积分规则1 -> 0 | O7: 0 | P7: =O7*积分规则1 -> 0
B8: 活动签到 | D8: =C8*积分规则1 -> 0 | F8: =E8*积分规则1 -> 0 | H8: =G8*积分规则1 -> 0 | J8: =I8*积分规则1 -> 0 | L8: =K8*积分规则1 -> 0 | N8: =M8*积分规则1 -> 0 | P8: =O8*积分规则1 -> 0
B9: 广告观看 | C9: 0 | D9: =C9*积分规则1 -> 0 | E9: 0 | F9: =E9*积分规则1 -> 0 | G9: 0 | H9: =G9*积分规则1 -> 0 | I9: 0 | J9: =I9*积分规则1 -> 0 | K9: 0 | L9: =K9*积分规则1 -> 0 | M9: 0 | N9: =M9*积分规则1 -> 0 | O9: 0 | P9: =O9*积分规则1 -> 0
B10: 积分兑换 | C10: 0 | D10: =C10*积分规则1 -> 0 | E10: 0 | F10: =E10*积分规则1 -> 0 | G10: 0 | H10: =G10*积分规则1 -> 0 | I10: 0 | J10: =I10*积分规则1 -> 0 | K10: 0 | L10: =K10*积分规则1 -> 0 | M10: 0 | N10: =M10*积分规则1 -> 0 | O10: 0 | P10: =O10*积分规则1 -> 0
B11: 氪金礼包 | D11: =C11*积分规则1 -> 0 | F11: =E11*积分规则1 -> 0 | H11: =G11*积分规则1 -> 0 | J11: =I11*积分规则1 -> 0 | L11: =K11*积分规则1 -> 0 | N11: =M11*积分规则1 -> 0 | P11: =O11*积分规则1 -> 0
B12: 氪金基金 | D12: =C12*积分规则1 -> 0 | F12: =E12*积分规则1 -> 0 | H12: =G12*积分规则1 -> 0 | J12: =I12*积分规则1 -> 0 | L12: =K12*积分规则1 -> 0 | N12: =M12*积分规则1 -> 0 | P12: =O12*积分规则1 -> 0
B13: ="使用"&抽奖道具 -> 使用月兔券 | C13: 0 | D13: =C13*积分规则3 -> 0 | E13: 50 | F13: =E13*积分规则3 -> 40.5 | G13: 50 | H13: =G13*积分规则3 -> 40.5 | I13: 0 | J13: =I13*积分规则3 -> 0 | K13: 0 | L13: =K13*积分规则3 -> 0 | M13: 0 | N13: =M13*积分规则3 -> 0 | O13: 506 | P13: =O13*积分规则3 -> 409.86
B14: ="剩余"&抽奖道具 -> 剩余月兔券 | C14: =C22-C13 -> 148 | E14: =C14+SUM(E4:E12)-E13 -> 241 | G14: =E14+SUM(G4:G12)-G13 -> 334 | I14: =G14+SUM(I4:I12)-I13 -> 377 | K14: =I14+SUM(K4:K12)-K13 -> 420 | M14: =K14+SUM(M4:M12)-M13 -> 463 | O14: =M14+SUM(O4:O12)-O13 -> 0
B15: 使用随机箱 | C15: 0 | D15: =C15*随机箱积分 -> 0 | E15: 0 | F15: =E15*随机箱积分 -> 0 | G15: 0 | H15: =G15*随机箱积分 -> 0 | I15: 0 | J15: =I15*随机箱积分 -> 0 | K15: 0 | L15: =K15*随机箱积分 -> 0 | M15: 0 | N15: =M15*随机箱积分 -> 0 | O15: 18 | P15: =O15*随机箱积分 -> 184.59
B16: 剩余随机箱 | C16: =C24-SUM(C15) -> 6 | E16: =E24-SUM(C15,E15) -> 12 | G16: =G24-SUM(C15,E15,G15) -> 18 | I16: =I24-SUM(C15,E15,G15,I15) -> 18 | K16: =K24-SUM(C15,E15,G15,I15,K15) -> 18 | M16: =M24-SUM(C15,E15,G15,I15,K15,M15) -> 18 | O16: =O24-SUM(C15,E15,G15,I15,K15,M15,O15) -> 0
B17: 兑换华彩兔灯 | C17: 0 | D17: =C17*1 -> 0 | F17: =E17*1 -> 0 | H17: =G17*1 -> 0 | J17: =I17*1 -> 0 | L17: =K17*1 -> 0 | N17: =M17*1 -> 0 | O17: 100 | P17: =O17*1 -> 100
B18: ？
B19: ？
B20: 目标档位 | C20: =IFERROR(LOOKUP(D20,档位积分1:档位积分5,第1档:第5档),"无奖励") -> 第2档 | D20: =SUM(D4:D13)+D15+SUM(D17:D19) -> 2960 | E20: =IFERROR(LOOKUP(F20,档位积分1:档位积分5,第1档:第5档),"无奖励") -> 第2档 | F20: =SUM(F4:F13)+F15+SUM(F17:F19) -> 2900.5 | G20: =IFERROR(LOOKUP(H20,档位积分1:档位积分5,第1档:第5档),"无奖励") -> 第2档 | H20: =SUM(H4:H13)+H15+SUM(H17:H19) -> 2900.5 | I20: =IFERROR(LOOKUP(J20,档位积分1:档位积分5,第1档:第5档),"无奖励") -> 第1档 | J20: =SUM(J4:J13)+J15+SUM(J17:J19) -> 860 | K20: =IFERROR(LOOKUP(L20,档位积分1:档位积分5,第1档:第5档),"无奖励") -> 第1档 | L20: =SUM(L4:L13)+L15+SUM(L17:L19) -> 860 | M20: =IFERROR(LOOKUP(N20,档位积分1:档位积分5,第1档:第5档),"无奖励") -> 第1档 | N20: =SUM(N4:N13)+N15+SUM(N17:N19) -> 860 | O20: =IFERROR(LOOKUP(P20,档位积分1:档位积分5,第1档:第5档),"无奖励") -> 第1档 | P20: =SUM(P4:P13)+P15+SUM(P17:P19) -> 1554.45
B21: 下一档位 | C21: =IF(D20>=MAX(档位积分1:档位积分5), "已是最高档", IF(D20<MIN(档位积分1:档位积分5), INDEX(第1档:第5档, 1), INDEX(第1档:第5档, MATCH(D20, 档位积分1:档位积分5, 1)+1))) -> 第3档 | D21: =IF(D20>=MAX(档位积分1:档位积分5), "", IF(D20<MIN(档位积分1:档位积分5), MIN(档位积分1:档位积分5), INDEX(档位积分1:档位积分5, MATCH(D20, 档位积分1:档位积分5, 1)+1))) -> 4000 | E21: =IF(F20>=MAX(档位积分1:档位积分5), "已是最高档", IF(F20<MIN(档位积分1:档位积分5), INDEX(第1档:第5档, 1), INDEX(第1档:第5档, MATCH(F20, 档位积分1:档位积分5, 1)+1))) -> 第3档 | F21: =IF(F20>=MAX(档位积分1:档位积分5), "", IF(F20<MIN(档位积分1:档位积分5), MIN(档位积分1:档位积分5), INDEX(档位积分1:档位积分5, MATCH(F20, 档位积分1:档位积分5, 1)+1))) -> 4000 | G21: =IF(H20>=MAX(档位积分1:档位积分5), "已是最高档", IF(H20<MIN(档位积分1:档位积分5), INDEX(第1档:第5档, 1), INDEX(第1档:第5档, MATCH(H20, 档位积分1:档位积分5, 1)+1))) -> 第3档 | H21: =IF(H20>=MAX(档位积分1:档位积分5), "", IF(H20<MIN(档位积分1:档位积分5), MIN(档位积分1:档位积分5), INDEX(档位积分1:档位积分5, MATCH(H20, 档位积分1:档位积分5, 1)+1))) -> 4000 | I21: =IF(J20>=MAX(档位积分1:档位积分5), "已是最高档", IF(J20<MIN(档位积分1:档位积分5), INDEX(第1档:第5档, 1), INDEX(第1档:第5档, MATCH(J20, 档位积分1:档位积分5, 1)+1))) -> 第2档 | J21: =IF(J20>=MAX(档位积分1:档位积分5), "", IF(J20<MIN(档位积分1:档位积分5), MIN(档位积分1:档位积分5), INDEX(档位积分1:档位积分5, MATCH(J20, 档位积分1:档位积分5, 1)+1))) -> 2900 | K21: =IF(L20>=MAX(档位积分1:档位积分5), "已是最高档", IF(L20<MIN(档位积分1:档位积分5), INDEX(第1档:第5档, 1), INDEX(第1档:第5档, MATCH(L20, 档位积分1:档位积分5, 1)+1))) -> 第2档 | L21: =IF(L20>=MAX(档位积分1:档位积分5), "", IF(L20<MIN(档位积分1:档位积分5), MIN(档位积分1:档位积分5), INDEX(档位积分1:档位积分5, MATCH(L20, 档位积分1:档位积分5, 1)+1))) -> 2900 | M21: =IF(N20>=MAX(档位积分1:档位积分5), "已是最高档", IF(N20<MIN(档位积分1:档位积分5), INDEX(第1档:第5档, 1), INDEX(第1档:第5档, MATCH(N20, 档位积分1:档位积分5, 1)+1))) -> 第2档 | N21: =IF(N20>=MAX(档位积分1:档位积分5), "", IF(N20<MIN(档位积分1:档位积分5), MIN(档位积分1:档位积分5), INDEX(档位积分1:档位积分5, MATCH(N20, 档位积分1:档位积分5, 1)+1))) -> 2900 | O21: =IF(P20>=MAX(档位积分1:档位积分5), "已是最高档", IF(P20<MIN(档位积分1:档位积分5), INDEX(第1档:第5档, 1), INDEX(第1档:第5档, MATCH(P20, 档位积分1:档位积分5, 1)+1))) -> 第2档 | P21: =IF(P20>=MAX(档位积分1:档位积分5), "", IF(P20<MIN(档位积分1:档位积分5), MIN(档位积分1:档位积分5), INDEX(档位积分1:档位积分5, MATCH(P20, 档位积分1:档位积分5, 1)+1))) -> 2900
B22: ="总"&抽奖道具 -> 总月兔券 | C22: =SUM(C4:C12) -> 148 | D22: =C22*积分规则3 -> 119.88 | E22: =C22+SUM(E4:E12) -> 291 | F22: 0 | G22: =E22+SUM(G4:G12) -> 434 | H22: 0 | I22: =G22+SUM(I4:I12) -> 477 | J22: 0 | K22: =I22+SUM(K4:K12) -> 520 | L22: 0 | M22: =K22+SUM(M4:M12) -> 563 | N22: 0 | O22: =M22+SUM(O4:O12) -> 606 | P22: 0
B23: 总使用鱼饵 | C23: =C13 -> 0 | E23: =C23+E13 -> 50 | G23: =G13+E23 -> 100 | I23: =I13+G23 -> 100 | K23: =K13+I23 -> 100 | M23: =M13+K23 -> 100 | O23: =O13+M23 -> 606
B24: 总随机箱 | C24: =IFERROR(LOOKUP(D20,档位积分1:档位积分5,档位奖励1:档位奖励5),0) -> 6 | D24: =C24*随机箱积分 -> 61.53 | E24: =IFERROR(LOOKUP(F20,档位积分1:档位积分5,档位奖励1:档位奖励5),0)+C24 -> 12 | F24: =E24*随机箱积分 -> 123.06 | G24: =IFERROR(LOOKUP(H20,档位积分1:档位积分5,档位奖励1:档位奖励5),0)+E24 -> 18 | H24: =G24*随机箱积分 -> 184.59 | I24: =IFERROR(LOOKUP(J20,档位积分1:档位积分5,档位奖励1:档位奖励5),0)+G24 -> 18 | J24: =I24*随机箱积分 -> 184.59 | K24: =IFERROR(LOOKUP(L20,档位积分1:档位积分5,档位奖励1:档位奖励5),0)+I24 -> 18 | L24: =K24*随机箱积分 -> 184.59 | M24: =IFERROR(LOOKUP(N20,档位积分1:档位积分5,档位奖励1:档位奖励5),0)+K24 -> 18 | N24: =M24*随机箱积分 -> 184.59 | O24: =IFERROR(LOOKUP(P20,档位积分1:档位积分5,档位奖励1:档位奖励5),0)+M24 -> 18 | P24: =O24*随机箱积分 -> 184.59
B25: =普通兑换道具 -> 桃花兔灯 | C25: =C13*普通兑换道具抽奖期望 -> 0 | E25: =E13*普通兑换道具抽奖期望+C25 -> 2750 | G25: =G13*普通兑换道具抽奖期望+E25 -> 5500 | I25: =I13*普通兑换道具抽奖期望+G25 -> 5500 | K25: =K13*普通兑换道具抽奖期望+I25 -> 5500 | M25: =M13*普通兑换道具抽奖期望+K25 -> 5500 | O25: =O13*普通兑换道具抽奖期望+M25-2900 -> 30430
B26: =高级兑换道具 -> 华彩兔灯 | C26: =C13*高级兑换道具抽奖期望+C15*随机箱高级道具期望 -> 0 | E26: =E13*高级兑换道具抽奖期望+E15*随机箱高级道具期望+C26 -> 40.5 | G26: =G13*高级兑换道具抽奖期望+G15*随机箱高级道具期望+E26 -> 81 | I26: =I13*高级兑换道具抽奖期望+I15*随机箱高级道具期望+G26 -> 81 | K26: =K13*高级兑换道具抽奖期望+K15*随机箱高级道具期望+I26 -> 81 | M26: =M13*高级兑换道具抽奖期望+M15*随机箱高级道具期望+K26 -> 81 | O26: =O13*高级兑换道具抽奖期望+O15*随机箱高级道具期望+M26+O17 -> 775.45
B27: 氪金RMB | C27: 0 | D27: 0 | E27: 0 | F27: 0 | G27: 0 | H27: 0 | I27: 0 | J27: 0 | K27: 0 | L27: 0 | M27: 0 | N27: 0 | O27: 0 | P27: 0
C28: 0 | D28: 0 | E28: 0 | F28: 0 | G28: 0 | H28: 0 | I28: 0 | J28: 0 | K28: 0 | L28: 0 | M28: 0 | N28: 0 | O28: 0 | P28: 0
B30: 氪金翡翠 | C30: =IFERROR(LOOKUP(C27,价格6:价格648,翡翠100:翡翠10000),0) -> 0 | D30: =IFERROR(LOOKUP(D27,价格6:价格648,翡翠100:翡翠10000),0) -> 0 | E30: =IFERROR(LOOKUP(E27,价格6:价格648,翡翠100:翡翠10000),0) -> 0 | F30: =IFERROR(LOOKUP(F27,价格6:价格648,翡翠100:翡翠10000),0) -> 0 | G30: =IFERROR(LOOKUP(G27,价格6:价格648,翡翠100:翡翠10000),0) -> 0 | H30: =IFERROR(LOOKUP(H27,价格6:价格648,翡翠100:翡翠10000),0) -> 0 | I30: =IFERROR(LOOKUP(I27,价格6:价格648,翡翠100:翡翠10000),0) -> 0 | J30: =IFERROR(LOOKUP(J27,价格6:价格648,翡翠100:翡翠10000),0) -> 0 | ... P30: =IFERROR(LOOKUP(P27,价格6:价格648,翡翠100:翡翠10000),0) -> 0
C31: =IFERROR(LOOKUP(C28,价格6:价格648,翡翠100:翡翠10000),0) -> 0 | D31: =IFERROR(LOOKUP(D28,价格6:价格648,翡翠100:翡翠10000),0) -> 0 | E31: =IFERROR(LOOKUP(E28,价格6:价格648,翡翠100:翡翠10000),0) -> 0 | F31: =IFERROR(LOOKUP(F28,价格6:价格648,翡翠100:翡翠10000),0) -> 0 | G31: =IFERROR(LOOKUP(G28,价格6:价格648,翡翠100:翡翠10000),0) -> 0 | H31: =IFERROR(LOOKUP(H28,价格6:价格648,翡翠100:翡翠10000),0) -> 0 | I31: =IFERROR(LOOKUP(I28,价格6:价格648,翡翠100:翡翠10000),0) -> 0 | J31: =IFERROR(LOOKUP(J28,价格6:价格648,翡翠100:翡翠10000),0) -> 0 | ... O31: =IFERROR(LOOKUP(O28,价格6:价格648,翡翠100:翡翠10000),0) -> 0 | P31: 0
B33: 总体策略 | C33: =SUM(C6,E6,G6,I6,K6,M6,O6)*钻石购买 -> 45000 | I33: =SUM(C27:P29) &"元" -> 0元 | M33: =SUM(C30:P32) & "翡翠" -> 0翡翠
C34: ="最终收益："&ROUNDDOWN(O26,0)&B26&"+"&ROUNDDOWN(O25,0)&B25 -> 最终收益：775华彩兔灯+30430桃花兔灯

Sheet 月兔寻宝4.5w钻攻略图
B2: 月兔寻宝｜4.5万钻攻略
B3: 预算 | D3: ="期望"&普通兑换道具 -> 期望桃花兔灯 | G3: ="期望"&高级兑换道具 -> 期望华彩兔灯
B5: =月兔寻宝4.5w!C33 -> 45000 | D5: =月兔寻宝4.5w!O25 -> 30430 | G5: =月兔寻宝4.5w!O26 -> 775.45
B6: 可兑换： 桂月玉兔×1 + 至尊自选箱×1 + 觉醒核心自选箱×1
A8: 特殊日 | B8: 天数 | C8: 今天只做这些 | D8: =月兔寻宝4.5w!B20 -> 目标档位 | E8: =月兔寻宝4.5w!B13 -> 使用月兔券 | F8: =月兔寻宝4.5w!B14 -> 剩余月兔券 | G8: =月兔寻宝4.5w!B16 -> 剩余随机箱 | H8: ="期望"&普通兑换道具 -> 期望桃花兔灯 | I8: ="期望"&高级兑换道具 -> 期望华彩兔灯 | J8: 当日档位积分
B9: Day1 | C9: ① 进活动页面送5月兔券 ② 任务43券+钻石购买100券 ③ 今日不刮即可第2档 | D9: =月兔寻宝4.5w!C20 -> 第2档 | E9: =月兔寻宝4.5w!C13 -> 0 | F9: =月兔寻宝4.5w!C14 -> 148 | G9: =月兔寻宝4.5w!C16 -> 6 | H9: =月兔寻宝4.5w!C25 -> 0 | I9: =月兔寻宝4.5w!C26 -> 0 | J9: =月兔寻宝4.5w!D20 -> 2960
B10: Day2 | C10: ① 任务43券+钻石购买100券 ② 用约50券抽到40华彩兔灯 | D10: =月兔寻宝4.5w!E20 -> 第2档 | E10: =月兔寻宝4.5w!E13 -> 50 | F10: =月兔寻宝4.5w!E14 -> 241 | G10: =月兔寻宝4.5w!E16 -> 12 | H10: =月兔寻宝4.5w!E25 -> 2750 | I10: =月兔寻宝4.5w!E26 -> 40.5 | J10: =月兔寻宝4.5w!F20 -> 2900.5
B11: Day3 | C11: ① 任务43券+钻石购买100券 ② 用约50券抽到40华彩兔灯 | D11: =月兔寻宝4.5w!G20 -> 第2档 | E11: =月兔寻宝4.5w!G13 -> 50 | F11: =月兔寻宝4.5w!G14 -> 334 | G11: =月兔寻宝4.5w!G16 -> 18 | H11: =月兔寻宝4.5w!G25 -> 5500 | I11: =月兔寻宝4.5w!G26 -> 81 | J11: =月兔寻宝4.5w!H20 -> 2900.5
B12: Day4 | C12: ① 任务43券 | D12: =月兔寻宝4.5w!I20 -> 第1档 | E12: =月兔寻宝4.5w!I13 -> 0 | F12: =月兔寻宝4.5w!I14 -> 377 | G12: =月兔寻宝4.5w!I16 -> 18 | H12: =月兔寻宝4.5w!I25 -> 5500 | I12: =月兔寻宝4.5w!I26 -> 81 | J12: =月兔寻宝4.5w!J20 -> 860
B13: Day5 | C13: ① 任务43券 | D13: =月兔寻宝4.5w!K20 -> 第1档 | E13: =月兔寻宝4.5w!K13 -> 0 | F13: =月兔寻宝4.5w!K14 -> 420 | G13: =月兔寻宝4.5w!K16 -> 18 | H13: =月兔寻宝4.5w!K25 -> 5500 | I13: =月兔寻宝4.5w!K26 -> 81 | J13: =月兔寻宝4.5w!L20 -> 860
B14: Day6 | C14: ① 任务43券 | D14: =月兔寻宝4.5w!M20 -> 第1档 | E14: =月兔寻宝4.5w!M13 -> 0 | F14: =月兔寻宝4.5w!M14 -> 463 | G14: =月兔寻宝4.5w!M16 -> 18 | H14: =月兔寻宝4.5w!M25 -> 5500 | I14: =月兔寻宝4.5w!M26 -> 81 | J14: =月兔寻宝4.5w!N20 -> 860
A15: 收尾日 | B15: Day7 | C15: ① 任务43券 ② 用约506券(用完)抽到410华彩兔灯 ③ 商店兑换100华彩兔灯 ④ 打开18随机箱 | D15: =月兔寻宝4.5w!O20 -> 第1档 | E15: =月兔寻宝4.5w!O13 -> 506 | F15: =月兔寻宝4.5w!O14 -> 0 | G15: =月兔寻宝4.5w!O16 -> 0 | H15: =月兔寻宝4.5w!O25 -> 30430 | I15: =月兔寻宝4.5w!O26 -> 775.45 | J15: =月兔寻宝4.5w!P20 -> 1554.45
B17: 风险提示
B18: 第7天如果不够30000桃花兔灯或750华彩兔灯，可以再买券去抽。 本方案只是为了换3个道具，如需兑换其他物品则自主额外买券。理论值为每1券=55桃花兔灯=0.8华彩兔灯
B19: .

Sheet 月兔寻宝13500翡翠氪金攻略
C2: 第1天 | E2: 第2天 | G2: 第3天 | I2: 第4天 | K2: 第5天 | M2: 第6天 | O2: 第7天
C3: =抽奖道具 -> 月兔券 | D3: 积分 | E3: =抽奖道具 -> 月兔券 | F3: 积分 | G3: =抽奖道具 -> 月兔券 | H3: 积分 | I3: =抽奖道具 -> 月兔券 | J3: 积分 | K3: =抽奖道具 -> 月兔券 | L3: 积分 | M3: =抽奖道具 -> 月兔券 | N3: 积分 | O3: =抽奖道具 -> 月兔券 | P3: 积分
B4: 首次登录 | C4: 5 | D4: =C4*积分规则1 -> 100 | F4: =E4*积分规则1 -> 0 | H4: =G4*积分规则1 -> 0 | J4: =I4*积分规则1 -> 0 | L4: =K4*积分规则1 -> 0 | N4: =M4*积分规则1 -> 0 | P4: =O4*积分规则1 -> 0
B5: 每日任务 | C5: 43 | D5: =C5*积分规则1 -> 860 | E5: 43 | F5: =E5*积分规则1 -> 860 | G5: 43 | H5: =G5*积分规则1 -> 860 | I5: 43 | J5: =I5*积分规则1 -> 860 | K5: 43 | L5: =K5*积分规则1 -> 860 | M5: 43 | N5: =M5*积分规则1 -> 860 | O5: 43 | P5: =O5*积分规则1 -> 860
B6: 钻石购买 | C6: 100 | D6: =C6*积分规则1 -> 2000 | E6: 100 | F6: =E6*积分规则1 -> 2000 | G6: 100 | H6: =G6*积分规则1 -> 2000 | I6: 100 | J6: =I6*积分规则1 -> 2000 | K6: 100 | L6: =K6*积分规则1 -> 2000 | M6: 100 | N6: =M6*积分规则1 -> 2000 | O6: 100 | P6: =O6*积分规则1 -> 2000
B7: 免费基金 | D7: =C7*积分规则1 -> 0 | F7: =E7*积分规则1 -> 0 | H7: =G7*积分规则1 -> 0 | I7: 0 | J7: =I7*积分规则1 -> 0 | K7: 0 | L7: =K7*积分规则1 -> 0 | M7: 0 | N7: =M7*积分规则1 -> 0 | O7: 0 | P7: =O7*积分规则1 -> 0
B8: 活动签到 | D8: =C8*积分规则1 -> 0 | F8: =E8*积分规则1 -> 0 | H8: =G8*积分规则1 -> 0 | J8: =I8*积分规则1 -> 0 | L8: =K8*积分规则1 -> 0 | N8: =M8*积分规则1 -> 0 | P8: =O8*积分规则1 -> 0
B9: 广告观看 | C9: 0 | D9: =C9*积分规则1 -> 0 | E9: 0 | F9: =E9*积分规则1 -> 0 | G9: 0 | H9: =G9*积分规则1 -> 0 | I9: 0 | J9: =I9*积分规则1 -> 0 | K9: 0 | L9: =K9*积分规则1 -> 0 | M9: 0 | N9: =M9*积分规则1 -> 0 | O9: 0 | P9: =O9*积分规则1 -> 0
B10: 积分兑换 | C10: 0 | D10: =C10*积分规则1 -> 0 | E10: 0 | F10: =E10*积分规则1 -> 0 | G10: 0 | H10: =G10*积分规则1 -> 0 | I10: 0 | J10: =I10*积分规则1 -> 0 | K10: 0 | L10: =K10*积分规则1 -> 0 | M10: 0 | N10: =M10*积分规则1 -> 0 | O10: 0 | P10: =O10*积分规则1 -> 0
B11: 氪金礼包 | C11: 0 | D11: =C11*积分规则1 -> 0 | E11: 0 | F11: =E11*积分规则1 -> 0 | G11: 50 | H11: =G11*积分规则1 -> 1000 | I11: 50 | J11: =I11*积分规则1 -> 1000 | K11: 50 | L11: =K11*积分规则1 -> 1000 | M11: 50 | N11: =M11*积分规则1 -> 1000 | O11: 150 | P11: =O11*积分规则1 -> 3000
B12: 氪金基金 | D12: =C12*积分规则1 -> 0 | F12: =E12*积分规则1 -> 0 | H12: =G12*积分规则1 -> 0 | J12: =I12*积分规则1 -> 0 | L12: =K12*积分规则1 -> 0 | N12: =M12*积分规则1 -> 0 | P12: =O12*积分规则1 -> 0
B13: ="使用"&抽奖道具 -> 使用月兔券 | C13: 0 | D13: =C13*积分规则3 -> 0 | E13: 50 | F13: =E13*积分规则3 -> 40.5 | G13: 175 | H13: =G13*积分规则3 -> 141.75 | I13: 175 | J13: =I13*积分规则3 -> 141.75 | K13: 175 | L13: =K13*积分规则3 -> 141.75 | M13: 175 | N13: =M13*积分规则3 -> 141.75 | O13: 606 | P13: =O13*积分规则3 -> 490.86
B14: ="剩余"&抽奖道具 -> 剩余月兔券 | C14: =C22-C13 -> 148 | E14: =C14+SUM(E4:E12)-E13 -> 241 | G14: =E14+SUM(G4:G12)-G13 -> 259 | I14: =G14+SUM(I4:I12)-I13 -> 277 | K14: =I14+SUM(K4:K12)-K13 -> 295 | M14: =K14+SUM(M4:M12)-M13 -> 313 | O14: =M14+SUM(O4:O12)-O13 -> 0
B15: 使用随机箱 | C15: 0 | D15: =C15*随机箱积分 -> 0 | E15: 0 | F15: =E15*随机箱积分 -> 0 | G15: 0 | H15: =G15*随机箱积分 -> 0 | I15: 0 | J15: =I15*随机箱积分 -> 0 | K15: 0 | L15: =K15*随机箱积分 -> 0 | M15: 0 | N15: =M15*随机箱积分 -> 0 | O15: 162 | P15: =O15*随机箱积分 -> 1661.31
B16: 剩余随机箱 | C16: =C24-SUM(C15) -> 6 | E16: =E24-SUM(C15,E15) -> 12 | G16: =G24-SUM(C15,E15,G15) -> 30 | I16: =I24-SUM(C15,E15,G15,I15) -> 48 | K16: =K24-SUM(C15,E15,G15,I15,K15) -> 66 | M16: =M24-SUM(C15,E15,G15,I15,K15,M15) -> 84 | O16: =O24-SUM(C15,E15,G15,I15,K15,M15,O15) -> 0
B17: 兑换华彩兔灯 | C17: 0 | D17: =C17*1 -> 0 | F17: =E17*1 -> 0 | H17: =G17*1 -> 0 | J17: =I17*1 -> 0 | L17: =K17*1 -> 0 | N17: =M17*1 -> 0 | O17: 100 | P17: =O17*1 -> 100
B18: 氪金华彩兔灯 | C18: 0 | D18: =C18*1 -> 0 | O18: 75 | P18: =O18*1 -> 75
B19: ？
B20: 目标档位 | C20: =IFERROR(LOOKUP(D20,档位积分1:档位积分5,第1档:第5档),"无奖励") -> 第2档 | D20: =SUM(D4:D13)+D15+SUM(D17:D19) -> 2960 | E20: =IFERROR(LOOKUP(F20,档位积分1:档位积分5,第1档:第5档),"无奖励") -> 第2档 | F20: =SUM(F4:F13)+F15+SUM(F17:F19) -> 2900.5 | G20: =IFERROR(LOOKUP(H20,档位积分1:档位积分5,第1档:第5档),"无奖励") -> 第3档 | H20: =SUM(H4:H13)+H15+SUM(H17:H19) -> 4001.75 | I20: =IFERROR(LOOKUP(J20,档位积分1:档位积分5,第1档:第5档),"无奖励") -> 第3档 | J20: =SUM(J4:J13)+J15+SUM(J17:J19) -> 4001.75 | K20: =IFERROR(LOOKUP(L20,档位积分1:档位积分5,第1档:第5档),"无奖励") -> 第3档 | L20: =SUM(L4:L13)+L15+SUM(L17:L19) -> 4001.75 | M20: =IFERROR(LOOKUP(N20,档位积分1:档位积分5,第1档:第5档),"无奖励") -> 第3档 | N20: =SUM(N4:N13)+N15+SUM(N17:N19) -> 4001.75 | O20: =IFERROR(LOOKUP(P20,档位积分1:档位积分5,第1档:第5档),"无奖励") -> 第4档 | P20: =SUM(P4:P13)+P15+SUM(P17:P19) -> 8187.17
B21: 下一档位 | C21: =IF(D20>=MAX(档位积分1:档位积分5), "已是最高档", IF(D20<MIN(档位积分1:档位积分5), INDEX(第1档:第5档, 1), INDEX(第1档:第5档, MATCH(D20, 档位积分1:档位积分5, 1)+1))) -> 第3档 | D21: =IF(D20>=MAX(档位积分1:档位积分5), "", IF(D20<MIN(档位积分1:档位积分5), MIN(档位积分1:档位积分5), INDEX(档位积分1:档位积分5, MATCH(D20, 档位积分1:档位积分5, 1)+1))) -> 4000 | E21: =IF(F20>=MAX(档位积分1:档位积分5), "已是最高档", IF(F20<MIN(档位积分1:档位积分5), INDEX(第1档:第5档, 1), INDEX(第1档:第5档, MATCH(F20, 档位积分1:档位积分5, 1)+1))) -> 第3档 | F21: =IF(F20>=MAX(档位积分1:档位积分5), "", IF(F20<MIN(档位积分1:档位积分5), MIN(档位积分1:档位积分5), INDEX(档位积分1:档位积分5, MATCH(F20, 档位积分1:档位积分5, 1)+1))) -> 4000 | G21: =IF(H20>=MAX(档位积分1:档位积分5), "已是最高档", IF(H20<MIN(档位积分1:档位积分5), INDEX(第1档:第5档, 1), INDEX(第1档:第5档, MATCH(H20, 档位积分1:档位积分5, 1)+1))) -> 第4档 | H21: =IF(H20>=MAX(档位积分1:档位积分5), "", IF(H20<MIN(档位积分1:档位积分5), MIN(档位积分1:档位积分5), INDEX(档位积分1:档位积分5, MATCH(H20, 档位积分1:档位积分5, 1)+1))) -> 7500 | I21: =IF(J20>=MAX(档位积分1:档位积分5), "已是最高档", IF(J20<MIN(档位积分1:档位积分5), INDEX(第1档:第5档, 1), INDEX(第1档:第5档, MATCH(J20, 档位积分1:档位积分5, 1)+1))) -> 第4档 | J21: =IF(J20>=MAX(档位积分1:档位积分5), "", IF(J20<MIN(档位积分1:档位积分5), MIN(档位积分1:档位积分5), INDEX(档位积分1:档位积分5, MATCH(J20, 档位积分1:档位积分5, 1)+1))) -> 7500 | K21: =IF(L20>=MAX(档位积分1:档位积分5), "已是最高档", IF(L20<MIN(档位积分1:档位积分5), INDEX(第1档:第5档, 1), INDEX(第1档:第5档, MATCH(L20, 档位积分1:档位积分5, 1)+1))) -> 第4档 | L21: =IF(L20>=MAX(档位积分1:档位积分5), "", IF(L20<MIN(档位积分1:档位积分5), MIN(档位积分1:档位积分5), INDEX(档位积分1:档位积分5, MATCH(L20, 档位积分1:档位积分5, 1)+1))) -> 7500 | M21: =IF(N20>=MAX(档位积分1:档位积分5), "已是最高档", IF(N20<MIN(档位积分1:档位积分5), INDEX(第1档:第5档, 1), INDEX(第1档:第5档, MATCH(N20, 档位积分1:档位积分5, 1)+1))) -> 第4档 | N21: =IF(N20>=MAX(档位积分1:档位积分5), "", IF(N20<MIN(档位积分1:档位积分5), MIN(档位积分1:档位积分5), INDEX(档位积分1:档位积分5, MATCH(N20, 档位积分1:档位积分5, 1)+1))) -> 7500 | O21: =IF(P20>=MAX(档位积分1:档位积分5), "已是最高档", IF(P20<MIN(档位积分1:档位积分5), INDEX(第1档:第5档, 1), INDEX(第1档:第5档, MATCH(P20, 档位积分1:档位积分5, 1)+1))) -> 第5档 | P21: =IF(P20>=MAX(档位积分1:档位积分5), "", IF(P20<MIN(档位积分1:档位积分5), MIN(档位积分1:档位积分5), INDEX(档位积分1:档位积分5, MATCH(P20, 档位积分1:档位积分5, 1)+1))) -> 12200
B22: ="总"&抽奖道具 -> 总月兔券 | C22: =SUM(C4:C12) -> 148 | D22: =C22*积分规则3 -> 119.88 | E22: =C22+SUM(E4:E12) -> 291 | F22: 0 | G22: =E22+SUM(G4:G12) -> 484 | H22: 0 | I22: =G22+SUM(I4:I12) -> 677 | J22: 0 | K22: =I22+SUM(K4:K12) -> 870 | L22: 0 | M22: =K22+SUM(M4:M12) -> 1063 | N22: 0 | O22: =M22+SUM(O4:O12) -> 1356 | P22: 0
B23: 总使用鱼饵 | C23: =C13 -> 0 | E23: =C23+E13 -> 50 | G23: =G13+E23 -> 225 | I23: =I13+G23 -> 400 | K23: =K13+I23 -> 575 | M23: =M13+K23 -> 750 | O23: =O13+M23 -> 1356
B24: 总随机箱 | C24: =IFERROR(LOOKUP(D20,档位积分1:档位积分5,档位奖励1:档位奖励5),0) -> 6 | D24: =C24*随机箱积分 -> 61.53 | E24: =IFERROR(LOOKUP(F20,档位积分1:档位积分5,档位奖励1:档位奖励5),0)+C24 -> 12 | F24: =E24*随机箱积分 -> 123.06 | G24: =IFERROR(LOOKUP(H20,档位积分1:档位积分5,档位奖励1:档位奖励5),0)+E24 -> 30 | H24: =G24*随机箱积分 -> 307.65 | I24: =IFERROR(LOOKUP(J20,档位积分1:档位积分5,档位奖励1:档位奖励5),0)+G24 -> 48 | J24: =I24*随机箱积分 -> 492.24 | K24: =IFERROR(LOOKUP(L20,档位积分1:档位积分5,档位奖励1:档位奖励5),0)+I24 -> 66 | L24: =K24*随机箱积分 -> 676.83 | M24: =IFERROR(LOOKUP(N20,档位积分1:档位积分5,档位奖励1:档位奖励5),0)+K24 -> 84 | N24: =M24*随机箱积分 -> 861.42 | O24: =IFERROR(LOOKUP(P20,档位积分1:档位积分5,档位奖励1:档位奖励5),0)+M24 -> 162 | P24: =O24*随机箱积分 -> 1661.31
B25: =普通兑换道具 -> 桃花兔灯 | C25: =C13*普通兑换道具抽奖期望 -> 0 | E25: =E13*普通兑换道具抽奖期望+C25 -> 2750 | G25: =G13*普通兑换道具抽奖期望+E25 -> 12375 | I25: =I13*普通兑换道具抽奖期望+G25 -> 22000 | K25: =K13*普通兑换道具抽奖期望+I25 -> 31625 | M25: =M13*普通兑换道具抽奖期望+K25 -> 41250 | O25: =O13*普通兑换道具抽奖期望+M25-2900 -> 71680
B26: =高级兑换道具 -> 华彩兔灯 | C26: =C13*高级兑换道具抽奖期望+C15*随机箱高级道具期望+C17 -> 0 | E26: =E13*高级兑换道具抽奖期望+E15*随机箱高级道具期望+C26+E17 -> 40.5 | G26: =G13*高级兑换道具抽奖期望+G15*随机箱高级道具期望+E26+G17 -> 182.25 | I26: =I13*高级兑换道具抽奖期望+I15*随机箱高级道具期望+G26+I17 -> 324 | K26: =K13*高级兑换道具抽奖期望+K15*随机箱高级道具期望+I26+K17 -> 465.75 | M26: =M13*高级兑换道具抽奖期望+M15*随机箱高级道具期望+K26+M17 -> 607.5 | O26: =O13*高级兑换道具抽奖期望+O15*随机箱高级道具期望+M26+O17+O18 -> 2934.67
B27: 氪金RMB | C27: 0 | D27: 0 | E27: 0 | F27: 0 | G27: 30 | H27: 68 | I27: 30 | J27: 68 | K27: 30 | L27: 68 | M27: 30 | N27: 68 | O27: 30 | P27: 68
C28: 0 | D28: 0 | E28: 0 | F28: 0 | G28: 0 | H28: 0 | I28: 0 | J28: 0 | K28: 0 | L28: 0 | M28: 0 | N28: 0 | O28: 68 | P28: 328
B30: 氪金翡翠 | C30: =IFERROR(LOOKUP(C27,价格6:价格648,翡翠100:翡翠10000),0) -> 0 | D30: =IFERROR(LOOKUP(D27,价格6:价格648,翡翠100:翡翠10000),0) -> 0 | E30: =IFERROR(LOOKUP(E27,价格6:价格648,翡翠100:翡翠10000),0) -> 0 | F30: =IFERROR(LOOKUP(F27,价格6:价格648,翡翠100:翡翠10000),0) -> 0 | G30: =IFERROR(LOOKUP(G27,价格6:价格648,翡翠100:翡翠10000),0) -> 500 | H30: =IFERROR(LOOKUP(H27,价格6:价格648,翡翠100:翡翠10000),0) -> 1000 | I30: =IFERROR(LOOKUP(I27,价格6:价格648,翡翠100:翡翠10000),0) -> 500 | J30: =IFERROR(LOOKUP(J27,价格6:价格648,翡翠100:翡翠10000),0) -> 1000 | ... P30: =IFERROR(LOOKUP(P27,价格6:价格648,翡翠100:翡翠10000),0) -> 1000
C31: =IFERROR(LOOKUP(C28,价格6:价格648,翡翠100:翡翠10000),0) -> 0 | D31: =IFERROR(LOOKUP(D28,价格6:价格648,翡翠100:翡翠10000),0) -> 0 | E31: =IFERROR(LOOKUP(E28,价格6:价格648,翡翠100:翡翠10000),0) -> 0 | F31: =IFERROR(LOOKUP(F28,价格6:价格648,翡翠100:翡翠10000),0) -> 0 | G31: =IFERROR(LOOKUP(G28,价格6:价格648,翡翠100:翡翠10000),0) -> 0 | H31: =IFERROR(LOOKUP(H28,价格6:价格648,翡翠100:翡翠10000),0) -> 0 | I31: =IFERROR(LOOKUP(I28,价格6:价格648,翡翠100:翡翠10000),0) -> 0 | J31: =IFERROR(LOOKUP(J28,价格6:价格648,翡翠100:翡翠10000),0) -> 0 | ... P31: =IFERROR(LOOKUP(P28,价格6:价格648,翡翠100:翡翠10000),0) -> 5000
B33: 总体策略 | C33: =SUM(C6,E6,G6,I6,K6,M6,O6)*钻石购买 -> 105000 | I33: =SUM(C27:P29) &"元" -> 886元 | M33: =SUM(C30:P32) & "翡翠" -> 13500翡翠
C34: ="最终收益："&ROUNDDOWN(O26,0)&B26&"+"&ROUNDDOWN(O25,0)&B25 -> 最终收益：2934华彩兔灯+71680桃花兔灯

Sheet 月兔寻宝13500翡翠氪金攻略图
B2: 月兔寻宝｜13500翡翠氪金攻略(2秘宝)
B3: 预算 | D3: ="期望"&普通兑换道具 -> 期望桃花兔灯 | G3: ="期望"&高级兑换道具 -> 期望华彩兔灯
B5: 105000钻石+13500翡翠 | D5: =月兔寻宝13500翡翠氪金攻略!O25 -> 71680 | G5: =月兔寻宝13500翡翠氪金攻略!O26 -> 2934.67
B6: 可兑换： 汉谟拉比法典×1 + 罗塞塔石碑×1 + 至尊自选箱×1 + 觉醒核心自选箱×2
A8: 特殊日 | B8: 天数 | C8: 今天只做这些 | D8: =月兔寻宝13500翡翠氪金攻略!B20 -> 目标档位 | E8: =月兔寻宝13500翡翠氪金攻略!B13 -> 使用月兔券 | F8: =月兔寻宝13500翡翠氪金攻略!B14 -> 剩余月兔券 | G8: =月兔寻宝13500翡翠氪金攻略!B16 -> 剩余随机箱 | H8: ="期望"&普通兑换道具 -> 期望桃花兔灯 | I8: ="期望"&高级兑换道具 -> 期望华彩兔灯 | J8: 当日档位积分
B9: Day1 | C9: ① 进活动页面送5月兔券 ② 任务43券+钻石购买100券 ③ 今日不刮即可第2档 | D9: =月兔寻宝13500翡翠氪金攻略!C20 -> 第2档 | E9: =月兔寻宝13500翡翠氪金攻略!C13 -> 0 | F9: =月兔寻宝13500翡翠氪金攻略!C14 -> 148 | G9: =月兔寻宝13500翡翠氪金攻略!C16 -> 6 | H9: =月兔寻宝13500翡翠氪金攻略!C25 -> 0 | I9: =月兔寻宝13500翡翠氪金攻略!C26 -> 0 | J9: =月兔寻宝13500翡翠氪金攻略!D20 -> 2960
B10: Day2 | C10: ① 任务43券+钻石购买100券 ② 用约50券抽到40华彩兔灯 | D10: =月兔寻宝13500翡翠氪金攻略!E20 -> 第2档 | E10: =月兔寻宝13500翡翠氪金攻略!E13 -> 50 | F10: =月兔寻宝13500翡翠氪金攻略!E14 -> 241 | G10: =月兔寻宝13500翡翠氪金攻略!E16 -> 12 | H10: =月兔寻宝13500翡翠氪金攻略!E25 -> 2750 | I10: =月兔寻宝13500翡翠氪金攻略!E26 -> 40.5 | J10: =月兔寻宝13500翡翠氪金攻略!F20 -> 2900.5
A11: 氪金日 | B11: Day3 | C11: ① 任务43券+钻石购买100券 ② 氪金购买月兔券礼包Ⅰ、Ⅱ得50券 ③ 用约175券抽到140华彩兔灯 | D11: =月兔寻宝13500翡翠氪金攻略!G20 -> 第3档 | E11: =月兔寻宝13500翡翠氪金攻略!G13 -> 175 | F11: =月兔寻宝13500翡翠氪金攻略!G14 -> 259 | G11: =月兔寻宝13500翡翠氪金攻略!G16 -> 30 | H11: =月兔寻宝13500翡翠氪金攻略!G25 -> 12375 | I11: =月兔寻宝13500翡翠氪金攻略!G26 -> 182.25 | J11: =月兔寻宝13500翡翠氪金攻略!H20 -> 4001.75
A12: 氪金日 | B12: Day4 | C12: ① 任务43券+钻石购买100券 ② 氪金购买月兔券礼包Ⅰ、Ⅱ得50券 ③ 用约175券抽到140华彩兔灯 | D12: =月兔寻宝13500翡翠氪金攻略!I20 -> 第3档 | E12: =月兔寻宝13500翡翠氪金攻略!I13 -> 175 | F12: =月兔寻宝13500翡翠氪金攻略!I14 -> 277 | G12: =月兔寻宝13500翡翠氪金攻略!I16 -> 48 | H12: =月兔寻宝13500翡翠氪金攻略!I25 -> 22000 | I12: =月兔寻宝13500翡翠氪金攻略!I26 -> 324 | J12: =月兔寻宝13500翡翠氪金攻略!J20 -> 4001.75
A13: 氪金日 | B13: Day5 | C13: ① 任务43券+钻石购买100券 ② 氪金购买月兔券礼包Ⅰ、Ⅱ得50券 ③ 用约175券抽到140华彩兔灯 | D13: =月兔寻宝13500翡翠氪金攻略!K20 -> 第3档 | E13: =月兔寻宝13500翡翠氪金攻略!K13 -> 175 | F13: =月兔寻宝13500翡翠氪金攻略!K14 -> 295 | G13: =月兔寻宝13500翡翠氪金攻略!K16 -> 66 | H13: =月兔寻宝13500翡翠氪金攻略!K25 -> 31625 | I13: =月兔寻宝13500翡翠氪金攻略!K26 -> 465.75 | J13: =月兔寻宝13500翡翠氪金攻略!L20 -> 4001.75
A14: 氪金日 | B14: Day6 | C14: ① 任务43券+钻石购买100券 ② 氪金购买月兔券礼包Ⅰ、Ⅱ得50券 ③ 用约175券抽到140华彩兔灯 | D14: =月兔寻宝13500翡翠氪金攻略!M20 -> 第3档 | E14: =月兔寻宝13500翡翠氪金攻略!M13 -> 175 | F14: =月兔寻宝13500翡翠氪金攻略!M14 -> 313 | G14: =月兔寻宝13500翡翠氪金攻略!M16 -> 84 | H14: =月兔寻宝13500翡翠氪金攻略!M25 -> 41250 | I14: =月兔寻宝13500翡翠氪金攻略!M26 -> 607.5 | J14: =月兔寻宝13500翡翠氪金攻略!N20 -> 4001.75
A15: 氪金日 | B15: Day7 | C15: ① 任务43券+钻石购买100券 ② 氪金购买月兔券礼包Ⅰ、Ⅱ、Ⅳ得150券 ③ 氪金购买华彩兔灯礼包Ⅰ得75华彩兔灯 ④ 用约606券(用完)抽到490华彩兔灯 ⑤ 商店兑换100华彩兔灯、用完所有随机箱 | D15: =月兔寻宝13500翡翠氪金攻略!O20 -> 第4档 | E15: =月兔寻宝13500翡翠氪金攻略!O13 -> 606 | F15: =月兔寻宝13500翡翠氪金攻略!O14 -> 0 | G15: =月兔寻宝13500翡翠氪金攻略!O16 -> 0 | H15: =月兔寻宝13500翡翠氪金攻略!O25 -> 71680 | I15: =月兔寻宝13500翡翠氪金攻略!O26 -> 2934.67 | J15: =月兔寻宝13500翡翠氪金攻略!P20 -> 8187.17
B17: 风险提示
B18: 担心运气不好得话，可以Day1或Day2额外花500翡翠购买20张券 第3~6天尽量控制在175券以内，第4第5行奖励只有材料或桃花兔灯×80/×100的时候考虑提前结算奖励 第7天不要提前开随机箱和商店兑换华彩兔灯，拉高了比例可能会导致抽奖进入抑制模式降低整体概率 提前算好自己还有几张券能开几轮，正常1轮6券、至少要4张券才能结算1轮，不够得话无法拿到奖励
B19: .
